read_id	my_status	my_rname	my_pos	my_mismatches	my_num_hits
ILLUMINA-075005_0053_FC:3:1:3920:1058#0	unique	2R	12759819	1	1
ILLUMINA-075005_0053_FC:3:1:6129:1058#0	unique	X	7738053	1	1
ILLUMINA-075005_0053_FC:3:1:6263:1058#0	unique	2R	23881277	1	1
ILLUMINA-075005_0053_FC:3:1:7383:1059#0	unique	2L	21172619	1	1
ILLUMINA-075005_0053_FC:3:1:8419:1059#0	unique	3L	17847565	1	1
ILLUMINA-075005_0053_FC:3:1:8800:1058#0	unique	2R	10820734	1	1
ILLUMINA-075005_0053_FC:3:1:8862:1058#0	unique	2L	13922144	2	1
ILLUMINA-075005_0053_FC:3:1:11306:1058#0	unique	3L	1566948	1	1
ILLUMINA-075005_0053_FC:3:1:11347:1058#0	unique	2R	22640781	2	1
ILLUMINA-075005_0053_FC:3:1:1727:1067#0	unique	3R	29220874	0	1
ILLUMINA-075005_0053_FC:3:1:1993:1067#0	unique	2R	15858208	0	1
ILLUMINA-075005_0053_FC:3:1:2462:1066#0	unique	3L	8125975	0	1
ILLUMINA-075005_0053_FC:3:1:2685:1060#0	unique	3L	17238796	1	1
ILLUMINA-075005_0053_FC:3:1:2720:1061#0	unique	3R	14733164	1	1
ILLUMINA-075005_0053_FC:3:1:3174:1068#0	unique	2R	15858492	0	1
ILLUMINA-075005_0053_FC:3:1:3441:1068#0	unique	2R	15544339	0	1
ILLUMINA-075005_0053_FC:3:1:3513:1062#0	unique	X	7934600	0	1
ILLUMINA-075005_0053_FC:3:1:3542:1068#0	unique	3R	7087515	1	1
ILLUMINA-075005_0053_FC:3:1:3659:1062#0	unique	2R	19448102	1	1
ILLUMINA-075005_0053_FC:3:1:3695:1062#0	unique	3R	21360447	0	1
ILLUMINA-075005_0053_FC:3:1:3783:1069#0	unique	2R	24171509	0	1
ILLUMINA-075005_0053_FC:3:1:3966:1066#0	unique	X	6531140	0	1
ILLUMINA-075005_0053_FC:3:1:4158:1063#0	unique	3L	18899721	0	1
ILLUMINA-075005_0053_FC:3:1:4647:1062#0	unique	3R	26053351	0	1
ILLUMINA-075005_0053_FC:3:1:4696:1061#0	unique	2R	7673726	0	1
ILLUMINA-075005_0053_FC:3:1:5223:1064#0	unique	3L	16094374	1	1
ILLUMINA-075005_0053_FC:3:1:5757:1063#0	unique	3R	27090305	0	1
ILLUMINA-075005_0053_FC:3:1:5954:1063#0	unique	3L	8327050	1	1
ILLUMINA-075005_0053_FC:3:1:6731:1063#0	unique	3L	3195466	0	1
ILLUMINA-075005_0053_FC:3:1:6765:1062#0	unique	3R	15266278	0	1
ILLUMINA-075005_0053_FC:3:1:7137:1070#0	unique	3R	9358835	0	1
ILLUMINA-075005_0053_FC:3:1:7242:1070#0	unique	X	9159594	0	1
ILLUMINA-075005_0053_FC:3:1:7857:1060#0	unique	3R	32057298	0	1
ILLUMINA-075005_0053_FC:3:1:8921:1070#0	unique	X	15868883	0	1
ILLUMINA-075005_0053_FC:3:1:9314:1067#0	unique	2R	13497623	0	1
ILLUMINA-075005_0053_FC:3:1:9468:1059#0	unique	X	7934492	1	1
ILLUMINA-075005_0053_FC:3:1:9491:1064#0	unique	3R	15440639	0	1
ILLUMINA-075005_0053_FC:3:1:9517:1059#0	unique	2L	3517025	1	1
ILLUMINA-075005_0053_FC:3:1:10080:1061#0	unique	4	66295	0	1
ILLUMINA-075005_0053_FC:3:1:10460:1066#0	unique	2R	8892721	0	1
ILLUMINA-075005_0053_FC:3:1:10807:1068#0	unique	3L	11133364	0	1
ILLUMINA-075005_0053_FC:3:1:11563:1067#0	unique	3L	11992076	0	1
ILLUMINA-075005_0053_FC:3:1:11873:1062#0	unique	2R	17546760	0	1
ILLUMINA-075005_0053_FC:3:1:12472:1059#0	unique	X	19598484	0	1
ILLUMINA-075005_0053_FC:3:1:12624:1062#0	unique	3L	16583540	0	1
ILLUMINA-075005_0053_FC:3:1:12971:1069#0	unique	3R	7253466	0	1
ILLUMINA-075005_0053_FC:3:1:13269:1068#0	unique	3L	3718765	0	1
ILLUMINA-075005_0053_FC:3:1:14146:1064#0	unique	3R	22016880	0	1
ILLUMINA-075005_0053_FC:3:1:15199:1059#0	unique	2L	13922109	1	1
ILLUMINA-075005_0053_FC:3:1:16382:1061#0	unique	X	2026018	0	1
ILLUMINA-075005_0053_FC:3:1:16841:1060#0	unique	3L	16611508	0	1
ILLUMINA-075005_0053_FC:3:1:16883:1069#0	unique	3L	16307854	0	1
ILLUMINA-075005_0053_FC:3:1:16958:1061#0	unique	X	17143686	0	1
ILLUMINA-075005_0053_FC:3:1:17219:1070#0	unique	2R	21071591	3	1
ILLUMINA-075005_0053_FC:3:1:17273:1059#0	unique	3L	1667614	1	1
ILLUMINA-075005_0053_FC:3:1:17829:1059#0	unique	2L	6478340	1	1
ILLUMINA-075005_0053_FC:3:1:17924:1065#0	unique	X	1479129	0	1
ILLUMINA-075005_0053_FC:3:1:17955:1064#0	unique	3R	14327392	0	1
ILLUMINA-075005_0053_FC:3:1:18313:1060#0	unique	X	7893370	1	1
ILLUMINA-075005_0053_FC:3:1:18623:1066#0	unique	3R	26257485	0	1
ILLUMINA-075005_0053_FC:3:1:18955:1067#0	unique	2R	11146516	0	1
ILLUMINA-075005_0053_FC:3:1:19343:1060#0	unique	3R	9778926	0	1
ILLUMINA-075005_0053_FC:3:1:19458:1069#0	unique	2R	16570226	0	1
ILLUMINA-075005_0053_FC:3:1:19572:1066#0	unique	2R	8129666	1	1
ILLUMINA-075005_0053_FC:3:1:19606:1061#0	unique	X	21318387	0	1
ILLUMINA-075005_0053_FC:3:1:1340:1071#0	unique	X	16286877	1	1
ILLUMINA-075005_0053_FC:3:1:2272:1072#0	unique	3L	21986971	0	1
ILLUMINA-075005_0053_FC:3:1:2505:1076#0	unique	3L	13024682	0	1
ILLUMINA-075005_0053_FC:3:1:2894:1076#0	unique	X	10461103	0	1
ILLUMINA-075005_0053_FC:3:1:3124:1073#0	unique	2R	22717569	0	1
ILLUMINA-075005_0053_FC:3:1:3679:1079#0	unique	X	6258300	0	1
ILLUMINA-075005_0053_FC:3:1:4021:1080#0	unique	2L	13921637	0	1
ILLUMINA-075005_0053_FC:3:1:5009:1080#0	unique	3L	9049267	0	1
ILLUMINA-075005_0053_FC:3:1:5050:1082#0	unique	2R	7791956	0	1
ILLUMINA-075005_0053_FC:3:1:5106:1078#0	unique	2L	9700181	1	1
ILLUMINA-075005_0053_FC:3:1:5205:1071#0	unique	2R	13872837	0	1
ILLUMINA-075005_0053_FC:3:1:5567:1078#0	unique	2L	13933381	1	1
ILLUMINA-075005_0053_FC:3:1:5636:1080#0	unique	2R	16570202	0	1
ILLUMINA-075005_0053_FC:3:1:6330:1071#0	unique	X	266210	0	1
ILLUMINA-075005_0053_FC:3:1:6432:1079#0	unique	X	2172842	0	1
ILLUMINA-075005_0053_FC:3:1:6487:1081#0	unique	2R	20565390	0	1
ILLUMINA-075005_0053_FC:3:1:6505:1072#0	unique	X	6532102	0	1
ILLUMINA-075005_0053_FC:3:1:7344:1075#0	unique	2R	18820719	0	1
ILLUMINA-075005_0053_FC:3:1:7500:1079#0	multi				6
ILLUMINA-075005_0053_FC:3:1:7528:1082#0	unique	2L	10241659	0	1
ILLUMINA-075005_0053_FC:3:1:7631:1076#0	unique	3L	8602273	0	1
ILLUMINA-075005_0053_FC:3:1:8505:1073#0	unique	2R	21070559	0	1
ILLUMINA-075005_0053_FC:3:1:8967:1079#0	unique	3R	18687633	2	1
ILLUMINA-075005_0053_FC:3:1:9018:1071#0	unique	2R	24009674	0	1
ILLUMINA-075005_0053_FC:3:1:9891:1072#0	unique	2R	22640818	0	1
ILLUMINA-075005_0053_FC:3:1:9949:1074#0	multi				2
ILLUMINA-075005_0053_FC:3:1:10048:1078#0	unique	2R	10470086	2	1
ILLUMINA-075005_0053_FC:3:1:10142:1075#0	unique	3R	19027816	0	1
ILLUMINA-075005_0053_FC:3:1:10190:1077#0	unique	X	16286923	0	1
ILLUMINA-075005_0053_FC:3:1:10560:1079#0	unique	2L	6934091	3	1
ILLUMINA-075005_0053_FC:3:1:10593:1078#0	unique	3R	27658629	0	1
ILLUMINA-075005_0053_FC:3:1:10859:1080#0	unique	2R	9587616	0	1
ILLUMINA-075005_0053_FC:3:1:10881:1079#0	unique	3L	8326927	0	1
ILLUMINA-075005_0053_FC:3:1:11201:1080#0	unique	2L	561031	0	1
ILLUMINA-075005_0053_FC:3:1:11491:1080#0	multi				7
ILLUMINA-075005_0053_FC:3:1:11782:1074#0	unique	3R	15178392	0	1
ILLUMINA-075005_0053_FC:3:1:12221:1076#0	unique	2L	16777347	0	1
ILLUMINA-075005_0053_FC:3:1:12315:1080#0	unique	2L	13922244	1	1
ILLUMINA-075005_0053_FC:3:1:12404:1075#0	unique	X	628407	1	1
ILLUMINA-075005_0053_FC:3:1:13599:1075#0	unique	3R	29896804	0	1
ILLUMINA-075005_0053_FC:3:1:13702:1076#0	unique	3L	16126101	0	1
ILLUMINA-075005_0053_FC:3:1:13990:1075#0	multi				6
ILLUMINA-075005_0053_FC:3:1:14163:1075#0	unique	2L	2746910	0	1
ILLUMINA-075005_0053_FC:3:1:14506:1073#0	unique	2L	8126215	1	1
ILLUMINA-075005_0053_FC:3:1:14529:1078#0	unique	3R	11223918	0	1
ILLUMINA-075005_0053_FC:3:1:14875:1076#0	unique	3L	11823915	0	1
ILLUMINA-075005_0053_FC:3:1:14978:1079#0	unique	2R	23548677	0	1
ILLUMINA-075005_0053_FC:3:1:15040:1082#0	unique	X	21318848	0	1
ILLUMINA-075005_0053_FC:3:1:15115:1073#0	unique	2R	17408259	0	1
ILLUMINA-075005_0053_FC:3:1:15168:1078#0	unique	3R	9400772	0	1
ILLUMINA-075005_0053_FC:3:1:15924:1076#0	unique	3R	20965961	0	1
ILLUMINA-075005_0053_FC:3:1:16397:1075#0	unique	2R	13237712	2	1
ILLUMINA-075005_0053_FC:3:1:16425:1082#0	unique	3R	14394396	0	1
ILLUMINA-075005_0053_FC:3:1:16455:1072#0	unique	2R	18820333	1	1
ILLUMINA-075005_0053_FC:3:1:16527:1076#0	unique	3L	19536581	0	1
ILLUMINA-075005_0053_FC:3:1:16670:1074#0	unique	3L	6331357	0	1
ILLUMINA-075005_0053_FC:3:1:16713:1074#0	unique	3R	27079316	0	1
ILLUMINA-075005_0053_FC:3:1:17716:1074#0	unique	3R	26257057	0	1
ILLUMINA-075005_0053_FC:3:1:18094:1076#0	unique	2R	6627193	0	1
ILLUMINA-075005_0053_FC:3:1:18500:1073#0	unique	2R	12611040	1	1
ILLUMINA-075005_0053_FC:3:1:18600:1074#0	unique	3L	9636277	0	1
ILLUMINA-075005_0053_FC:3:1:19297:1079#0	unique	3R	27955996	0	1
ILLUMINA-075005_0053_FC:3:1:1349:1093#0	unique	X	18105720	0	1
ILLUMINA-075005_0053_FC:3:1:1808:1091#0	unique	2L	13945109	0	1
ILLUMINA-075005_0053_FC:3:1:2229:1084#0	unique	2R	17430007	0	1
ILLUMINA-075005_0053_FC:3:1:2259:1092#0	multi				11
ILLUMINA-075005_0053_FC:3:1:2311:1090#0	unique	3R	30206555	0	1
ILLUMINA-075005_0053_FC:3:1:2420:1084#0	unique	2L	1606875	0	1
ILLUMINA-075005_0053_FC:3:1:2461:1087#0	unique	3R	12003327	0	1
ILLUMINA-075005_0053_FC:3:1:2612:1088#0	unique	2R	24312939	1	1
ILLUMINA-075005_0053_FC:3:1:3345:1087#0	unique	2R	18555726	2	1
ILLUMINA-075005_0053_FC:3:1:3505:1090#0	unique	3R	29934584	0	1
ILLUMINA-075005_0053_FC:3:1:3764:1087#0	unique	X	13213497	0	1
ILLUMINA-075005_0053_FC:3:1:4124:1087#0	unique	2R	18153569	0	1
ILLUMINA-075005_0053_FC:3:1:4433:1091#0	unique	2L	22247148	0	1
ILLUMINA-075005_0053_FC:3:1:4893:1087#0	unique	2L	11003680	0	1
ILLUMINA-075005_0053_FC:3:1:5150:1090#0	unique	3L	2941505	1	1
ILLUMINA-075005_0053_FC:3:1:6584:1088#0	unique	3R	29747723	1	1
ILLUMINA-075005_0053_FC:3:1:7386:1084#0	unique	2R	17093970	0	1
ILLUMINA-075005_0053_FC:3:1:7561:1094#0	unique	2L	10847434	0	1
ILLUMINA-075005_0053_FC:3:1:8545:1084#0	unique	2R	17408259	0	1
ILLUMINA-075005_0053_FC:3:1:8707:1084#0	unique	3L	16277735	0	1
ILLUMINA-075005_0053_FC:3:1:8837:1088#0	unique	3L	11823281	0	1
ILLUMINA-075005_0053_FC:3:1:9607:1090#0	unique	3L	9050049	0	1
ILLUMINA-075005_0053_FC:3:1:10464:1088#0	unique	2L	21678272	0	1
ILLUMINA-075005_0053_FC:3:1:10651:1094#0	unique	3R	30045346	0	1
ILLUMINA-075005_0053_FC:3:1:10977:1093#0	unique	2L	12106018	0	1
ILLUMINA-075005_0053_FC:3:1:10996:1084#0	unique	2R	7148172	0	1
ILLUMINA-075005_0053_FC:3:1:11162:1085#0	unique	3L	5775232	1	1
ILLUMINA-075005_0053_FC:3:1:11316:1091#0	unique	3L	3816818	1	1
ILLUMINA-075005_0053_FC:3:1:11356:1088#0	unique	3R	24829432	0	1
ILLUMINA-075005_0053_FC:3:1:11723:1083#0	unique	X	143087	0	1
ILLUMINA-075005_0053_FC:3:1:11743:1083#0	unique	2L	13945532	0	1
ILLUMINA-075005_0053_FC:3:1:11849:1088#0	unique	X	18859496	0	1
ILLUMINA-075005_0053_FC:3:1:11870:1083#0	unique	2R	22854718	0	1
ILLUMINA-075005_0053_FC:3:1:11897:1094#0	unique	3R	14814544	0	1
ILLUMINA-075005_0053_FC:3:1:12157:1084#0	unique	2R	16793121	0	1
ILLUMINA-075005_0053_FC:3:1:12622:1088#0	unique	3R	30208264	0	1
ILLUMINA-075005_0053_FC:3:1:12657:1085#0	unique	3R	11215414	0	1
ILLUMINA-075005_0053_FC:3:1:13123:1091#0	unique	2L	13945862	1	1
ILLUMINA-075005_0053_FC:3:1:13208:1083#0	unique	X	15139020	0	1
ILLUMINA-075005_0053_FC:3:1:13743:1093#0	unique	2L	3378387	1	1
ILLUMINA-075005_0053_FC:3:1:14111:1093#0	unique	2R	17409775	1	1
ILLUMINA-075005_0053_FC:3:1:14759:1087#0	unique	2L	4228316	1	1
ILLUMINA-075005_0053_FC:3:1:15564:1083#0	unique	2R	22802045	0	1
ILLUMINA-075005_0053_FC:3:1:16047:1093#0	unique	3R	15441902	0	1
ILLUMINA-075005_0053_FC:3:1:16125:1086#0	unique	2R	17408273	0	1
ILLUMINA-075005_0053_FC:3:1:16272:1088#0	unique	X	6348773	0	1
ILLUMINA-075005_0053_FC:3:1:16741:1085#0	unique	3R	27083532	0	1
ILLUMINA-075005_0053_FC:3:1:16866:1085#0	unique	2R	17867393	1	1
ILLUMINA-075005_0053_FC:3:1:17263:1083#0	unique	3L	13418213	1	1
ILLUMINA-075005_0053_FC:3:1:17492:1083#0	unique	3R	18228509	0	1
ILLUMINA-075005_0053_FC:3:1:18375:1084#0	unique	3R	6386701	1	1
ILLUMINA-075005_0053_FC:3:1:18691:1091#0	multi				2
ILLUMINA-075005_0053_FC:3:1:18794:1091#0	unique	2L	19959323	0	1
ILLUMINA-075005_0053_FC:3:1:18876:1082#0	unique	3L	20496391	0	1
ILLUMINA-075005_0053_FC:3:1:19126:1092#0	multi				3
ILLUMINA-075005_0053_FC:3:1:19649:1085#0	unique	2R	22801726	0	1
ILLUMINA-075005_0053_FC:3:1:19725:1091#0	unique	3L	16277879	0	1
ILLUMINA-075005_0053_FC:3:1:2037:1100#0	unique	X	18878791	0	1
ILLUMINA-075005_0053_FC:3:1:3621:1099#0	unique	3L	9834244	0	1
ILLUMINA-075005_0053_FC:3:1:3887:1103#0	unique	2L	16777320	0	1
ILLUMINA-075005_0053_FC:3:1:4256:1098#0	unique	2R	16782280	0	1
ILLUMINA-075005_0053_FC:3:1:4305:1102#0	unique	X	1373595	0	1
ILLUMINA-075005_0053_FC:3:1:4466:1095#0	unique	3R	21624047	0	1
ILLUMINA-075005_0053_FC:3:1:4494:1105#0	unique	3R	8675076	0	1
ILLUMINA-075005_0053_FC:3:1:4665:1096#0	unique	X	8248717	0	1
ILLUMINA-075005_0053_FC:3:1:4846:1105#0	unique	X	16615066	0	1
ILLUMINA-075005_0053_FC:3:1:5008:1098#0	unique	2L	13922349	0	1
ILLUMINA-075005_0053_FC:3:1:5085:1104#0	unique	2L	9953782	0	1
ILLUMINA-075005_0053_FC:3:1:5235:1097#0	unique	3R	30011805	0	1
ILLUMINA-075005_0053_FC:3:1:5301:1099#0	unique	3R	29220481	1	1
ILLUMINA-075005_0053_FC:3:1:5406:1105#0	unique	2L	6666618	0	1
ILLUMINA-075005_0053_FC:3:1:5613:1096#0	unique	2R	20264591	1	1
ILLUMINA-075005_0053_FC:3:1:5822:1095#0	unique	3L	13043792	0	1
ILLUMINA-075005_0053_FC:3:1:6113:1098#0	unique	3L	8327188	0	1
ILLUMINA-075005_0053_FC:3:1:6160:1097#0	unique	4	656685	0	1
ILLUMINA-075005_0053_FC:3:1:6224:1102#0	unique	3L	20423656	0	1
ILLUMINA-075005_0053_FC:3:1:6602:1104#0	unique	3L	19883393	1	1
ILLUMINA-075005_0053_FC:3:1:6869:1102#0	unique	2R	17546461	1	1
ILLUMINA-075005_0053_FC:3:1:6985:1098#0	unique	2R	22854703	0	1
ILLUMINA-075005_0053_FC:3:1:7207:1104#0	unique	4	66293	0	1
ILLUMINA-075005_0053_FC:3:1:7429:1100#0	unique	3R	5466164	0	1
ILLUMINA-075005_0053_FC:3:1:7948:1104#0	unique	3L	9376522	1	1
ILLUMINA-075005_0053_FC:3:1:8293:1098#0	unique	3R	8346179	1	1
ILLUMINA-075005_0053_FC:3:1:9285:1097#0	unique	3L	5601993	0	1
ILLUMINA-075005_0053_FC:3:1:9826:1097#0	unique	3L	23093669	0	1
ILLUMINA-075005_0053_FC:3:1:9924:1104#0	unique	X	10781063	0	1
ILLUMINA-075005_0053_FC:3:1:10841:1101#0	unique	3R	17041166	0	1
ILLUMINA-075005_0053_FC:3:1:11555:1095#0	unique	2L	7826868	0	1
ILLUMINA-075005_0053_FC:3:1:11864:1103#0	unique	2L	16788654	0	1
ILLUMINA-075005_0053_FC:3:1:12018:1095#0	unique	2R	17546840	0	1
ILLUMINA-075005_0053_FC:3:1:12212:1097#0	unique	3L	9050284	0	1
ILLUMINA-075005_0053_FC:3:1:12362:1095#0	unique	2R	18146225	1	1
ILLUMINA-075005_0053_FC:3:1:12675:1100#0	unique	3R	30003707	0	1
ILLUMINA-075005_0053_FC:3:1:12707:1102#0	unique	3L	9973202	0	1
ILLUMINA-075005_0053_FC:3:1:13245:1104#0	unique	3L	19990506	0	1
ILLUMINA-075005_0053_FC:3:1:13298:1097#0	unique	X	11707222	0	1
ILLUMINA-075005_0053_FC:3:1:14150:1106#0	unique	3L	22076997	1	1
ILLUMINA-075005_0053_FC:3:1:15208:1101#0	unique	3R	30045347	1	1
ILLUMINA-075005_0053_FC:3:1:15425:1098#0	unique	X	3339439	0	1
ILLUMINA-075005_0053_FC:3:1:15490:1097#0	unique	3L	12220312	0	1
ILLUMINA-075005_0053_FC:3:1:15619:1101#0	unique	X	6531990	1	1
ILLUMINA-075005_0053_FC:3:1:16202:1099#0	unique	2R	22640602	0	1
ILLUMINA-075005_0053_FC:3:1:16293:1101#0	unique	3L	9049606	0	1
ILLUMINA-075005_0053_FC:3:1:16333:1094#0	unique	2R	17409510	3	1
ILLUMINA-075005_0053_FC:3:1:16481:1103#0	unique	X	13596562	0	1
ILLUMINA-075005_0053_FC:3:1:16819:1095#0	unique	3L	9428904	1	1
ILLUMINA-075005_0053_FC:3:1:17073:1096#0	unique	2R	19447327	0	1
ILLUMINA-075005_0053_FC:3:1:17292:1105#0	unique	3R	15331058	0	1
ILLUMINA-075005_0053_FC:3:1:17404:1099#0	unique	X	18098649	0	1
ILLUMINA-075005_0053_FC:3:1:17508:1098#0	unique	X	19493191	1	1
ILLUMINA-075005_0053_FC:3:1:17644:1105#0	unique	3L	8327000	0	1
ILLUMINA-075005_0053_FC:3:1:17882:1101#0	unique	3R	29747783	0	1
ILLUMINA-075005_0053_FC:3:1:18088:1101#0	unique	2L	18442741	1	1
ILLUMINA-075005_0053_FC:3:1:18603:1097#0	unique	2L	8042028	0	1
ILLUMINA-075005_0053_FC:3:1:18628:1100#0	unique	2R	17408737	2	1
ILLUMINA-075005_0053_FC:3:1:19256:1104#0	unique	3R	23355440	0	1
ILLUMINA-075005_0053_FC:3:1:19340:1095#0	unique	X	2026691	2	1
ILLUMINA-075005_0053_FC:3:1:1126:1117#0	unique	2L	2579319	0	1
ILLUMINA-075005_0053_FC:3:1:1782:1114#0	unique	X	1369904	1	1
ILLUMINA-075005_0053_FC:3:1:2557:1116#0	unique	3R	7088653	0	1
ILLUMINA-075005_0053_FC:3:1:2763:1116#0	unique	2L	1726243	0	1
ILLUMINA-075005_0053_FC:3:1:2837:1115#0	unique	3L	8640653	0	1
ILLUMINA-075005_0053_FC:3:1:2857:1116#0	unique	3L	20351585	0	1
ILLUMINA-075005_0053_FC:3:1:2955:1108#0	unique	3R	29862827	0	1
ILLUMINA-075005_0053_FC:3:1:3184:1116#0	unique	2R	8913718	0	1
ILLUMINA-075005_0053_FC:3:1:3277:1115#0	unique	3R	4777973	0	1
ILLUMINA-075005_0053_FC:3:1:3963:1107#0	unique	X	1890984	0	1
ILLUMINA-075005_0053_FC:3:1:3981:1113#0	unique	2R	19442935	0	1
ILLUMINA-075005_0053_FC:3:1:4159:1106#0	unique	3R	29105134	1	1
ILLUMINA-075005_0053_FC:3:1:4241:1111#0	unique	3L	17025506	0	1
ILLUMINA-075005_0053_FC:3:1:4626:1113#0	unique	3R	8713984	0	1
ILLUMINA-075005_0053_FC:3:1:4650:1114#0	unique	3L	16791000	0	1
ILLUMINA-075005_0053_FC:3:1:4757:1118#0	unique	2R	11284622	0	1
ILLUMINA-075005_0053_FC:3:1:4879:1113#0	unique	3L	8326985	0	1
ILLUMINA-075005_0053_FC:3:1:4961:1108#0	unique	3R	11224760	0	1
ILLUMINA-075005_0053_FC:3:1:5501:1109#0	unique	2L	9543387	0	1
ILLUMINA-075005_0053_FC:3:1:5630:1110#0	unique	2R	20264591	1	1
ILLUMINA-075005_0053_FC:3:1:6186:1110#0	unique	X	4142825	1	1
ILLUMINA-075005_0053_FC:3:1:6204:1110#0	unique	3L	8326184	0	1
ILLUMINA-075005_0053_FC:3:1:6396:1117#0	unique	3R	22372531	0	1
ILLUMINA-075005_0053_FC:3:1:6832:1107#0	unique	3R	15312852	2	1
ILLUMINA-075005_0053_FC:3:1:6892:1114#0	unique	3R	21266946	0	1
ILLUMINA-075005_0053_FC:3:1:7001:1109#0	unique	3L	19535716	1	1
ILLUMINA-075005_0053_FC:3:1:7083:1110#0	unique	2R	10708733	1	1
ILLUMINA-075005_0053_FC:3:1:7791:1115#0	unique	2L	560906	0	1
ILLUMINA-075005_0053_FC:3:1:8133:1106#0	unique	2L	16788654	0	1
ILLUMINA-075005_0053_FC:3:1:8335:1107#0	unique	2L	9968388	1	1
ILLUMINA-075005_0053_FC:3:1:8385:1113#0	unique	3R	19095730	0	1
ILLUMINA-075005_0053_FC:3:1:8876:1112#0	unique	3L	16103216	0	1
ILLUMINA-075005_0053_FC:3:1:9001:1107#0	unique	2R	6627152	0	1
ILLUMINA-075005_0053_FC:3:1:9075:1106#0	unique	3R	12401169	0	1
ILLUMINA-075005_0053_FC:3:1:9297:1115#0	unique	3R	29863499	0	1
ILLUMINA-075005_0053_FC:3:1:9854:1107#0	unique	3R	16436194	0	1
ILLUMINA-075005_0053_FC:3:1:10152:1117#0	unique	2R	17572340	0	1
ILLUMINA-075005_0053_FC:3:1:10227:1117#0	unique	3L	21987028	1	1
ILLUMINA-075005_0053_FC:3:1:10273:1118#0	unique	2L	10201328	0	1
ILLUMINA-075005_0053_FC:3:1:10344:1106#0	unique	3L	650775	0	1
ILLUMINA-075005_0053_FC:3:1:10384:1110#0	unique	2R	22640910	0	1
ILLUMINA-075005_0053_FC:3:1:10444:1107#0	unique	2R	16586553	0	1
ILLUMINA-075005_0053_FC:3:1:10736:1112#0	unique	X	20241718	0	1
ILLUMINA-075005_0053_FC:3:1:11156:1110#0	unique	2R	13509252	1	1
ILLUMINA-075005_0053_FC:3:1:11228:1110#0	unmapped				0
ILLUMINA-075005_0053_FC:3:1:11360:1115#0	unique	X	6680954	0	1
ILLUMINA-075005_0053_FC:3:1:11453:1116#0	unique	2L	5529206	0	1
ILLUMINA-075005_0053_FC:3:1:11627:1112#0	unique	3L	9050213	0	1
ILLUMINA-075005_0053_FC:3:1:11814:1112#0	unique	3L	2588784	1	1
ILLUMINA-075005_0053_FC:3:1:12661:1113#0	unique	2R	24085806	0	1
ILLUMINA-075005_0053_FC:3:1:13073:1116#0	unique	2L	13945750	0	1
ILLUMINA-075005_0053_FC:3:1:13341:1109#0	unique	3R	23983748	1	1
ILLUMINA-075005_0053_FC:3:1:13502:1117#0	multi				8
ILLUMINA-075005_0053_FC:3:1:13703:1116#0	unique	3L	7709844	1	1
ILLUMINA-075005_0053_FC:3:1:13939:1115#0	unique	3R	13778316	1	1
ILLUMINA-075005_0053_FC:3:1:13962:1108#0	unique	3L	9428905	1	1
ILLUMINA-075005_0053_FC:3:1:14912:1106#0	unique	2R	22800728	2	1
ILLUMINA-075005_0053_FC:3:1:15046:1109#0	unique	3R	18181566	0	1
ILLUMINA-075005_0053_FC:3:1:15075:1112#0	unique	3L	5760382	0	1
ILLUMINA-075005_0053_FC:3:1:15129:1113#0	unique	2R	24968809	0	1
ILLUMINA-075005_0053_FC:3:1:15858:1110#0	unique	3L	11059967	0	1
ILLUMINA-075005_0053_FC:3:1:16916:1109#0	unique	3L	12122046	0	1
ILLUMINA-075005_0053_FC:3:1:17062:1109#0	unique	2R	17408858	0	1
ILLUMINA-075005_0053_FC:3:1:17348:1111#0	unique	3L	16307853	0	1
ILLUMINA-075005_0053_FC:3:1:18484:1117#0	unique	X	18092773	0	1
ILLUMINA-075005_0053_FC:3:1:18707:1115#0	unique	2L	13922347	0	1
ILLUMINA-075005_0053_FC:3:1:18862:1106#0	unique	2L	13945393	0	1
ILLUMINA-075005_0053_FC:3:1:19674:1110#0	unique	2R	16099242	0	1
ILLUMINA-075005_0053_FC:3:1:1859:1126#0	unique	dmel_mitochondrion_genome	13168	0	1
ILLUMINA-075005_0053_FC:3:1:2394:1128#0	unique	2R	21211727	2	1
ILLUMINA-075005_0053_FC:3:1:2817:1128#0	unique	2L	13945658	0	1
ILLUMINA-075005_0053_FC:3:1:3232:1121#0	unique	2R	14215619	0	1
ILLUMINA-075005_0053_FC:3:1:3669:1128#0	unique	2L	16777283	0	1
ILLUMINA-075005_0053_FC:3:1:3687:1128#0	unique	2R	23966371	0	1
ILLUMINA-075005_0053_FC:3:1:4196:1126#0	unique	3R	25681968	0	1
ILLUMINA-075005_0053_FC:3:1:4347:1121#0	unique	3R	29149816	0	1
ILLUMINA-075005_0053_FC:3:1:4473:1128#0	unique	dmel_mitochondrion_genome	8395	0	1
ILLUMINA-075005_0053_FC:3:1:4505:1126#0	unique	X	4704246	0	1
ILLUMINA-075005_0053_FC:3:1:4860:1125#0	unique	3R	25475834	0	1
ILLUMINA-075005_0053_FC:3:1:5188:1127#0	unique	3R	31741742	0	1
ILLUMINA-075005_0053_FC:3:1:6006:1128#0	unique	2R	23067737	0	1
ILLUMINA-075005_0053_FC:3:1:6101:1123#0	unique	2R	17408662	1	1
ILLUMINA-075005_0053_FC:3:1:6230:1126#0	unique	3L	9509967	0	1
ILLUMINA-075005_0053_FC:3:1:6253:1129#0	unique	3R	16297076	0	1
ILLUMINA-075005_0053_FC:3:1:6317:1122#0	unique	2R	12377141	0	1
ILLUMINA-075005_0053_FC:3:1:6488:1124#0	unique	2R	9587858	0	1
ILLUMINA-075005_0053_FC:3:1:7321:1120#0	unique	3L	20495972	0	1
ILLUMINA-075005_0053_FC:3:1:7549:1119#0	unique	2R	17094092	0	1
ILLUMINA-075005_0053_FC:3:1:7588:1120#0	unique	4	66464	0	1
ILLUMINA-075005_0053_FC:3:1:7756:1127#0	unique	2R	14179338	1	1
ILLUMINA-075005_0053_FC:3:1:8153:1120#0	unique	3L	1667952	0	1
ILLUMINA-075005_0053_FC:3:1:8184:1119#0	unique	3L	16967505	1	1
ILLUMINA-075005_0053_FC:3:1:8981:1126#0	unique	3R	7087469	1	1
ILLUMINA-075005_0053_FC:3:1:9848:1125#0	unique	2L	9709714	0	1
ILLUMINA-075005_0053_FC:3:1:10329:1129#0	unique	3L	3221142	2	1
ILLUMINA-075005_0053_FC:3:1:10354:1121#0	unique	X	9555111	0	1
ILLUMINA-075005_0053_FC:3:1:10688:1127#0	unique	3R	7253262	0	1
ILLUMINA-075005_0053_FC:3:1:10774:1120#0	unique	X	2442317	0	1
ILLUMINA-075005_0053_FC:3:1:10936:1120#0	unique	2R	18418302	0	1
ILLUMINA-075005_0053_FC:3:1:11003:1118#0	unique	3L	8597704	0	1
ILLUMINA-075005_0053_FC:3:1:11424:1118#0	unique	3R	7088106	0	1
ILLUMINA-075005_0053_FC:3:1:11648:1129#0	unique	X	2022255	0	1
ILLUMINA-075005_0053_FC:3:1:11668:1125#0	unique	2L	16782879	1	1
ILLUMINA-075005_0053_FC:3:1:11769:1127#0	unique	3R	31216571	0	1
ILLUMINA-075005_0053_FC:3:1:11870:1124#0	multi				2
ILLUMINA-075005_0053_FC:3:1:11916:1123#0	unique	2L	10201736	1	1
ILLUMINA-075005_0053_FC:3:1:12285:1122#0	unique	2L	6558420	2	1
ILLUMINA-075005_0053_FC:3:1:12345:1122#0	unique	2R	24903430	0	1
ILLUMINA-075005_0053_FC:3:1:12466:1119#0	unique	2L	13782017	0	1
ILLUMINA-075005_0053_FC:3:1:12629:1123#0	unique	3R	16652841	0	1
ILLUMINA-075005_0053_FC:3:1:13214:1122#0	unique	2R	22800615	0	1
ILLUMINA-075005_0053_FC:3:1:13235:1119#0	unique	2R	12038482	1	1
ILLUMINA-075005_0053_FC:3:1:14057:1118#0	unique	X	5913084	0	1
ILLUMINA-075005_0053_FC:3:1:14322:1124#0	unique	2R	19290887	0	1
ILLUMINA-075005_0053_FC:3:1:14354:1118#0	unique	X	6741941	0	1
ILLUMINA-075005_0053_FC:3:1:14548:1127#0	unique	2L	21170193	0	1
ILLUMINA-075005_0053_FC:3:1:14617:1118#0	unique	3L	9049155	0	1
ILLUMINA-075005_0053_FC:3:1:15021:1121#0	unique	2L	13921094	0	1
ILLUMINA-075005_0053_FC:3:1:15395:1124#0	unique	3L	9731143	0	1
ILLUMINA-075005_0053_FC:3:1:15811:1122#0	unique	3L	16994141	1	1
ILLUMINA-075005_0053_FC:3:1:16232:1124#0	unique	2L	16327258	0	1
ILLUMINA-075005_0053_FC:3:1:16270:1129#0	unique	2L	13921079	0	1
ILLUMINA-075005_0053_FC:3:1:16351:1121#0	unique	3L	22077075	0	1
ILLUMINA-075005_0053_FC:3:1:16388:1128#0	unique	2R	17672403	2	1
ILLUMINA-075005_0053_FC:3:1:16471:1127#0	unique	2R	20977414	0	1
ILLUMINA-075005_0053_FC:3:1:16510:1129#0	unique	2L	10224763	0	1
ILLUMINA-075005_0053_FC:3:1:16620:1129#0	unique	2L	13920974	0	1
ILLUMINA-075005_0053_FC:3:1:17261:1123#0	unique	2R	19392287	0	1
ILLUMINA-075005_0053_FC:3:1:17661:1127#0	unique	2L	420380	1	1
ILLUMINA-075005_0053_FC:3:1:17838:1119#0	unique	2R	16868813	0	1
ILLUMINA-075005_0053_FC:3:1:17992:1122#0	unique	2L	19959423	0	1
ILLUMINA-075005_0053_FC:3:1:18107:1123#0	unique	3L	9049162	0	1
ILLUMINA-075005_0053_FC:3:1:18749:1128#0	unique	2R	17546546	1	1
ILLUMINA-075005_0053_FC:3:1:1494:1134#0	unique	2L	21170193	0	1
ILLUMINA-075005_0053_FC:3:1:2371:1130#0	unique	3L	7240316	0	1
ILLUMINA-075005_0053_FC:3:1:2580:1138#0	unique	2R	19173798	0	1
ILLUMINA-075005_0053_FC:3:1:2734:1134#0	unique	3R	18165331	1	1
ILLUMINA-075005_0053_FC:3:1:3259:1134#0	unique	3L	18879802	0	1
ILLUMINA-075005_0053_FC:3:1:3930:1134#0	unique	X	17633374	0	1
ILLUMINA-075005_0053_FC:3:1:4219:1138#0	unique	3L	21985795	1	1
ILLUMINA-075005_0053_FC:3:1:4887:1132#0	unique	3L	22076826	0	1
ILLUMINA-075005_0053_FC:3:1:5581:1137#0	unique	2R	24996084	0	1
ILLUMINA-075005_0053_FC:3:1:5648:1135#0	unique	X	8874019	3	1
ILLUMINA-075005_0053_FC:3:1:5678:1138#0	unique	2R	9919473	0	1
ILLUMINA-075005_0053_FC:3:1:5789:1133#0	unique	3R	9778817	0	1
ILLUMINA-075005_0053_FC:3:1:5891:1134#0	unique	3R	31745339	0	1
ILLUMINA-075005_0053_FC:3:1:6358:1130#0	unique	2R	16333016	1	1
ILLUMINA-075005_0053_FC:3:1:6507:1139#0	unique	3L	7240273	0	1
ILLUMINA-075005_0053_FC:3:1:7036:1133#0	unique	3R	11215484	0	1
ILLUMINA-075005_0053_FC:3:1:7583:1139#0	unique	3L	68811	0	1
ILLUMINA-075005_0053_FC:3:1:7675:1130#0	unique	X	19740928	0	1
ILLUMINA-075005_0053_FC:3:1:7866:1134#0	unique	2R	8911817	0	1
ILLUMINA-075005_0053_FC:3:1:7946:1132#0	unique	3L	9050199	1	1
ILLUMINA-075005_0053_FC:3:1:8115:1138#0	unique	3R	15313145	1	1
ILLUMINA-075005_0053_FC:3:1:8421:1140#0	unique	3R	24717920	0	1
ILLUMINA-075005_0053_FC:3:1:8927:1131#0	unique	3R	31599095	0	1
ILLUMINA-075005_0053_FC:3:1:8948:1137#0	unique	3L	9973347	0	1
ILLUMINA-075005_0053_FC:3:1:9138:1139#0	multi				2
ILLUMINA-075005_0053_FC:3:1:9225:1132#0	unique	3L	14033978	1	1
ILLUMINA-075005_0053_FC:3:1:9320:1131#0	unique	2L	23312956	1	1
ILLUMINA-075005_0053_FC:3:1:10079:1130#0	unmapped				0
ILLUMINA-075005_0053_FC:3:1:10138:1139#0	unique	3R	14327447	0	1
ILLUMINA-075005_0053_FC:3:1:10181:1137#0	unique	2R	17408257	0	1
ILLUMINA-075005_0053_FC:3:1:10254:1140#0	unique	3R	30572293	0	1
ILLUMINA-075005_0053_FC:3:1:10734:1139#0	unique	2L	13945537	0	1
ILLUMINA-075005_0053_FC:3:1:11153:1137#0	unmapped				0
ILLUMINA-075005_0053_FC:3:1:11184:1132#0	unique	2R	17408446	1	1
ILLUMINA-075005_0053_FC:3:1:11597:1136#0	unique	3R	31740574	0	1
ILLUMINA-075005_0053_FC:3:1:11805:1131#0	unique	3R	15440823	1	1
ILLUMINA-075005_0053_FC:3:1:11901:1140#0	unique	X	17666040	0	1
ILLUMINA-075005_0053_FC:3:1:12001:1134#0	unique	2R	9587609	0	1
ILLUMINA-075005_0053_FC:3:1:12880:1130#0	unique	3R	26985670	2	1
ILLUMINA-075005_0053_FC:3:1:12904:1139#0	unique	dmel_mitochondrion_genome	13733	0	1
ILLUMINA-075005_0053_FC:3:1:12925:1130#0	unique	dmel_mitochondrion_genome	13733	1	1
ILLUMINA-075005_0053_FC:3:1:12944:1137#0	unique	2L	7825950	0	1
ILLUMINA-075005_0053_FC:3:1:13002:1138#0	unique	2L	13921130	0	1
ILLUMINA-075005_0053_FC:3:1:13644:1133#0	unique	3R	31763351	0	1
ILLUMINA-075005_0053_FC:3:1:13848:1134#0	unique	3L	5760216	0	1
ILLUMINA-075005_0053_FC:3:1:14079:1135#0	unique	2L	14186770	1	1
ILLUMINA-075005_0053_FC:3:1:14367:1141#0	unique	2R	6635703	0	1
ILLUMINA-075005_0053_FC:3:1:14412:1139#0	unique	3L	8602108	0	1
ILLUMINA-075005_0053_FC:3:1:15116:1133#0	unique	X	11111874	0	1
ILLUMINA-075005_0053_FC:3:1:15971:1134#0	unique	2L	21170922	0	1
ILLUMINA-075005_0053_FC:3:1:16492:1132#0	unique	3R	27924140	0	1
ILLUMINA-075005_0053_FC:3:1:16596:1130#0	unique	3L	14998471	0	1
ILLUMINA-075005_0053_FC:3:1:16709:1134#0	unique	3R	9629177	0	1
ILLUMINA-075005_0053_FC:3:1:16807:1131#0	unique	3R	15266603	0	1
ILLUMINA-075005_0053_FC:3:1:17307:1133#0	unique	2L	21678387	0	1
ILLUMINA-075005_0053_FC:3:1:17697:1132#0	unique	2L	6979980	2	1
ILLUMINA-075005_0053_FC:3:1:17904:1136#0	unique	2L	8686754	0	1
ILLUMINA-075005_0053_FC:3:1:18495:1134#0	unique	2L	13945856	2	1
ILLUMINA-075005_0053_FC:3:1:18664:1133#0	unique	3L	19535522	0	1
ILLUMINA-075005_0053_FC:3:1:18773:1137#0	unique	3L	8338221	0	1
ILLUMINA-075005_0053_FC:3:1:18817:1134#0	unique	X	19740796	0	1
ILLUMINA-075005_0053_FC:3:1:18904:1135#0	unique	3L	1330178	0	1
ILLUMINA-075005_0053_FC:3:1:19451:1140#0	unique	3L	8601662	0	1
ILLUMINA-075005_0053_FC:3:1:19605:1139#0	unique	dmel_mitochondrion_genome	12898	0	1
ILLUMINA-075005_0053_FC:3:1:19770:1133#0	unique	X	12690638	1	1
ILLUMINA-075005_0053_FC:3:1:1297:1141#0	unique	3R	18221030	0	1
ILLUMINA-075005_0053_FC:3:1:1657:1150#0	unique	X	649127	0	1
ILLUMINA-075005_0053_FC:3:1:1788:1151#0	unique	3R	30208131	1	1
ILLUMINA-075005_0053_FC:3:1:2411:1145#0	unique	2R	24009975	0	1
ILLUMINA-075005_0053_FC:3:1:2491:1142#0	unique	3R	14270946	1	1
ILLUMINA-075005_0053_FC:3:1:3464:1146#0	unique	2R	23708877	1	1
ILLUMINA-075005_0053_FC:3:1:3660:1153#0	unique	2R	23995670	0	1
ILLUMINA-075005_0053_FC:3:1:3762:1145#0	unique	2R	22799925	1	1
ILLUMINA-075005_0053_FC:3:1:4012:1147#0	unique	2L	13923364	0	1
ILLUMINA-075005_0053_FC:3:1:4533:1144#0	unique	2R	18797266	0	1
ILLUMINA-075005_0053_FC:3:1:4584:1145#0	unique	2R	14989111	0	1
ILLUMINA-075005_0053_FC:3:1:4992:1148#0	unique	2R	14149262	0	1
ILLUMINA-075005_0053_FC:3:1:5067:1148#0	unique	2R	16570183	0	1
ILLUMINA-075005_0053_FC:3:1:5119:1149#0	unique	X	2609317	0	1
ILLUMINA-075005_0053_FC:3:1:5719:1152#0	unique	4	169152	0	1
ILLUMINA-075005_0053_FC:3:1:5810:1145#0	unique	3R	8774550	0	1
ILLUMINA-075005_0053_FC:3:1:6176:1149#0	unique	2R	17408744	3	1
ILLUMINA-075005_0053_FC:3:1:6193:1151#0	unique	2L	642816	1	1
ILLUMINA-075005_0053_FC:3:1:6454:1149#0	unique	3R	31599150	0	1
ILLUMINA-075005_0053_FC:3:1:6552:1142#0	unique	X	15848906	0	1
ILLUMINA-075005_0053_FC:3:1:7404:1148#0	unique	2L	8042021	0	1
ILLUMINA-075005_0053_FC:3:1:7600:1150#0	unique	2L	10358511	0	1
ILLUMINA-075005_0053_FC:3:1:7924:1147#0	unique	3R	30173596	0	1
ILLUMINA-075005_0053_FC:3:1:8044:1145#0	unique	2L	13921023	1	1
ILLUMINA-075005_0053_FC:3:1:8075:1142#0	unique	X	3882493	0	1
ILLUMINA-075005_0053_FC:3:1:8131:1150#0	unique	3R	15313145	1	1
ILLUMINA-075005_0053_FC:3:1:8156:1149#0	unique	3L	19536426	1	1
ILLUMINA-075005_0053_FC:3:1:8232:1149#0	unique	3R	31773589	1	1
ILLUMINA-075005_0053_FC:3:1:8372:1148#0	unique	2L	7231035	2	1
ILLUMINA-075005_0053_FC:3:1:9126:1152#0	unique	3L	5154391	3	1
ILLUMINA-075005_0053_FC:3:1:9240:1147#0	unique	3L	14033978	1	1
ILLUMINA-075005_0053_FC:3:1:9638:1147#0	unique	4	1033781	0	1
ILLUMINA-075005_0053_FC:3:1:9752:1150#0	unique	3R	25681884	0	1
ILLUMINA-075005_0053_FC:3:1:9825:1150#0	unique	2R	22800174	0	1
ILLUMINA-075005_0053_FC:3:1:10901:1144#0	unique	2L	18706519	0	1
ILLUMINA-075005_0053_FC:3:1:10998:1148#0	unique	X	15139012	0	1
ILLUMINA-075005_0053_FC:3:1:11658:1147#0	unique	3R	20851093	0	1
ILLUMINA-075005_0053_FC:3:1:11777:1152#0	unique	2L	19008379	0	1
ILLUMINA-075005_0053_FC:3:1:12341:1152#0	unique	3R	30172269	0	1
ILLUMINA-075005_0053_FC:3:1:12558:1148#0	unique	3R	27049668	1	1
ILLUMINA-075005_0053_FC:3:1:12595:1146#0	unique	2R	21294271	0	1
ILLUMINA-075005_0053_FC:3:1:12646:1153#0	unique	3R	31216922	1	1
ILLUMINA-075005_0053_FC:3:1:13053:1150#0	multi				3
ILLUMINA-075005_0053_FC:3:1:13174:1152#0	unique	3R	7088740	1	1
ILLUMINA-075005_0053_FC:3:1:13310:1145#0	unique	3L	8327835	1	1
ILLUMINA-075005_0053_FC:3:1:13580:1151#0	unique	3R	29863429	0	1
ILLUMINA-075005_0053_FC:3:1:13741:1142#0	unique	3R	5593276	0	1
ILLUMINA-075005_0053_FC:3:1:13912:1144#0	unique	2L	13922711	0	1
ILLUMINA-075005_0053_FC:3:1:13983:1143#0	unique	2R	13263958	0	1
ILLUMINA-075005_0053_FC:3:1:15054:1145#0	unique	3L	19989875	0	1
ILLUMINA-075005_0053_FC:3:1:15149:1142#0	unique	3L	8337657	1	1
ILLUMINA-075005_0053_FC:3:1:15446:1142#0	unique	3L	8357440	0	1
ILLUMINA-075005_0053_FC:3:1:15857:1148#0	unique	3R	15266095	0	1
ILLUMINA-075005_0053_FC:3:1:16344:1141#0	unique	3L	17955281	0	1
ILLUMINA-075005_0053_FC:3:1:16834:1152#0	unique	3L	1668051	0	1
ILLUMINA-075005_0053_FC:3:1:17078:1146#0	unique	3R	9679302	0	1
ILLUMINA-075005_0053_FC:3:1:17410:1147#0	unique	X	18426841	0	1
ILLUMINA-075005_0053_FC:3:1:18164:1148#0	unique	X	19492820	0	1
ILLUMINA-075005_0053_FC:3:1:18619:1150#0	unique	2L	9767989	1	1
ILLUMINA-075005_0053_FC:3:1:18919:1144#0	unique	2R	22855522	0	1
ILLUMINA-075005_0053_FC:3:1:19716:1142#0	unique	2R	15544759	0	1
ILLUMINA-075005_0053_FC:3:1:19798:1145#0	unique	2R	13266079	0	1
ILLUMINA-075005_0053_FC:3:1:1289:1159#0	unique	X	18426483	1	1
ILLUMINA-075005_0053_FC:3:1:1386:1154#0	unique	2L	10848084	1	1
ILLUMINA-075005_0053_FC:3:1:1428:1162#0	unique	2L	21678485	0	1
ILLUMINA-075005_0053_FC:3:1:3481:1161#0	unique	2R	13983889	0	1
ILLUMINA-075005_0053_FC:3:1:3806:1160#0	unique	3L	2588720	0	1
ILLUMINA-075005_0053_FC:3:1:3844:1159#0	unique	3R	6469628	1	1
ILLUMINA-075005_0053_FC:3:1:3887:1158#0	unique	X	1344135	0	1
ILLUMINA-075005_0053_FC:3:1:4075:1161#0	unique	3R	29153031	1	1
ILLUMINA-075005_0053_FC:3:1:4462:1160#0	unique	2L	5984265	1	1
ILLUMINA-075005_0053_FC:3:1:4512:1158#0	unique	3R	7088130	0	1
ILLUMINA-075005_0053_FC:3:1:4555:1160#0	unique	2L	4447369	0	1
ILLUMINA-075005_0053_FC:3:1:4818:1154#0	unique	X	9587066	0	1
ILLUMINA-075005_0053_FC:3:1:5397:1161#0	unique	3R	5624988	0	1
ILLUMINA-075005_0053_FC:3:1:5450:1158#0	unique	X	2172828	0	1
ILLUMINA-075005_0053_FC:3:1:5571:1157#0	unique	2R	24027157	0	1
ILLUMINA-075005_0053_FC:3:1:6324:1162#0	unique	X	2446936	0	1
ILLUMINA-075005_0053_FC:3:1:6655:1158#0	unique	2L	10847434	0	1
ILLUMINA-075005_0053_FC:3:1:6783:1155#0	unique	3L	9050044	0	1
ILLUMINA-075005_0053_FC:3:1:6925:1154#0	unique	2R	17546528	0	1
ILLUMINA-075005_0053_FC:3:1:7035:1159#0	unique	3R	29853200	0	1
ILLUMINA-075005_0053_FC:3:1:7101:1164#0	unique	3L	17848178	0	1
ILLUMINA-075005_0053_FC:3:1:7625:1162#0	unique	3L	5135235	0	1
ILLUMINA-075005_0053_FC:3:1:7708:1158#0	unique	2R	7509024	0	1
ILLUMINA-075005_0053_FC:3:1:8391:1164#0	unique	2L	7802244	0	1
ILLUMINA-075005_0053_FC:3:1:8422:1161#0	unique	3R	30167071	0	1
ILLUMINA-075005_0053_FC:3:1:8547:1157#0	unique	3L	21985376	0	1
ILLUMINA-075005_0053_FC:3:1:8596:1155#0	unique	2L	10410360	0	1
ILLUMINA-075005_0053_FC:3:1:8740:1162#0	unique	2L	5196128	0	1
ILLUMINA-075005_0053_FC:3:1:8758:1159#0	unique	2L	19762154	0	1
ILLUMINA-075005_0053_FC:3:1:8809:1161#0	unique	2L	13933453	1	1
ILLUMINA-075005_0053_FC:3:1:8933:1155#0	unique	3R	9265846	0	1
ILLUMINA-075005_0053_FC:3:1:9524:1158#0	unique	2R	17075777	0	1
ILLUMINA-075005_0053_FC:3:1:10185:1158#0	unique	3R	22721700	0	1
ILLUMINA-075005_0053_FC:3:1:10378:1157#0	unique	2L	13933316	0	1
ILLUMINA-075005_0053_FC:3:1:10670:1161#0	unique	3R	6216724	0	1
ILLUMINA-075005_0053_FC:3:1:10803:1156#0	unique	X	7893086	1	1
ILLUMINA-075005_0053_FC:3:1:10848:1154#0	unique	3R	27965887	3	1
ILLUMINA-075005_0053_FC:3:1:11260:1163#0	unique	3L	9870593	0	1
ILLUMINA-075005_0053_FC:3:1:11566:1163#0	unique	X	2147363	0	1
ILLUMINA-075005_0053_FC:3:1:11875:1154#0	unique	2R	23074131	1	1
ILLUMINA-075005_0053_FC:3:1:12716:1155#0	unique	3L	17426195	0	1
ILLUMINA-075005_0053_FC:3:1:13343:1158#0	unique	3R	22028623	0	1
ILLUMINA-075005_0053_FC:3:1:13465:1156#0	unique	3R	17669191	0	1
ILLUMINA-075005_0053_FC:3:1:14265:1163#0	unique	2R	22800367	0	1
ILLUMINA-075005_0053_FC:3:1:14533:1155#0	unique	2R	22854717	0	1
ILLUMINA-075005_0053_FC:3:1:15150:1160#0	unique	2R	8911690	1	1
ILLUMINA-075005_0053_FC:3:1:16226:1155#0	unique	3L	8519693	0	1
ILLUMINA-075005_0053_FC:3:1:16471:1155#0	unique	3R	5267818	1	1
ILLUMINA-075005_0053_FC:3:1:16509:1159#0	unique	2L	10274477	0	1
ILLUMINA-075005_0053_FC:3:1:16760:1154#0	unique	X	5683271	0	1
ILLUMINA-075005_0053_FC:3:1:17189:1157#0	unique	3R	20851050	0	1
ILLUMINA-075005_0053_FC:3:1:17500:1163#0	unique	3R	14607335	1	1
ILLUMINA-075005_0053_FC:3:1:17681:1157#0	unique	X	17937624	0	1
ILLUMINA-075005_0053_FC:3:1:17786:1155#0	unique	2R	16142866	1	1
ILLUMINA-075005_0053_FC:3:1:17813:1161#0	unique	2L	5525420	0	1
ILLUMINA-075005_0053_FC:3:1:17895:1157#0	unique	3R	28993758	2	1
ILLUMINA-075005_0053_FC:3:1:17913:1157#0	unique	X	15139022	0	1
ILLUMINA-075005_0053_FC:3:1:18122:1153#0	unique	4	1033623	0	1
ILLUMINA-075005_0053_FC:3:1:18364:1158#0	unique	2R	12881144	0	1
ILLUMINA-075005_0053_FC:3:1:18381:1165#0	unique	2L	7825699	0	1
ILLUMINA-075005_0053_FC:3:1:19229:1163#0	unique	2L	13945337	0	1
ILLUMINA-075005_0053_FC:3:1:19435:1156#0	unique	2L	10221666	1	1
ILLUMINA-075005_0053_FC:3:1:1166:1165#0	unique	2R	9142570	0	1
ILLUMINA-075005_0053_FC:3:1:1328:1165#0	unique	X	6359019	0	1
ILLUMINA-075005_0053_FC:3:1:1459:1174#0	unique	X	15084174	0	1
ILLUMINA-075005_0053_FC:3:1:1539:1165#0	unique	3R	15440760	0	1
ILLUMINA-075005_0053_FC:3:1:2258:1165#0	unique	X	2027764	1	1
ILLUMINA-075005_0053_FC:3:1:2600:1173#0	unique	3L	9511128	1	1
ILLUMINA-075005_0053_FC:3:1:2958:1176#0	unique	3L	18827367	0	1
ILLUMINA-075005_0053_FC:3:1:3339:1172#0	unique	3L	3195474	1	1
ILLUMINA-075005_0053_FC:3:1:3616:1165#0	unique	2L	12299201	0	1
ILLUMINA-075005_0053_FC:3:1:3947:1169#0	unique	2L	13933323	0	1
ILLUMINA-075005_0053_FC:3:1:4267:1167#0	unique	3L	11823816	1	1
ILLUMINA-075005_0053_FC:3:1:4578:1169#0	unique	3R	30173659	3	1
ILLUMINA-075005_0053_FC:3:1:4676:1169#0	unique	2R	16794489	0	1
ILLUMINA-075005_0053_FC:3:1:4784:1169#0	unique	2R	9990839	0	1
ILLUMINA-075005_0053_FC:3:1:4896:1175#0	unique	X	6741740	0	1
ILLUMINA-075005_0053_FC:3:1:5764:1173#0	unique	2R	16782966	0	1
ILLUMINA-075005_0053_FC:3:1:5850:1171#0	multi				2
ILLUMINA-075005_0053_FC:3:1:6376:1169#0	unique	2R	23930223	0	1
ILLUMINA-075005_0053_FC:3:1:6427:1172#0	unique	3L	8327637	0	1
ILLUMINA-075005_0053_FC:3:1:6695:1173#0	unique	3R	16470885	0	1
ILLUMINA-075005_0053_FC:3:1:7003:1166#0	unique	2R	23548804	0	1
ILLUMINA-075005_0053_FC:3:1:7556:1172#0	unique	3R	9575923	0	1
ILLUMINA-075005_0053_FC:3:1:8064:1171#0	unique	X	6531057	1	1
ILLUMINA-075005_0053_FC:3:1:8316:1176#0	unique	2L	18442510	0	1
ILLUMINA-075005_0053_FC:3:1:8501:1167#0	unique	3L	3818176	0	1
ILLUMINA-075005_0053_FC:3:1:9076:1165#0	unique	X	16286818	1	1
ILLUMINA-075005_0053_FC:3:1:9561:1175#0	unique	3R	7087862	1	1
ILLUMINA-075005_0053_FC:3:1:9842:1169#0	unique	2L	18442959	0	1
ILLUMINA-075005_0053_FC:3:1:9915:1166#0	unique	3L	262245	0	1
ILLUMINA-075005_0053_FC:3:1:10133:1172#0	unique	2R	7538366	0	1
ILLUMINA-075005_0053_FC:3:1:10212:1170#0	unique	2R	24058561	0	1
ILLUMINA-075005_0053_FC:3:1:10473:1176#0	unique	3R	27050109	1	1
ILLUMINA-075005_0053_FC:3:1:10741:1167#0	unique	3L	16278552	0	1
ILLUMINA-075005_0053_FC:3:1:12663:1175#0	unique	2L	14409140	0	1
ILLUMINA-075005_0053_FC:3:1:12923:1171#0	multi				2
ILLUMINA-075005_0053_FC:3:1:13237:1175#0	unique	2L	3466857	1	1
ILLUMINA-075005_0053_FC:3:1:13311:1171#0	unique	2R	15545291	1	1
ILLUMINA-075005_0053_FC:3:1:13462:1175#0	unique	3R	17669191	1	1
ILLUMINA-075005_0053_FC:3:1:13634:1174#0	unique	2R	15857928	0	1
ILLUMINA-075005_0053_FC:3:1:14113:1166#0	unique	X	20135073	1	1
ILLUMINA-075005_0053_FC:3:1:14388:1168#0	unique	2R	7312203	1	1
ILLUMINA-075005_0053_FC:3:1:14484:1168#0	unique	2R	17666552	0	1
ILLUMINA-075005_0053_FC:3:1:14643:1166#0	unique	3L	8326238	0	1
ILLUMINA-075005_0053_FC:3:1:14729:1170#0	unique	3R	27657875	0	1
ILLUMINA-075005_0053_FC:3:1:14914:1165#0	unique	2L	7826798	1	1
ILLUMINA-075005_0053_FC:3:1:15275:1171#0	unique	3R	5649984	0	1
ILLUMINA-075005_0053_FC:3:1:16068:1167#0	unique	2R	15859102	0	1
ILLUMINA-075005_0053_FC:3:1:16110:1168#0	unique	2L	4797230	1	1
ILLUMINA-075005_0053_FC:3:1:16410:1170#0	unique	2R	24968941	0	1
ILLUMINA-075005_0053_FC:3:1:16957:1172#0	unique	2L	21172705	1	1
ILLUMINA-075005_0053_FC:3:1:17336:1168#0	unique	3L	19813846	0	1
ILLUMINA-075005_0053_FC:3:1:17480:1168#0	unique	3L	22077404	0	1
ILLUMINA-075005_0053_FC:3:1:17701:1171#0	unique	3L	9049531	2	1
ILLUMINA-075005_0053_FC:3:1:17731:1171#0	unique	2R	20233949	1	1
ILLUMINA-075005_0053_FC:3:1:18141:1174#0	unique	3L	16585277	1	1
ILLUMINA-075005_0053_FC:3:1:18219:1169#0	unique	2L	9896583	0	1
ILLUMINA-075005_0053_FC:3:1:18670:1169#0	unique	2R	19442655	0	1
ILLUMINA-075005_0053_FC:3:1:18747:1172#0	unique	3L	1331342	0	1
ILLUMINA-075005_0053_FC:3:1:1251:1184#0	unique	X	20426744	0	1
ILLUMINA-075005_0053_FC:3:1:1992:1187#0	unique	2R	11894600	1	1
ILLUMINA-075005_0053_FC:3:1:2320:1178#0	unique	2L	3516866	0	1
ILLUMINA-075005_0053_FC:3:1:2540:1184#0	unique	2R	17408662	1	1
ILLUMINA-075005_0053_FC:3:1:2630:1184#0	unique	2L	19053244	0	1
ILLUMINA-075005_0053_FC:3:1:2887:1179#0	unique	3L	22077412	0	1
ILLUMINA-075005_0053_FC:3:1:3113:1182#0	unique	4	1032998	0	1
ILLUMINA-075005_0053_FC:3:1:3671:1181#0	unique	2L	9896814	0	1
ILLUMINA-075005_0053_FC:3:1:4239:1184#0	unique	2R	24968676	0	1
ILLUMINA-075005_0053_FC:3:1:4280:1184#0	unique	2L	10201296	0	1
ILLUMINA-075005_0053_FC:3:1:4730:1182#0	unique	3L	7720510	0	1
ILLUMINA-075005_0053_FC:3:1:4772:1185#0	unique	2R	16868626	0	1
ILLUMINA-075005_0053_FC:3:1:4875:1177#0	unique	3R	20821212	1	1
ILLUMINA-075005_0053_FC:3:1:4956:1179#0	unique	X	2224423	0	1
ILLUMINA-075005_0053_FC:3:1:5118:1181#0	unique	2L	21678830	1	1
ILLUMINA-075005_0053_FC:3:1:5171:1181#0	unique	2L	16788641	0	1
ILLUMINA-075005_0053_FC:3:1:5212:1181#0	unique	3L	9374841	0	1
ILLUMINA-075005_0053_FC:3:1:5619:1184#0	unique	3R	27923603	1	1
ILLUMINA-075005_0053_FC:3:1:5739:1177#0	unique	2R	18997457	0	1
ILLUMINA-075005_0053_FC:3:1:5827:1187#0	unique	2R	21276279	0	1
ILLUMINA-075005_0053_FC:3:1:6839:1187#0	unique	3R	11224500	0	1
ILLUMINA-075005_0053_FC:3:1:7310:1184#0	unique	3R	30015009	0	1
ILLUMINA-075005_0053_FC:3:1:7376:1186#0	unique	3R	15440932	0	1
ILLUMINA-075005_0053_FC:3:1:7426:1186#0	unique	2L	16786043	0	1
ILLUMINA-075005_0053_FC:3:1:7827:1188#0	unique	3R	31216372	0	1
ILLUMINA-075005_0053_FC:3:1:7881:1179#0	unique	2R	24076842	1	1
ILLUMINA-075005_0053_FC:3:1:7967:1187#0	unique	2R	22607796	2	1
ILLUMINA-075005_0053_FC:3:1:8048:1179#0	unique	X	16452282	0	1
ILLUMINA-075005_0053_FC:3:1:8408:1186#0	unique	3R	9778636	1	1
ILLUMINA-075005_0053_FC:3:1:8535:1180#0	unique	X	6741843	2	1
ILLUMINA-075005_0053_FC:3:1:9051:1188#0	unique	2R	24968755	1	1
ILLUMINA-075005_0053_FC:3:1:9276:1177#0	unique	3L	20396693	0	1
ILLUMINA-075005_0053_FC:3:1:9410:1180#0	unique	2R	9587574	2	1
ILLUMINA-075005_0053_FC:3:1:9878:1178#0	unique	3R	29221120	0	1
ILLUMINA-075005_0053_FC:3:1:10159:1179#0	unique	3R	11753713	0	1
ILLUMINA-075005_0053_FC:3:1:10272:1186#0	unique	2L	16786229	0	1
ILLUMINA-075005_0053_FC:3:1:10386:1180#0	unique	3L	19893310	0	1
ILLUMINA-075005_0053_FC:3:1:10643:1183#0	unique	2L	6343858	2	1
ILLUMINA-075005_0053_FC:3:1:10837:1178#0	unique	X	6083550	0	1
ILLUMINA-075005_0053_FC:3:1:11041:1179#0	unique	3L	2126261	1	1
ILLUMINA-075005_0053_FC:3:1:11163:1185#0	unique	X	11091417	0	1
ILLUMINA-075005_0053_FC:3:1:11304:1178#0	unique	X	9554767	1	1
ILLUMINA-075005_0053_FC:3:1:11430:1183#0	unique	2R	7792429	0	1
ILLUMINA-075005_0053_FC:3:1:11928:1183#0	unique	3L	8643247	0	1
ILLUMINA-075005_0053_FC:3:1:12319:1188#0	unique	3L	2588808	1	1
ILLUMINA-075005_0053_FC:3:1:12477:1181#0	unique	3L	2046317	0	1
ILLUMINA-075005_0053_FC:3:1:13040:1188#0	unique	3R	25018816	0	1
ILLUMINA-075005_0053_FC:3:1:13335:1184#0	unique	X	1295658	0	1
ILLUMINA-075005_0053_FC:3:1:13387:1183#0	unique	X	11712768	0	1
ILLUMINA-075005_0053_FC:3:1:13614:1184#0	unique	2L	420538	1	1
ILLUMINA-075005_0053_FC:3:1:13718:1180#0	unique	2R	7741400	0	1
ILLUMINA-075005_0053_FC:3:1:13948:1187#0	unique	X	1478915	1	1
ILLUMINA-075005_0053_FC:3:1:15032:1187#0	unique	3R	18876782	0	1
ILLUMINA-075005_0053_FC:3:1:15445:1177#0	unique	3R	10006866	0	1
ILLUMINA-075005_0053_FC:3:1:15488:1178#0	unique	3L	16308039	0	1
ILLUMINA-075005_0053_FC:3:1:15819:1187#0	unique	3R	30014887	1	1
ILLUMINA-075005_0053_FC:3:1:16271:1187#0	unique	3R	29748526	0	1
ILLUMINA-075005_0053_FC:3:1:16341:1182#0	unique	2L	5071705	0	1
ILLUMINA-075005_0053_FC:3:1:16463:1177#0	unique	2L	16774631	0	1
ILLUMINA-075005_0053_FC:3:1:16769:1179#0	unique	3R	27049486	0	1
ILLUMINA-075005_0053_FC:3:1:16804:1179#0	unique	X	9554809	1	1
ILLUMINA-075005_0053_FC:3:1:16974:1177#0	unique	2R	19447899	1	1
ILLUMINA-075005_0053_FC:3:1:17068:1177#0	unique	2R	8238056	1	1
ILLUMINA-075005_0053_FC:3:1:17988:1184#0	unique	2L	10316654	0	1
ILLUMINA-075005_0053_FC:3:1:18024:1177#0	unique	2R	13966811	0	1
ILLUMINA-075005_0053_FC:3:1:18107:1183#0	unique	3L	8328167	0	1
ILLUMINA-075005_0053_FC:3:1:18195:1186#0	unique	2R	24903420	0	1
ILLUMINA-075005_0053_FC:3:1:18542:1185#0	unique	X	17280379	0	1
ILLUMINA-075005_0053_FC:3:1:18849:1179#0	unique	2L	10318258	0	1
ILLUMINA-075005_0053_FC:3:1:19545:1185#0	unique	X	13593705	0	1
ILLUMINA-075005_0053_FC:3:1:1671:1190#0	unique	2L	2216550	0	1
ILLUMINA-075005_0053_FC:3:1:1821:1199#0	unique	3L	25806627	0	1
ILLUMINA-075005_0053_FC:3:1:2285:1200#0	unique	3L	8640944	0	1
ILLUMINA-075005_0053_FC:3:1:2351:1192#0	unique	3L	18827719	1	1
ILLUMINA-075005_0053_FC:3:1:3553:1189#0	multi				6
ILLUMINA-075005_0053_FC:3:1:3724:1192#0	unique	2L	22535874	0	1
ILLUMINA-075005_0053_FC:3:1:4502:1191#0	unique	2L	13921968	1	1
ILLUMINA-075005_0053_FC:3:1:5283:1195#0	unique	3L	16278938	0	1
ILLUMINA-075005_0053_FC:3:1:5382:1195#0	unique	3R	23359648	1	1
ILLUMINA-075005_0053_FC:3:1:5648:1198#0	unique	3R	24632205	0	1
ILLUMINA-075005_0053_FC:3:1:6245:1195#0	unique	X	14582174	0	1
ILLUMINA-075005_0053_FC:3:1:6609:1192#0	unique	2R	13967743	0	1
ILLUMINA-075005_0053_FC:3:1:7031:1193#0	unique	2L	4469275	0	1
ILLUMINA-075005_0053_FC:3:1:7598:1189#0	unique	2R	20945394	0	1
ILLUMINA-075005_0053_FC:3:1:7735:1191#0	unique	X	8249185	1	1
ILLUMINA-075005_0053_FC:3:1:7989:1198#0	unique	X	12758451	0	1
ILLUMINA-075005_0053_FC:3:1:8097:1197#0	unique	X	16638413	0	1
ILLUMINA-075005_0053_FC:3:1:8161:1191#0	unique	2R	14989007	1	1
ILLUMINA-075005_0053_FC:3:1:8366:1190#0	unique	2R	9587775	0	1
ILLUMINA-075005_0053_FC:3:1:8766:1200#0	unique	2R	15858202	0	1
ILLUMINA-075005_0053_FC:3:1:9080:1193#0	unique	3R	27924217	0	1
ILLUMINA-075005_0053_FC:3:1:9396:1193#0	unique	X	13331307	0	1
ILLUMINA-075005_0053_FC:3:1:9842:1190#0	unique	3L	20423725	0	1
ILLUMINA-075005_0053_FC:3:1:10335:1198#0	unique	X	5673344	0	1
ILLUMINA-075005_0053_FC:3:1:10557:1194#0	unique	2L	10410338	0	1
ILLUMINA-075005_0053_FC:3:1:10904:1200#0	unique	3L	19690744	0	1
ILLUMINA-075005_0053_FC:3:1:11360:1197#0	unique	2L	16786561	0	1
ILLUMINA-075005_0053_FC:3:1:11887:1195#0	unique	2L	13922215	1	1
ILLUMINA-075005_0053_FC:3:1:12017:1193#0	unique	2R	24991846	0	1
ILLUMINA-075005_0053_FC:3:1:12660:1193#0	unique	3R	29863480	0	1
ILLUMINA-075005_0053_FC:3:1:13499:1197#0	unique	2R	23548843	0	1
ILLUMINA-075005_0053_FC:3:1:13565:1196#0	unique	3L	9730550	0	1
ILLUMINA-075005_0053_FC:3:1:13639:1195#0	multi				2
ILLUMINA-075005_0053_FC:3:1:14082:1200#0	unique	3L	3195422	0	1
ILLUMINA-075005_0053_FC:3:1:14170:1194#0	unique	3R	5625513	1	1
ILLUMINA-075005_0053_FC:3:1:14263:1197#0	unique	3L	8601695	0	1
ILLUMINA-075005_0053_FC:3:1:14613:1190#0	unique	3L	8327343	1	1
ILLUMINA-075005_0053_FC:3:1:15120:1193#0	unique	2L	9696537	0	1
ILLUMINA-075005_0053_FC:3:1:15504:1190#0	unique	3R	20780195	0	1
ILLUMINA-075005_0053_FC:3:1:15716:1190#0	unique	2R	23998558	0	1
ILLUMINA-075005_0053_FC:3:1:15847:1195#0	unique	3L	6205797	0	1
ILLUMINA-075005_0053_FC:3:1:15951:1190#0	unique	3R	23759629	0	1
ILLUMINA-075005_0053_FC:3:1:16177:1195#0	unique	2L	1725587	0	1
ILLUMINA-075005_0053_FC:3:1:16325:1196#0	unique	3R	14892215	0	1
ILLUMINA-075005_0053_FC:3:1:16792:1191#0	unique	2L	13366984	0	1
ILLUMINA-075005_0053_FC:3:1:17125:1197#0	unique	3R	31742873	0	1
ILLUMINA-075005_0053_FC:3:1:17481:1198#0	unique	X	21603049	0	1
ILLUMINA-075005_0053_FC:3:1:17583:1192#0	unique	2R	22638466	0	1
ILLUMINA-075005_0053_FC:3:1:18352:1192#0	unique	2L	19554805	0	1
ILLUMINA-075005_0053_FC:3:1:18932:1192#0	unique	3R	27678691	0	1
ILLUMINA-075005_0053_FC:3:1:19161:1189#0	unique	2L	9896337	0	1
ILLUMINA-075005_0053_FC:3:1:19233:1192#0	unique	3R	27050163	0	1
ILLUMINA-075005_0053_FC:3:1:19652:1189#0	unique	3R	15441865	0	1
ILLUMINA-075005_0053_FC:3:1:19767:1191#0	unique	2L	16786710	1	1
ILLUMINA-075005_0053_FC:3:1:1269:1209#0	unique	2R	7739356	0	1
ILLUMINA-075005_0053_FC:3:1:1310:1204#0	unique	X	804243	0	1
ILLUMINA-075005_0053_FC:3:1:1439:1203#0	unique	X	1332241	0	1
ILLUMINA-075005_0053_FC:3:1:1741:1201#0	unique	2R	13441150	0	1
ILLUMINA-075005_0053_FC:3:1:2639:1205#0	unique	4	1033034	0	1
ILLUMINA-075005_0053_FC:3:1:2782:1211#0	unique	3L	16307964	1	1
ILLUMINA-075005_0053_FC:3:1:3637:1208#0	unique	3L	5360926	1	1
ILLUMINA-075005_0053_FC:3:1:3657:1205#0	unique	2R	22800307	0	1
ILLUMINA-075005_0053_FC:3:1:3971:1207#0	unique	2R	17409143	0	1
ILLUMINA-075005_0053_FC:3:1:4445:1201#0	unique	3R	4707258	0	1
ILLUMINA-075005_0053_FC:3:1:5996:1210#0	unique	3L	2588126	0	1
ILLUMINA-075005_0053_FC:3:1:6077:1202#0	unique	3L	8602648	1	1
ILLUMINA-075005_0053_FC:3:1:6148:1211#0	unique	3R	30206556	0	1
ILLUMINA-075005_0053_FC:3:1:6344:1210#0	unique	3L	9832406	2	1
ILLUMINA-075005_0053_FC:3:1:7622:1206#0	unique	2L	4344352	0	1
ILLUMINA-075005_0053_FC:3:1:8305:1205#0	multi				2
ILLUMINA-075005_0053_FC:3:1:8681:1211#0	unique	X	8248842	0	1
ILLUMINA-075005_0053_FC:3:1:8836:1202#0	unique	X	15064487	0	1
ILLUMINA-075005_0053_FC:3:1:8884:1201#0	unique	2R	13507846	2	1
ILLUMINA-075005_0053_FC:3:1:9145:1209#0	unique	3L	8601695	0	1
ILLUMINA-075005_0053_FC:3:1:9245:1210#0	unique	2R	22800347	0	1
ILLUMINA-075005_0053_FC:3:1:9628:1205#0	unique	2R	23548726	0	1
ILLUMINA-075005_0053_FC:3:1:9810:1207#0	unique	2R	8594551	1	1
ILLUMINA-075005_0053_FC:3:1:10001:1204#0	unique	3R	19381694	1	1
ILLUMINA-075005_0053_FC:3:1:10043:1205#0	unique	3L	230822	1	1
ILLUMINA-075005_0053_FC:3:1:10233:1205#0	unique	X	16387913	0	1
ILLUMINA-075005_0053_FC:3:1:10352:1207#0	unique	X	7899707	0	1
ILLUMINA-075005_0053_FC:3:1:10825:1203#0	unique	3R	5465908	1	1
ILLUMINA-075005_0053_FC:3:1:10888:1207#0	unique	X	10213309	1	1
ILLUMINA-075005_0053_FC:3:1:11033:1210#0	unique	2L	13921204	0	1
ILLUMINA-075005_0053_FC:3:1:11401:1208#0	unique	3R	27083543	0	1
ILLUMINA-075005_0053_FC:3:1:11790:1203#0	unique	X	19519996	0	1
ILLUMINA-075005_0053_FC:3:1:11907:1212#0	unique	2R	17094778	0	1
ILLUMINA-075005_0053_FC:3:1:11930:1205#0	unique	3L	8643247	0	1
ILLUMINA-075005_0053_FC:3:1:12864:1207#0	unique	3R	15266120	1	1
ILLUMINA-075005_0053_FC:3:1:13206:1207#0	unique	2L	13933097	0	1
ILLUMINA-075005_0053_FC:3:1:13735:1208#0	unique	X	15139020	0	1
ILLUMINA-075005_0053_FC:3:1:14930:1211#0	unique	2R	11146655	1	1
ILLUMINA-075005_0053_FC:3:1:15012:1203#0	unique	3R	15266075	0	1
ILLUMINA-075005_0053_FC:3:1:15137:1211#0	unique	3R	27924359	0	1
ILLUMINA-075005_0053_FC:3:1:15256:1210#0	unique	3L	1668099	0	1
ILLUMINA-075005_0053_FC:3:1:15681:1210#0	unique	2L	1726100	0	1
ILLUMINA-075005_0053_FC:3:1:15726:1207#0	unique	X	19519976	1	1
ILLUMINA-075005_0053_FC:3:1:15969:1206#0	unique	2L	10975932	0	1
ILLUMINA-075005_0053_FC:3:1:16189:1208#0	unique	X	7899742	0	1
ILLUMINA-075005_0053_FC:3:1:16346:1211#0	unique	2L	3481535	0	1
ILLUMINA-075005_0053_FC:3:1:16917:1209#0	unique	X	15869227	0	1
ILLUMINA-075005_0053_FC:3:1:16959:1209#0	unique	2R	8952030	0	1
ILLUMINA-075005_0053_FC:3:1:17452:1201#0	unique	2R	24311501	1	1
ILLUMINA-075005_0053_FC:3:1:17523:1205#0	unique	3L	4212683	0	1
ILLUMINA-075005_0053_FC:3:1:17792:1202#0	unique	2R	17572406	0	1
ILLUMINA-075005_0053_FC:3:1:18164:1211#0	unique	X	764759	0	1
ILLUMINA-075005_0053_FC:3:1:18571:1203#0	unique	3L	9048976	0	1
ILLUMINA-075005_0053_FC:3:1:18769:1205#0	unique	2L	22247547	0	1
ILLUMINA-075005_0053_FC:3:1:18801:1208#0	unmapped				0
ILLUMINA-075005_0053_FC:3:1:19188:1202#0	unique	2R	17409318	1	1
ILLUMINA-075005_0053_FC:3:1:1507:1215#0	unique	3R	27658826	0	1
ILLUMINA-075005_0053_FC:3:1:1762:1218#0	unique	X	1369932	0	1
ILLUMINA-075005_0053_FC:3:1:2219:1219#0	unique	X	764546	1	1
ILLUMINA-075005_0053_FC:3:1:2353:1214#0	unique	2R	21187593	2	1
ILLUMINA-075005_0053_FC:3:1:2383:1218#0	unique	2R	23072931	0	1
ILLUMINA-075005_0053_FC:3:1:2455:1223#0	unique	3L	22867693	0	1
ILLUMINA-075005_0053_FC:3:1:3475:1213#0	unique	2R	16014328	2	1
ILLUMINA-075005_0053_FC:3:1:3512:1214#0	unique	3R	11215843	0	1
ILLUMINA-075005_0053_FC:3:1:4206:1214#0	unique	2R	24968810	0	1
ILLUMINA-075005_0053_FC:3:1:4284:1219#0	unique	2R	17546607	0	1
ILLUMINA-075005_0053_FC:3:1:5050:1223#0	unique	3R	29748587	0	1
ILLUMINA-075005_0053_FC:3:1:5534:1214#0	unique	2R	11618329	1	1
ILLUMINA-075005_0053_FC:3:1:5596:1223#0	unique	2L	16788659	0	1
ILLUMINA-075005_0053_FC:3:1:7772:1212#0	unique	3L	3196499	2	1
ILLUMINA-075005_0053_FC:3:1:8447:1217#0	unique	3R	27049650	0	1
ILLUMINA-075005_0053_FC:3:1:8699:1216#0	unique	2R	22645153	0	1
ILLUMINA-075005_0053_FC:3:1:8754:1221#0	unique	2R	17045696	0	1
ILLUMINA-075005_0053_FC:3:1:9414:1214#0	unique	3L	11122785	0	1
ILLUMINA-075005_0053_FC:3:1:9703:1213#0	multi				6
ILLUMINA-075005_0053_FC:3:1:10605:1221#0	unique	2R	22801996	0	1
ILLUMINA-075005_0053_FC:3:1:10685:1217#0	unique	2R	22800314	0	1
ILLUMINA-075005_0053_FC:3:1:10934:1213#0	unique	X	3861237	0	1
ILLUMINA-075005_0053_FC:3:1:11709:1223#0	unique	2R	17408898	1	1
ILLUMINA-075005_0053_FC:3:1:12004:1212#0	unique	3L	8733718	0	1
ILLUMINA-075005_0053_FC:3:1:12417:1217#0	unique	X	5673437	0	1
ILLUMINA-075005_0053_FC:3:1:12746:1213#0	unique	2L	5051306	1	1
ILLUMINA-075005_0053_FC:3:1:12803:1214#0	unique	2R	16868495	0	1
ILLUMINA-075005_0053_FC:3:1:12845:1213#0	unique	2L	9573577	0	1
ILLUMINA-075005_0053_FC:3:1:13246:1215#0	unique	3R	26257837	1	1
ILLUMINA-075005_0053_FC:3:1:13643:1213#0	unique	X	15579375	1	1
ILLUMINA-075005_0053_FC:3:1:13842:1219#0	unique	2R	14253564	1	1
ILLUMINA-075005_0053_FC:3:1:13872:1217#0	unique	3R	17545554	0	1
ILLUMINA-075005_0053_FC:3:1:14154:1223#0	unique	2L	13921023	0	1
ILLUMINA-075005_0053_FC:3:1:14195:1220#0	unique	2R	7792647	0	1
ILLUMINA-075005_0053_FC:3:1:14275:1213#0	unique	2L	16781105	1	1
ILLUMINA-075005_0053_FC:3:1:14360:1219#0	unique	2R	23905365	0	1
ILLUMINA-075005_0053_FC:3:1:15805:1217#0	unique	2L	4994875	0	1
ILLUMINA-075005_0053_FC:3:1:15989:1216#0	unique	3R	20851047	0	1
ILLUMINA-075005_0053_FC:3:1:16204:1220#0	unique	3L	8416883	0	1
ILLUMINA-075005_0053_FC:3:1:16737:1217#0	unique	3L	11823924	0	1
ILLUMINA-075005_0053_FC:3:1:16868:1213#0	unique	3R	27967121	0	1
ILLUMINA-075005_0053_FC:3:1:17200:1222#0	unique	2R	21688195	1	1
ILLUMINA-075005_0053_FC:3:1:17258:1214#0	unique	dmel_mitochondrion_genome	11083	0	1
ILLUMINA-075005_0053_FC:3:1:17777:1212#0	unique	X	15986552	1	1
ILLUMINA-075005_0053_FC:3:1:17959:1217#0	unique	3L	13024373	0	1
ILLUMINA-075005_0053_FC:3:1:18105:1222#0	unique	3R	16186089	0	1
ILLUMINA-075005_0053_FC:3:1:18223:1220#0	unique	3R	20011581	0	1
ILLUMINA-075005_0053_FC:3:1:18312:1222#0	unique	3R	31216329	0	1
ILLUMINA-075005_0053_FC:3:1:19166:1223#0	unique	3L	8326910	0	1
ILLUMINA-075005_0053_FC:3:1:1076:1229#0	unique	2L	7206418	1	1
ILLUMINA-075005_0053_FC:3:1:1495:1234#0	unique	3L	8643301	0	1
ILLUMINA-075005_0053_FC:3:1:1951:1229#0	unique	3R	30206600	0	1
ILLUMINA-075005_0053_FC:3:1:2298:1229#0	unique	2R	22171803	0	1
ILLUMINA-075005_0053_FC:3:1:2429:1228#0	unique	3L	16785473	0	1
ILLUMINA-075005_0053_FC:3:1:2549:1224#0	unique	2R	24060917	0	1
ILLUMINA-075005_0053_FC:3:1:2985:1232#0	unique	3R	18227752	2	1
ILLUMINA-075005_0053_FC:3:1:3254:1232#0	multi				2
ILLUMINA-075005_0053_FC:3:1:3311:1229#0	unique	3L	22076693	0	1
ILLUMINA-075005_0053_FC:3:1:3481:1233#0	unique	3R	30174045	0	1
ILLUMINA-075005_0053_FC:3:1:3588:1234#0	unique	X	13750723	1	1
ILLUMINA-075005_0053_FC:3:1:3868:1224#0	unique	2R	23941270	0	1
ILLUMINA-075005_0053_FC:3:1:3932:1231#0	unique	2L	16774623	0	1
ILLUMINA-075005_0053_FC:3:1:3955:1227#0	unique	X	8247922	0	1
ILLUMINA-075005_0053_FC:3:1:4031:1230#0	unique	3R	24882750	2	1
ILLUMINA-075005_0053_FC:3:1:5009:1234#0	unique	X	15748141	0	1
ILLUMINA-075005_0053_FC:3:1:5029:1228#0	unique	2R	18539095	0	1
ILLUMINA-075005_0053_FC:3:1:5170:1226#0	unique	3R	11754153	0	1
ILLUMINA-075005_0053_FC:3:1:5683:1228#0	unique	3R	6470267	0	1
ILLUMINA-075005_0053_FC:3:1:5989:1231#0	unique	2R	13958549	0	1
ILLUMINA-075005_0053_FC:3:1:6246:1235#0	unique	X	266176	0	1
ILLUMINA-075005_0053_FC:3:1:6504:1229#0	unique	3L	16231080	0	1
ILLUMINA-075005_0053_FC:3:1:6805:1234#0	unique	3R	7088322	1	1
ILLUMINA-075005_0053_FC:3:1:6856:1234#0	unique	2R	15545247	2	1
ILLUMINA-075005_0053_FC:3:1:6971:1228#0	unique	3R	18228228	0	1
ILLUMINA-075005_0053_FC:3:1:7418:1228#0	unique	3L	1840580	1	1
ILLUMINA-075005_0053_FC:3:1:7656:1225#0	unique	2R	17537586	0	1
ILLUMINA-075005_0053_FC:3:1:8425:1231#0	unique	X	2034990	0	1
ILLUMINA-075005_0053_FC:3:1:8601:1229#0	unique	2R	14245880	0	1
ILLUMINA-075005_0053_FC:3:1:9134:1232#0	unique	X	5673408	0	1
ILLUMINA-075005_0053_FC:3:1:9231:1234#0	unique	2R	20533724	1	1
ILLUMINA-075005_0053_FC:3:1:9423:1234#0	unique	3L	5144110	0	1
ILLUMINA-075005_0053_FC:3:1:10669:1229#0	unique	3R	30173220	0	1
ILLUMINA-075005_0053_FC:3:1:10748:1227#0	unique	3R	15314573	0	1
ILLUMINA-075005_0053_FC:3:1:11051:1227#0	unique	X	19740938	0	1
ILLUMINA-075005_0053_FC:3:1:11278:1230#0	unique	2R	8932924	0	1
ILLUMINA-075005_0053_FC:3:1:11478:1226#0	unique	3R	30206547	0	1
ILLUMINA-075005_0053_FC:3:1:11516:1226#0	unique	2L	9549453	0	1
ILLUMINA-075005_0053_FC:3:1:12061:1229#0	unique	3R	29156720	0	1
ILLUMINA-075005_0053_FC:3:1:12084:1232#0	unique	3R	13642316	0	1
ILLUMINA-075005_0053_FC:3:1:12391:1230#0	unique	X	13593702	0	1
ILLUMINA-075005_0053_FC:3:1:13857:1228#0	unique	3L	1777963	2	1
ILLUMINA-075005_0053_FC:3:1:13974:1228#0	unique	3R	29748046	0	1
ILLUMINA-075005_0053_FC:3:1:14174:1224#0	unique	3L	14753669	0	1
ILLUMINA-075005_0053_FC:3:1:14334:1234#0	unique	3R	31217801	0	1
ILLUMINA-075005_0053_FC:3:1:14632:1224#0	unique	2L	10303598	0	1
ILLUMINA-075005_0053_FC:3:1:14725:1233#0	unique	2R	17097253	0	1
ILLUMINA-075005_0053_FC:3:1:14775:1229#0	unique	3L	21985939	0	1
ILLUMINA-075005_0053_FC:3:1:14843:1225#0	unique	2L	14165981	1	1
ILLUMINA-075005_0053_FC:3:1:16114:1224#0	unique	3L	9376464	0	1
ILLUMINA-075005_0053_FC:3:1:16129:1233#0	unique	3R	10871385	0	1
ILLUMINA-075005_0053_FC:3:1:16292:1231#0	unique	3L	2588729	0	1
ILLUMINA-075005_0053_FC:3:1:16601:1226#0	unique	X	5664933	1	1
ILLUMINA-075005_0053_FC:3:1:16759:1226#0	unique	X	15139014	0	1
ILLUMINA-075005_0053_FC:3:1:17428:1226#0	unique	3L	9832592	0	1
ILLUMINA-075005_0053_FC:3:1:17499:1231#0	unique	3R	15440656	1	1
ILLUMINA-075005_0053_FC:3:1:18649:1224#0	unique	3R	27924666	0	1
ILLUMINA-075005_0053_FC:3:1:19213:1235#0	unique	2R	23359029	0	1
ILLUMINA-075005_0053_FC:3:1:1120:1239#0	unique	3L	1331339	2	1
ILLUMINA-075005_0053_FC:3:1:1388:1238#0	unique	2R	23996634	0	1
ILLUMINA-075005_0053_FC:3:1:1531:1241#0	unique	X	9159638	0	1
ILLUMINA-075005_0053_FC:3:1:2034:1239#0	unique	X	2025626	0	1
ILLUMINA-075005_0053_FC:3:1:2108:1236#0	unique	X	7900134	1	1
ILLUMINA-075005_0053_FC:3:1:2253:1241#0	unique	3R	31763889	0	1
ILLUMINA-075005_0053_FC:3:1:2275:1238#0	unique	3L	9730989	0	1
ILLUMINA-075005_0053_FC:3:1:2373:1243#0	unique	2L	7744493	0	1
ILLUMINA-075005_0053_FC:3:1:3444:1241#0	unique	3R	15544947	0	1
ILLUMINA-075005_0053_FC:3:1:3619:1247#0	unique	3L	8327240	3	1
ILLUMINA-075005_0053_FC:3:1:4102:1241#0	unique	3R	31253152	0	1
ILLUMINA-075005_0053_FC:3:1:4186:1245#0	unique	3R	19027553	0	1
ILLUMINA-075005_0053_FC:3:1:4251:1237#0	unique	2R	18450507	0	1
ILLUMINA-075005_0053_FC:3:1:4372:1236#0	unique	X	14226564	0	1
ILLUMINA-075005_0053_FC:3:1:4457:1246#0	unique	X	15847921	2	1
ILLUMINA-075005_0053_FC:3:1:5407:1241#0	unique	2R	7792007	0	1
ILLUMINA-075005_0053_FC:3:1:5825:1236#0	unique	2L	561031	0	1
ILLUMINA-075005_0053_FC:3:1:6098:1241#0	unique	X	9554753	1	1
ILLUMINA-075005_0053_FC:3:1:6133:1240#0	unique	2R	22607788	1	1
ILLUMINA-075005_0053_FC:3:1:6266:1236#0	unique	3R	11894226	0	1
ILLUMINA-075005_0053_FC:3:1:6435:1238#0	unique	2L	6937238	3	1
ILLUMINA-075005_0053_FC:3:1:7000:1235#0	unique	2L	13945298	0	1
ILLUMINA-075005_0053_FC:3:1:7034:1239#0	unique	2L	10771107	0	1
ILLUMINA-075005_0053_FC:3:1:7076:1246#0	unique	2L	561004	0	1
ILLUMINA-075005_0053_FC:3:1:7166:1237#0	unique	3R	27045821	0	1
ILLUMINA-075005_0053_FC:3:1:7186:1237#0	unique	3R	15245955	1	1
ILLUMINA-075005_0053_FC:3:1:7427:1246#0	unique	2L	19008432	1	1
ILLUMINA-075005_0053_FC:3:1:7607:1240#0	unique	3L	13448745	1	1
ILLUMINA-075005_0053_FC:3:1:8089:1244#0	unique	2L	21679045	1	1
ILLUMINA-075005_0053_FC:3:1:8220:1243#0	unique	3L	21986814	0	1
ILLUMINA-075005_0053_FC:3:1:8481:1240#0	unique	2R	20264696	3	1
ILLUMINA-075005_0053_FC:3:1:8739:1245#0	unique	X	18426508	1	1
ILLUMINA-075005_0053_FC:3:1:8801:1244#0	unique	3L	3812135	1	1
ILLUMINA-075005_0053_FC:3:1:8987:1244#0	unique	3R	27050142	0	1
ILLUMINA-075005_0053_FC:3:1:9025:1243#0	unique	2R	19447956	1	1
ILLUMINA-075005_0053_FC:3:1:9306:1237#0	unique	2L	12105529	0	1
ILLUMINA-075005_0053_FC:3:1:9701:1244#0	unique	2L	18988220	0	1
ILLUMINA-075005_0053_FC:3:1:10026:1236#0	unique	2R	17409774	1	1
ILLUMINA-075005_0053_FC:3:1:10242:1244#0	unique	3L	16308072	1	1
ILLUMINA-075005_0053_FC:3:1:10263:1246#0	unique	2L	13945533	0	1
ILLUMINA-075005_0053_FC:3:1:10281:1241#0	unique	2L	10410305	0	1
ILLUMINA-075005_0053_FC:3:1:11212:1240#0	unique	2L	10848070	1	1
ILLUMINA-075005_0053_FC:3:1:11293:1238#0	unique	2L	10848386	1	1
ILLUMINA-075005_0053_FC:3:1:11434:1237#0	unique	X	1370047	0	1
ILLUMINA-075005_0053_FC:3:1:12002:1240#0	unique	3L	17475719	0	1
ILLUMINA-075005_0053_FC:3:1:12118:1236#0	unique	2R	19173765	1	1
ILLUMINA-075005_0053_FC:3:1:12272:1246#0	unique	X	18794650	0	1
ILLUMINA-075005_0053_FC:3:1:12293:1241#0	unique	X	13331341	0	1
ILLUMINA-075005_0053_FC:3:1:12409:1237#0	multi				2
ILLUMINA-075005_0053_FC:3:1:12495:1240#0	unique	2L	12106635	0	1
ILLUMINA-075005_0053_FC:3:1:12763:1243#0	unmapped				0
ILLUMINA-075005_0053_FC:3:1:13785:1243#0	unique	4	1033875	0	1
ILLUMINA-075005_0053_FC:3:1:13806:1241#0	unique	2R	14756933	0	1
ILLUMINA-075005_0053_FC:3:1:13931:1240#0	multi				6
ILLUMINA-075005_0053_FC:3:1:14027:1237#0	unique	2R	9587880	0	1
ILLUMINA-075005_0053_FC:3:1:14218:1240#0	unique	3R	25681773	0	1
ILLUMINA-075005_0053_FC:3:1:14510:1241#0	unique	3R	8347266	0	1
ILLUMINA-075005_0053_FC:3:1:14533:1244#0	unique	3R	30171778	0	1
ILLUMINA-075005_0053_FC:3:1:14679:1238#0	unique	3L	3175601	0	1
ILLUMINA-075005_0053_FC:3:1:15412:1242#0	unique	3L	4287291	0	1
ILLUMINA-075005_0053_FC:3:1:15697:1243#0	unmapped				0
ILLUMINA-075005_0053_FC:3:1:15796:1241#0	unique	2R	14756946	0	1
ILLUMINA-075005_0053_FC:3:1:15987:1241#0	unique	2R	17408402	0	1
ILLUMINA-075005_0053_FC:3:1:16442:1238#0	unique	X	4698861	0	1
ILLUMINA-075005_0053_FC:3:1:16617:1246#0	unique	3R	30173332	0	1
ILLUMINA-075005_0053_FC:3:1:16756:1245#0	unique	3L	9048953	1	1
ILLUMINA-075005_0053_FC:3:1:16809:1245#0	unique	2R	22801106	0	1
ILLUMINA-075005_0053_FC:3:1:17062:1240#0	unique	3R	31216984	0	1
ILLUMINA-075005_0053_FC:3:1:18603:1240#0	unique	3R	29863087	0	1
ILLUMINA-075005_0053_FC:3:1:18626:1235#0	unique	3L	1653330	0	1
ILLUMINA-075005_0053_FC:3:1:18828:1244#0	unique	3R	15442078	1	1
ILLUMINA-075005_0053_FC:3:1:19083:1239#0	unique	X	15138599	0	1
ILLUMINA-075005_0053_FC:3:1:1195:1251#0	unique	X	764554	1	1
ILLUMINA-075005_0053_FC:3:1:1427:1249#0	unique	3L	18899612	1	1
ILLUMINA-075005_0053_FC:3:1:1792:1250#0	unique	3R	25483192	0	1
ILLUMINA-075005_0053_FC:3:1:1962:1257#0	unique	3L	19609561	0	1
ILLUMINA-075005_0053_FC:3:1:2414:1247#0	unique	3R	15266609	0	1
ILLUMINA-075005_0053_FC:3:1:3009:1247#0	unique	X	22605272	0	1
ILLUMINA-075005_0053_FC:3:1:3074:1250#0	unique	2R	14215398	0	1
ILLUMINA-075005_0053_FC:3:1:3301:1256#0	unique	2R	19448404	0	1
ILLUMINA-075005_0053_FC:3:1:3491:1258#0	unique	2L	19959407	0	1
ILLUMINA-075005_0053_FC:3:1:3657:1258#0	unique	2R	11618066	1	1
ILLUMINA-075005_0053_FC:3:1:3979:1255#0	unique	2L	1725672	0	1
ILLUMINA-075005_0053_FC:3:1:4171:1257#0	unique	3L	9428906	0	1
ILLUMINA-075005_0053_FC:3:1:4370:1256#0	unique	2L	13933620	0	1
ILLUMINA-075005_0053_FC:3:1:4809:1251#0	unique	3R	10118871	0	1
ILLUMINA-075005_0053_FC:3:1:5225:1247#0	unique	3L	1566716	1	1
ILLUMINA-075005_0053_FC:3:1:5902:1253#0	unique	2R	22801625	0	1
ILLUMINA-075005_0053_FC:3:1:6091:1258#0	unique	2L	21725228	0	1
ILLUMINA-075005_0053_FC:3:1:6455:1256#0	unique	X	15787880	0	1
ILLUMINA-075005_0053_FC:3:1:6863:1259#0	unique	3R	11244434	0	1
ILLUMINA-075005_0053_FC:3:1:6881:1258#0	unique	3L	21986966	0	1
ILLUMINA-075005_0053_FC:3:1:6955:1256#0	unique	3R	7088611	0	1
ILLUMINA-075005_0053_FC:3:1:7025:1257#0	unique	3R	15441865	0	1
ILLUMINA-075005_0053_FC:3:1:7503:1256#0	unique	X	19493194	0	1
ILLUMINA-075005_0053_FC:3:1:7705:1248#0	unique	3R	18228391	0	1
ILLUMINA-075005_0053_FC:3:1:7751:1249#0	unique	2L	4228432	0	1
ILLUMINA-075005_0053_FC:3:1:8041:1258#0	unique	X	5903985	1	1
ILLUMINA-075005_0053_FC:3:1:8155:1256#0	unique	3R	15341945	0	1
ILLUMINA-075005_0053_FC:3:1:8287:1251#0	unique	2L	13394184	0	1
ILLUMINA-075005_0053_FC:3:1:8545:1257#0	unique	3L	9061972	1	1
ILLUMINA-075005_0053_FC:3:1:8835:1256#0	unique	2L	6978214	0	1
ILLUMINA-075005_0053_FC:3:1:9188:1251#0	unique	3L	13024377	2	1
ILLUMINA-075005_0053_FC:3:1:9224:1258#0	unique	3R	29862866	0	1
ILLUMINA-075005_0053_FC:3:1:9400:1252#0	unique	2R	23548678	0	1
ILLUMINA-075005_0053_FC:3:1:9524:1254#0	unique	2L	9896309	0	1
ILLUMINA-075005_0053_FC:3:1:9903:1254#0	unique	2L	18715965	0	1
ILLUMINA-075005_0053_FC:3:1:10084:1250#0	unique	2L	9390641	0	1
ILLUMINA-075005_0053_FC:3:1:10561:1251#0	unique	2R	19473877	0	1
ILLUMINA-075005_0053_FC:3:1:10693:1251#0	unique	2R	12167385	1	1
ILLUMINA-075005_0053_FC:3:1:11826:1258#0	unique	2R	24762720	0	1
ILLUMINA-075005_0053_FC:3:1:12810:1256#0	unique	3L	17954600	0	1
ILLUMINA-075005_0053_FC:3:1:12973:1250#0	unique	2L	8161798	1	1
ILLUMINA-075005_0053_FC:3:1:13146:1249#0	multi				2
ILLUMINA-075005_0053_FC:3:1:13259:1248#0	unique	2R	7312567	0	1
ILLUMINA-075005_0053_FC:3:1:13275:1255#0	unique	2L	21678809	0	1
ILLUMINA-075005_0053_FC:3:1:14470:1255#0	unmapped				0
ILLUMINA-075005_0053_FC:3:1:14582:1257#0	unique	2R	22607906	0	1
ILLUMINA-075005_0053_FC:3:1:14721:1259#0	unique	X	6359171	0	1
ILLUMINA-075005_0053_FC:3:1:15145:1253#0	unique	3L	8338103	1	1
ILLUMINA-075005_0053_FC:3:1:15719:1247#0	unique	3R	11819765	0	1
ILLUMINA-075005_0053_FC:3:1:16149:1249#0	unique	2R	17409175	0	1
ILLUMINA-075005_0053_FC:3:1:16295:1256#0	unique	3R	18228282	0	1
ILLUMINA-075005_0053_FC:3:1:16331:1247#0	unique	2R	14215445	1	1
ILLUMINA-075005_0053_FC:3:1:16666:1253#0	unique	3R	20672277	0	1
ILLUMINA-075005_0053_FC:3:1:16991:1256#0	unique	3L	27268377	0	1
ILLUMINA-075005_0053_FC:3:1:17111:1247#0	unique	3R	25684350	1	1
ILLUMINA-075005_0053_FC:3:1:17279:1247#0	unique	2R	23930524	0	1
ILLUMINA-075005_0053_FC:3:1:18369:1253#0	unique	X	6677398	0	1
ILLUMINA-075005_0053_FC:3:1:1419:1269#0	unique	2R	13159549	1	1
ILLUMINA-075005_0053_FC:3:1:1572:1261#0	unique	2R	23386123	0	1
ILLUMINA-075005_0053_FC:3:1:1770:1267#0	unique	2R	14215398	0	1
ILLUMINA-075005_0053_FC:3:1:1800:1269#0	unique	X	18105930	0	1
ILLUMINA-075005_0053_FC:3:1:2186:1260#0	unique	X	18105945	0	1
ILLUMINA-075005_0053_FC:3:1:2213:1264#0	unique	2R	22640785	0	1
ILLUMINA-075005_0053_FC:3:1:2831:1260#0	unique	2R	22854687	0	1
ILLUMINA-075005_0053_FC:3:1:3207:1267#0	unique	3R	15440763	0	1
ILLUMINA-075005_0053_FC:3:1:3389:1263#0	unique	2L	13933457	0	1
ILLUMINA-075005_0053_FC:3:1:3606:1264#0	unique	3L	21827774	0	1
ILLUMINA-075005_0053_FC:3:1:3833:1264#0	unique	3R	31763582	0	1
ILLUMINA-075005_0053_FC:3:1:3872:1261#0	unique	3L	16963286	1	1
ILLUMINA-075005_0053_FC:3:1:3959:1262#0	unique	2R	17409783	0	1
ILLUMINA-075005_0053_FC:3:1:5458:1262#0	unique	2R	16773501	0	1
ILLUMINA-075005_0053_FC:3:1:5522:1264#0	unique	X	2235181	0	1
ILLUMINA-075005_0053_FC:3:1:5566:1259#0	unique	3L	17955788	0	1
ILLUMINA-075005_0053_FC:3:1:5778:1268#0	multi				2
ILLUMINA-075005_0053_FC:3:1:5937:1269#0	unique	X	6999317	0	1
ILLUMINA-075005_0053_FC:3:1:6410:1259#0	unique	2L	1607059	0	1
ILLUMINA-075005_0053_FC:3:1:6580:1263#0	unique	X	15138710	0	1
ILLUMINA-075005_0053_FC:3:1:6995:1267#0	unique	3R	31763548	0	1
ILLUMINA-075005_0053_FC:3:1:7582:1264#0	unique	3L	9509893	0	1
ILLUMINA-075005_0053_FC:3:1:7659:1263#0	unique	3L	11823269	0	1
ILLUMINA-075005_0053_FC:3:1:7732:1267#0	unique	3L	8326860	0	1
ILLUMINA-075005_0053_FC:3:1:7883:1264#0	unique	2R	24027412	2	1
ILLUMINA-075005_0053_FC:3:1:8187:1268#0	unique	2R	23999499	0	1
ILLUMINA-075005_0053_FC:3:1:8213:1260#0	unique	3L	8572087	0	1
ILLUMINA-075005_0053_FC:3:1:8635:1264#0	unique	3R	20578292	0	1
ILLUMINA-075005_0053_FC:3:1:8676:1262#0	unique	2L	5221291	1	1
ILLUMINA-075005_0053_FC:3:1:8892:1261#0	unique	3L	13043792	0	1
ILLUMINA-075005_0053_FC:3:1:9035:1261#0	unique	3R	29149753	0	1
ILLUMINA-075005_0053_FC:3:1:9065:1264#0	unique	2L	12063705	2	1
ILLUMINA-075005_0053_FC:3:1:9088:1260#0	unique	X	3949611	0	1
ILLUMINA-075005_0053_FC:3:1:9387:1265#0	unique	2R	15858666	0	1
ILLUMINA-075005_0053_FC:3:1:10193:1266#0	multi				2
ILLUMINA-075005_0053_FC:3:1:10318:1270#0	unique	3R	5625023	1	1
ILLUMINA-075005_0053_FC:3:1:10875:1269#0	unique	3R	30010498	0	1
ILLUMINA-075005_0053_FC:3:1:11020:1261#0	unique	2R	17546816	1	1
ILLUMINA-075005_0053_FC:3:1:11115:1265#0	unique	2R	22640734	0	1
ILLUMINA-075005_0053_FC:3:1:11193:1266#0	unique	2L	13921098	0	1
ILLUMINA-075005_0053_FC:3:1:11522:1268#0	unique	3L	19691125	1	1
ILLUMINA-075005_0053_FC:3:1:11551:1261#0	unique	2L	9968382	0	1
ILLUMINA-075005_0053_FC:3:1:11646:1268#0	unique	2R	8940871	1	1
ILLUMINA-075005_0053_FC:3:1:11733:1268#0	unique	3L	8957405	0	1
ILLUMINA-075005_0053_FC:3:1:12080:1266#0	unique	X	6741856	0	1
ILLUMINA-075005_0053_FC:3:1:12261:1269#0	unique	3L	9510477	0	1
ILLUMINA-075005_0053_FC:3:1:13017:1260#0	unique	2L	10771111	0	1
ILLUMINA-075005_0053_FC:3:1:13473:1268#0	unique	2L	3036640	0	1
ILLUMINA-075005_0053_FC:3:1:13875:1268#0	unique	X	18426846	0	1
ILLUMINA-075005_0053_FC:3:1:13959:1267#0	unique	2R	22640601	1	1
ILLUMINA-075005_0053_FC:3:1:14308:1260#0	unique	3L	8643477	0	1
ILLUMINA-075005_0053_FC:3:1:15023:1259#0	unique	2R	12404790	0	1
ILLUMINA-075005_0053_FC:3:1:15409:1266#0	unique	3R	25684081	0	1
ILLUMINA-075005_0053_FC:3:1:15665:1262#0	unique	2L	16786560	0	1
ILLUMINA-075005_0053_FC:3:1:15742:1266#0	unique	2R	22801644	0	1
ILLUMINA-075005_0053_FC:3:1:15844:1259#0	unique	2R	23867183	0	1
ILLUMINA-075005_0053_FC:3:1:15940:1259#0	unique	2R	5436135	0	1
ILLUMINA-075005_0053_FC:3:1:15956:1270#0	unique	X	12687364	0	1
ILLUMINA-075005_0053_FC:3:1:16071:1262#0	unique	X	11110695	0	1
ILLUMINA-075005_0053_FC:3:1:16690:1259#0	unique	X	11111048	1	1
ILLUMINA-075005_0053_FC:3:1:16742:1266#0	unique	X	16387820	0	1
ILLUMINA-075005_0053_FC:3:1:17781:1268#0	unique	3R	14892199	0	1
ILLUMINA-075005_0053_FC:3:1:18342:1264#0	unique	3R	31217841	0	1
ILLUMINA-075005_0053_FC:3:1:18469:1263#0	unique	2R	24263949	0	1
ILLUMINA-075005_0053_FC:3:1:18679:1261#0	unique	2L	900634	0	1
ILLUMINA-075005_0053_FC:3:1:18874:1270#0	unique	X	11110096	0	1
ILLUMINA-075005_0053_FC:3:1:18897:1270#0	unique	3L	15138097	0	1
ILLUMINA-075005_0053_FC:3:1:19353:1269#0	unique	3R	15440786	0	1
ILLUMINA-075005_0053_FC:3:1:19412:1264#0	unique	2R	11618231	1	1
ILLUMINA-075005_0053_FC:3:1:19463:1270#0	unique	2L	18530444	1	1
ILLUMINA-075005_0053_FC:3:1:19726:1261#0	unique	2L	5205396	0	1
ILLUMINA-075005_0053_FC:3:1:1229:1273#0	unique	3L	7720736	1	1
ILLUMINA-075005_0053_FC:3:1:1749:1281#0	multi				2
ILLUMINA-075005_0053_FC:3:1:2143:1281#0	unique	3R	11986980	0	1
ILLUMINA-075005_0053_FC:3:1:2595:1280#0	unique	2L	20386734	0	1
ILLUMINA-075005_0053_FC:3:1:3187:1271#0	unique	2L	13370673	0	1
ILLUMINA-075005_0053_FC:3:1:3349:1279#0	unique	3R	13778580	1	1
ILLUMINA-075005_0053_FC:3:1:3670:1273#0	unique	2L	13922245	0	1
ILLUMINA-075005_0053_FC:3:1:3720:1279#0	unique	X	16387091	0	1
ILLUMINA-075005_0053_FC:3:1:4262:1279#0	unique	2R	17409258	0	1
ILLUMINA-075005_0053_FC:3:1:5061:1282#0	unique	3R	11224130	0	1
ILLUMINA-075005_0053_FC:3:1:5250:1272#0	unique	4	860685	0	1
ILLUMINA-075005_0053_FC:3:1:5333:1278#0	unique	2R	17408402	0	1
ILLUMINA-075005_0053_FC:3:1:5504:1279#0	unique	X	20138363	1	1
ILLUMINA-075005_0053_FC:3:1:5537:1277#0	unique	2R	17546809	0	1
ILLUMINA-075005_0053_FC:3:1:5607:1279#0	unique	2R	21658699	0	1
ILLUMINA-075005_0053_FC:3:1:5758:1273#0	unique	2L	9555419	0	1
ILLUMINA-075005_0053_FC:3:1:5911:1271#0	unique	X	10461138	0	1
ILLUMINA-075005_0053_FC:3:1:6465:1282#0	unique	2L	16783198	0	1
ILLUMINA-075005_0053_FC:3:1:7036:1282#0	unique	2R	22130818	1	1
ILLUMINA-075005_0053_FC:3:1:7398:1271#0	unique	3R	13362335	0	1
ILLUMINA-075005_0053_FC:3:1:7599:1274#0	unique	3L	17849160	0	1
ILLUMINA-075005_0053_FC:3:1:7960:1282#0	unique	2L	12978009	1	1
ILLUMINA-075005_0053_FC:3:1:8230:1270#0	unique	2L	9427482	0	1
ILLUMINA-075005_0053_FC:3:1:8603:1279#0	unique	3R	31255613	0	1
ILLUMINA-075005_0053_FC:3:1:8915:1280#0	unique	2L	6934656	0	1
ILLUMINA-075005_0053_FC:3:1:9000:1273#0	unique	3R	29863417	0	1
ILLUMINA-075005_0053_FC:3:1:9223:1279#0	unique	2L	15036886	0	1
ILLUMINA-075005_0053_FC:3:1:9290:1276#0	unique	2R	24006755	1	1
ILLUMINA-075005_0053_FC:3:1:10038:1282#0	unique	X	657364	1	1
ILLUMINA-075005_0053_FC:3:1:10214:1273#0	unique	3R	7088334	1	1
ILLUMINA-075005_0053_FC:3:1:10254:1273#0	unique	3L	13995512	2	1
ILLUMINA-075005_0053_FC:3:1:10692:1274#0	unique	2L	4966380	0	1
ILLUMINA-075005_0053_FC:3:1:10766:1280#0	unique	3L	16126127	0	1
ILLUMINA-075005_0053_FC:3:1:11691:1278#0	unique	2R	21658615	0	1
ILLUMINA-075005_0053_FC:3:1:12060:1271#0	unique	3L	4209006	0	1
ILLUMINA-075005_0053_FC:3:1:12177:1276#0	unique	3R	5625579	0	1
ILLUMINA-075005_0053_FC:3:1:12410:1274#0	unique	X	6681658	0	1
ILLUMINA-075005_0053_FC:3:1:13534:1273#0	unique	3L	13043787	0	1
ILLUMINA-075005_0053_FC:3:1:14145:1271#0	unique	2L	21717130	1	1
ILLUMINA-075005_0053_FC:3:1:14464:1276#0	unique	4	1032953	0	1
ILLUMINA-075005_0053_FC:3:1:14542:1276#0	unique	2L	5046230	0	1
ILLUMINA-075005_0053_FC:3:1:14707:1271#0	unique	2R	9105231	0	1
ILLUMINA-075005_0053_FC:3:1:15442:1282#0	unique	3L	5798006	1	1
ILLUMINA-075005_0053_FC:3:1:16017:1277#0	unique	2L	22247150	0	1
ILLUMINA-075005_0053_FC:3:1:16105:1278#0	unique	2L	6933170	1	1
ILLUMINA-075005_0053_FC:3:1:16158:1273#0	unique	2R	17409783	0	1
ILLUMINA-075005_0053_FC:3:1:16596:1272#0	unique	2R	16570292	0	1
ILLUMINA-075005_0053_FC:3:1:16905:1275#0	unique	X	9607665	0	1
ILLUMINA-075005_0053_FC:3:1:17146:1271#0	unique	3L	19691099	1	1
ILLUMINA-075005_0053_FC:3:1:17173:1273#0	unique	2R	7792653	0	1
ILLUMINA-075005_0053_FC:3:1:17694:1281#0	unmapped				0
ILLUMINA-075005_0053_FC:3:1:18133:1275#0	unique	2L	13920796	0	1
ILLUMINA-075005_0053_FC:3:1:18239:1279#0	multi				9
ILLUMINA-075005_0053_FC:3:1:18274:1280#0	multi				2
ILLUMINA-075005_0053_FC:3:1:18916:1279#0	unique	2R	21294316	0	1
ILLUMINA-075005_0053_FC:3:1:18986:1276#0	unique	2R	24077863	0	1
ILLUMINA-075005_0053_FC:3:1:19512:1280#0	unique	3L	1667385	1	1
ILLUMINA-075005_0053_FC:3:1:1724:1292#0	unique	3L	8640607	0	1
ILLUMINA-075005_0053_FC:3:1:2004:1293#0	unique	3L	21568446	0	1
ILLUMINA-075005_0053_FC:3:1:2916:1293#0	unique	X	4370131	0	1
ILLUMINA-075005_0053_FC:3:1:3550:1286#0	unique	3R	30171991	0	1
ILLUMINA-075005_0053_FC:3:1:5150:1287#0	unique	3R	23626615	0	1
ILLUMINA-075005_0053_FC:3:1:5174:1289#0	unique	2R	17763394	0	1
ILLUMINA-075005_0053_FC:3:1:5245:1292#0	unique	3L	21263484	2	1
ILLUMINA-075005_0053_FC:3:1:5727:1294#0	unique	X	7899735	0	1
ILLUMINA-075005_0053_FC:3:1:5787:1290#0	unique	2L	22247149	1	1
ILLUMINA-075005_0053_FC:3:1:6082:1291#0	unique	3R	30172915	1	1
ILLUMINA-075005_0053_FC:3:1:6407:1291#0	unique	3R	31741060	2	1
ILLUMINA-075005_0053_FC:3:1:6442:1293#0	unique	3R	15306635	1	1
ILLUMINA-075005_0053_FC:3:1:7172:1288#0	unique	3R	10263705	0	1
ILLUMINA-075005_0053_FC:3:1:7939:1283#0	unique	2L	4944622	0	1
ILLUMINA-075005_0053_FC:3:1:8139:1288#0	unique	2L	1984952	1	1
ILLUMINA-075005_0053_FC:3:1:8210:1292#0	unique	X	18426279	0	1
ILLUMINA-075005_0053_FC:3:1:8355:1288#0	unique	2R	22800256	0	1
ILLUMINA-075005_0053_FC:3:1:8698:1284#0	unique	3R	31741730	0	1
ILLUMINA-075005_0053_FC:3:1:8990:1293#0	unique	3R	25891018	2	1
ILLUMINA-075005_0053_FC:3:1:9133:1284#0	unique	3L	8326216	0	1
ILLUMINA-075005_0053_FC:3:1:9404:1291#0	unique	3R	27691943	1	1
ILLUMINA-075005_0053_FC:3:1:9475:1292#0	unique	X	6367918	0	1
ILLUMINA-075005_0053_FC:3:1:10016:1290#0	unique	2L	13922245	0	1
ILLUMINA-075005_0053_FC:3:1:10097:1290#0	unique	X	7899749	1	1
ILLUMINA-075005_0053_FC:3:1:10326:1288#0	unique	2R	6080055	0	1
ILLUMINA-075005_0053_FC:3:1:11351:1293#0	unique	4	1034392	0	1
ILLUMINA-075005_0053_FC:3:1:11445:1294#0	unique	2L	7744042	0	1
ILLUMINA-075005_0053_FC:3:1:11466:1289#0	unique	3R	11224771	2	1
ILLUMINA-075005_0053_FC:3:1:11672:1288#0	unique	3L	20779832	0	1
ILLUMINA-075005_0053_FC:3:1:11934:1284#0	unique	3R	21202185	0	1
ILLUMINA-075005_0053_FC:3:1:12495:1283#0	unique	2L	16777022	0	1
ILLUMINA-075005_0053_FC:3:1:13243:1292#0	unique	3R	26257819	0	1
ILLUMINA-075005_0053_FC:3:1:13553:1293#0	unique	3L	9048911	0	1
ILLUMINA-075005_0053_FC:3:1:13607:1291#0	unique	2L	9574229	0	1
ILLUMINA-075005_0053_FC:3:1:13748:1287#0	unique	3R	16186073	0	1
ILLUMINA-075005_0053_FC:3:1:13844:1287#0	unique	2R	16586385	0	1
ILLUMINA-075005_0053_FC:3:1:13870:1285#0	unique	3R	15440836	0	1
ILLUMINA-075005_0053_FC:3:1:13992:1282#0	unique	2L	9968348	0	1
ILLUMINA-075005_0053_FC:3:1:14073:1290#0	unique	3L	2042407	0	1
ILLUMINA-075005_0053_FC:3:1:14108:1291#0	unique	X	1452119	0	1
ILLUMINA-075005_0053_FC:3:1:14305:1284#0	unique	3R	11209473	0	1
ILLUMINA-075005_0053_FC:3:1:14428:1286#0	unique	2L	6047625	0	1
ILLUMINA-075005_0053_FC:3:1:14502:1292#0	unique	3L	12807664	0	1
ILLUMINA-075005_0053_FC:3:1:15402:1283#0	unique	X	657189	0	1
ILLUMINA-075005_0053_FC:3:1:15486:1291#0	unique	X	6531313	0	1
ILLUMINA-075005_0053_FC:3:1:15822:1283#0	unique	3L	2040331	0	1
ILLUMINA-075005_0053_FC:3:1:16280:1292#0	unique	3R	30173326	0	1
ILLUMINA-075005_0053_FC:3:1:16305:1287#0	unique	2R	12760119	2	1
ILLUMINA-075005_0053_FC:3:1:16490:1286#0	unique	X	6741806	1	1
ILLUMINA-075005_0053_FC:3:1:16852:1284#0	unique	3L	16586026	0	1
ILLUMINA-075005_0053_FC:3:1:16992:1293#0	unique	3R	30385878	1	1
ILLUMINA-075005_0053_FC:3:1:17088:1285#0	unique	3L	1274048	0	1
ILLUMINA-075005_0053_FC:3:1:17173:1291#0	unique	X	6680949	0	1
ILLUMINA-075005_0053_FC:3:1:17667:1285#0	unique	3L	16294723	0	1
ILLUMINA-075005_0053_FC:3:1:18347:1285#0	multi				2
ILLUMINA-075005_0053_FC:3:1:18420:1286#0	unique	2R	7792115	0	1
ILLUMINA-075005_0053_FC:3:1:18772:1288#0	unique	X	16318482	0	1
ILLUMINA-075005_0053_FC:3:1:18862:1288#0	unique	2R	15544795	0	1
ILLUMINA-075005_0053_FC:3:1:1106:1297#0	unique	3L	8601711	1	1
ILLUMINA-075005_0053_FC:3:1:1600:1302#0	unique	2R	7312870	1	1
ILLUMINA-075005_0053_FC:3:1:1764:1299#0	unique	X	16638802	0	1
ILLUMINA-075005_0053_FC:3:1:2134:1298#0	unique	2R	17408616	0	1
ILLUMINA-075005_0053_FC:3:1:2282:1302#0	unique	3R	31216246	0	1
ILLUMINA-075005_0053_FC:3:1:2764:1300#0	unique	2L	13933502	0	1
ILLUMINA-075005_0053_FC:3:1:2858:1303#0	unique	3R	8296504	1	1
ILLUMINA-075005_0053_FC:3:1:3200:1297#0	unique	X	5684207	0	1
ILLUMINA-075005_0053_FC:3:1:3222:1303#0	unique	2L	4228365	0	1
ILLUMINA-075005_0053_FC:3:1:3633:1297#0	unique	2L	11003608	1	1
ILLUMINA-075005_0053_FC:3:1:3659:1302#0	unique	3R	15298473	1	1
ILLUMINA-075005_0053_FC:3:1:3684:1294#0	unique	2R	22607858	0	1
ILLUMINA-075005_0053_FC:3:1:4278:1295#0	unique	2R	8621238	0	1
ILLUMINA-075005_0053_FC:3:1:4464:1296#0	unique	X	18423520	0	1
ILLUMINA-075005_0053_FC:3:1:4655:1299#0	unique	3R	26257453	0	1
ILLUMINA-075005_0053_FC:3:1:4888:1303#0	unique	3L	9882772	0	1
ILLUMINA-075005_0053_FC:3:1:4953:1301#0	unique	2R	22645435	0	1
ILLUMINA-075005_0053_FC:3:1:5277:1305#0	unique	3L	11206875	0	1
ILLUMINA-075005_0053_FC:3:1:5317:1299#0	unique	3L	18899466	0	1
ILLUMINA-075005_0053_FC:3:1:5562:1295#0	unique	2R	17408722	2	1
ILLUMINA-075005_0053_FC:3:1:7694:1302#0	unique	4	1033649	0	1
ILLUMINA-075005_0053_FC:3:1:7954:1299#0	unique	2R	15541994	1	1
ILLUMINA-075005_0053_FC:3:1:7992:1299#0	unique	3L	1667342	0	1
ILLUMINA-075005_0053_FC:3:1:8263:1295#0	unique	3L	2723834	0	1
ILLUMINA-075005_0053_FC:3:1:8498:1298#0	unique	2L	22247253	0	1
ILLUMINA-075005_0053_FC:3:1:8712:1303#0	unique	3L	365268	0	1
ILLUMINA-075005_0053_FC:3:1:9106:1297#0	unique	2L	11157494	2	1
ILLUMINA-075005_0053_FC:3:1:9360:1301#0	unique	3R	31217008	0	1
ILLUMINA-075005_0053_FC:3:1:9591:1300#0	unique	X	4624523	1	1
ILLUMINA-075005_0053_FC:3:1:9729:1303#0	unique	2L	9575323	2	1
ILLUMINA-075005_0053_FC:3:1:10146:1301#0	unique	X	19481637	0	1
ILLUMINA-075005_0053_FC:3:1:10485:1297#0	unique	2L	561692	1	1
ILLUMINA-075005_0053_FC:3:1:10604:1297#0	unique	3L	2566559	2	1
ILLUMINA-075005_0053_FC:3:1:10648:1300#0	unique	2R	13228633	0	1
ILLUMINA-075005_0053_FC:3:1:10811:1296#0	unique	3R	31216890	0	1
ILLUMINA-075005_0053_FC:3:1:11010:1301#0	unique	3L	11823716	0	1
ILLUMINA-075005_0053_FC:3:1:11151:1300#0	unique	2L	16785656	1	1
ILLUMINA-075005_0053_FC:3:1:11940:1303#0	unique	3R	31594857	1	1
ILLUMINA-075005_0053_FC:3:1:12038:1304#0	unique	X	19506714	0	1
ILLUMINA-075005_0053_FC:3:1:12642:1303#0	unique	3R	11624118	0	1
ILLUMINA-075005_0053_FC:3:1:12915:1302#0	unique	3L	19537299	0	1
ILLUMINA-075005_0053_FC:3:1:12951:1300#0	unique	3R	13665776	0	1
ILLUMINA-075005_0053_FC:3:1:12972:1299#0	unique	3R	9625697	0	1
ILLUMINA-075005_0053_FC:3:1:13022:1294#0	unique	2R	7792161	0	1
ILLUMINA-075005_0053_FC:3:1:13232:1306#0	unique	2L	561170	0	1
ILLUMINA-075005_0053_FC:3:1:13516:1300#0	unique	3L	1535132	0	1
ILLUMINA-075005_0053_FC:3:1:14365:1298#0	unique	3R	29150918	2	1
ILLUMINA-075005_0053_FC:3:1:14783:1302#0	unique	2R	17409144	1	1
ILLUMINA-075005_0053_FC:3:1:15016:1299#0	unique	3L	8326225	0	1
ILLUMINA-075005_0053_FC:3:1:15071:1297#0	unique	dmel_mitochondrion_genome	8689	0	1
ILLUMINA-075005_0053_FC:3:1:15344:1300#0	unique	3R	15441278	0	1
ILLUMINA-075005_0053_FC:3:1:15518:1303#0	unique	2L	4966789	0	1
ILLUMINA-075005_0053_FC:3:1:15592:1299#0	unique	X	1482309	0	1
ILLUMINA-075005_0053_FC:3:1:15891:1300#0	unique	4	1033843	0	1
ILLUMINA-075005_0053_FC:3:1:16123:1299#0	unique	2L	1725776	0	1
ILLUMINA-075005_0053_FC:3:1:16820:1301#0	unique	3R	15312682	0	1
ILLUMINA-075005_0053_FC:3:1:17482:1301#0	unique	2L	5071677	0	1
ILLUMINA-075005_0053_FC:3:1:17501:1303#0	unique	3R	5651527	0	1
ILLUMINA-075005_0053_FC:3:1:17535:1302#0	unique	3L	9049649	0	1
ILLUMINA-075005_0053_FC:3:1:17552:1298#0	unique	2L	10201833	0	1
ILLUMINA-075005_0053_FC:3:1:18338:1302#0	unique	2R	10897298	0	1
ILLUMINA-075005_0053_FC:3:1:18385:1301#0	unique	2R	23385838	0	1
ILLUMINA-075005_0053_FC:3:1:19029:1297#0	unique	2L	9968382	0	1
ILLUMINA-075005_0053_FC:3:1:19108:1301#0	unique	2R	24903466	0	1
ILLUMINA-075005_0053_FC:3:1:19565:1296#0	unique	3L	13024367	1	1
ILLUMINA-075005_0053_FC:3:1:19598:1303#0	unique	X	16638478	0	1
ILLUMINA-075005_0053_FC:3:1:1555:1312#0	unique	3R	25684009	1	1
ILLUMINA-075005_0053_FC:3:1:1584:1316#0	unique	3L	16785416	1	1
ILLUMINA-075005_0053_FC:3:1:1637:1310#0	unique	2L	5985461	1	1
ILLUMINA-075005_0053_FC:3:1:1685:1309#0	unique	3L	9384757	0	1
ILLUMINA-075005_0053_FC:3:1:2544:1306#0	unique	2L	21678928	0	1
ILLUMINA-075005_0053_FC:3:1:3392:1309#0	unmapped				0
ILLUMINA-075005_0053_FC:3:1:3646:1317#0	unique	X	16785009	0	1
ILLUMINA-075005_0053_FC:3:1:4087:1308#0	unique	2L	21171992	0	1
ILLUMINA-075005_0053_FC:3:1:4255:1317#0	unique	3R	30173684	1	1
ILLUMINA-075005_0053_FC:3:1:4477:1311#0	unique	3R	24782741	0	1
ILLUMINA-075005_0053_FC:3:1:4547:1310#0	unique	2L	14166334	0	1
ILLUMINA-075005_0053_FC:3:1:4690:1306#0	unique	2L	16780720	0	1
ILLUMINA-075005_0053_FC:3:1:4765:1312#0	unique	X	6741762	0	1
ILLUMINA-075005_0053_FC:3:1:4793:1312#0	unique	3R	19828272	0	1
ILLUMINA-075005_0053_FC:3:1:5083:1313#0	unique	3L	5567508	0	1
ILLUMINA-075005_0053_FC:3:1:5202:1316#0	unique	2R	9199584	0	1
ILLUMINA-075005_0053_FC:3:1:5456:1313#0	unique	3R	30172895	1	1
ILLUMINA-075005_0053_FC:3:1:5910:1310#0	multi				2
ILLUMINA-075005_0053_FC:3:1:5951:1317#0	unique	2L	14617182	0	1
ILLUMINA-075005_0053_FC:3:1:6655:1311#0	unique	2L	6047531	1	1
ILLUMINA-075005_0053_FC:3:1:6854:1312#0	unique	X	2271833	1	1
ILLUMINA-075005_0053_FC:3:1:6932:1309#0	unique	X	9159653	0	1
ILLUMINA-075005_0053_FC:3:1:7515:1309#0	unique	X	9154529	1	1
ILLUMINA-075005_0053_FC:3:1:7774:1315#0	unique	3L	3908076	0	1
ILLUMINA-075005_0053_FC:3:1:8743:1310#0	unique	2L	13933122	0	1
ILLUMINA-075005_0053_FC:3:1:9315:1309#0	unique	X	15868968	0	1
ILLUMINA-075005_0053_FC:3:1:9461:1311#0	unique	3R	25684289	0	1
ILLUMINA-075005_0053_FC:3:1:9487:1309#0	unique	3L	7240517	1	1
ILLUMINA-075005_0053_FC:3:1:9752:1316#0	unique	3L	8641003	0	1
ILLUMINA-075005_0053_FC:3:1:9983:1312#0	unique	X	13593896	0	1
ILLUMINA-075005_0053_FC:3:1:10563:1310#0	unique	2R	16793185	0	1
ILLUMINA-075005_0053_FC:3:1:10686:1309#0	unique	X	1482739	1	1
ILLUMINA-075005_0053_FC:3:1:10981:1308#0	unique	3L	9428916	0	1
ILLUMINA-075005_0053_FC:3:1:11803:1311#0	unique	2R	13509152	0	1
ILLUMINA-075005_0053_FC:3:1:12269:1306#0	unique	2R	17408431	1	1
ILLUMINA-075005_0053_FC:3:1:12304:1307#0	unique	3R	27697667	0	1
ILLUMINA-075005_0053_FC:3:1:12534:1317#0	unique	3L	9049411	0	1
ILLUMINA-075005_0053_FC:3:1:12581:1316#0	unique	2R	8221150	1	1
ILLUMINA-075005_0053_FC:3:1:12689:1308#0	unique	3R	30208240	0	1
ILLUMINA-075005_0053_FC:3:1:13107:1313#0	unique	3L	19538100	1	1
ILLUMINA-075005_0053_FC:3:1:13152:1316#0	unique	3R	25684206	0	1
ILLUMINA-075005_0053_FC:3:1:13398:1306#0	unique	2L	13921079	0	1
ILLUMINA-075005_0053_FC:3:1:13604:1317#0	unique	3L	17466329	0	1
ILLUMINA-075005_0053_FC:3:1:14003:1312#0	unique	3R	17545364	0	1
ILLUMINA-075005_0053_FC:3:1:15076:1315#0	unique	3R	11765139	2	1
ILLUMINA-075005_0053_FC:3:1:15369:1309#0	unique	3L	23094918	1	1
ILLUMINA-075005_0053_FC:3:1:15556:1315#0	unique	X	5673293	0	1
ILLUMINA-075005_0053_FC:3:1:15654:1316#0	unique	X	5722452	1	1
ILLUMINA-075005_0053_FC:3:1:15940:1315#0	unique	3R	13679827	0	1
ILLUMINA-075005_0053_FC:3:1:16106:1313#0	unique	2R	17525900	0	1
ILLUMINA-075005_0053_FC:3:1:16166:1314#0	unique	2L	10409829	0	1
ILLUMINA-075005_0053_FC:3:1:16575:1316#0	unique	2L	21678572	0	1
ILLUMINA-075005_0053_FC:3:1:17414:1317#0	unique	3R	21626770	0	1
ILLUMINA-075005_0053_FC:3:1:17715:1307#0	unique	3R	27658784	0	1
ILLUMINA-075005_0053_FC:3:1:19028:1315#0	unique	3R	12355507	0	1
ILLUMINA-075005_0053_FC:3:1:19162:1316#0	unique	X	10781892	0	1
ILLUMINA-075005_0053_FC:3:1:19403:1311#0	unique	3R	5624932	0	1
ILLUMINA-075005_0053_FC:3:1:1281:1327#0	unique	3R	5624998	1	1
ILLUMINA-075005_0053_FC:3:1:1362:1325#0	unique	X	1672726	1	1
ILLUMINA-075005_0053_FC:3:1:1529:1321#0	unique	2R	22801493	0	1
ILLUMINA-075005_0053_FC:3:1:1743:1323#0	unique	2L	4480468	0	1
ILLUMINA-075005_0053_FC:3:1:1811:1318#0	unique	3L	16585963	0	1
ILLUMINA-075005_0053_FC:3:1:2326:1327#0	unique	2L	21679824	0	1
ILLUMINA-075005_0053_FC:3:1:2587:1324#0	unique	2L	13922233	0	1
ILLUMINA-075005_0053_FC:3:1:2848:1324#0	unique	X	1482211	0	1
ILLUMINA-075005_0053_FC:3:1:2968:1323#0	unique	2R	11580290	0	1
ILLUMINA-075005_0053_FC:3:1:3369:1325#0	unique	3L	1566962	0	1
ILLUMINA-075005_0053_FC:3:1:3835:1325#0	unique	3R	25258568	0	1
ILLUMINA-075005_0053_FC:3:1:4110:1321#0	unique	2R	12414948	0	1
ILLUMINA-075005_0053_FC:3:1:4273:1324#0	unique	X	13593675	0	1
ILLUMINA-075005_0053_FC:3:1:4299:1320#0	unique	3L	5562734	0	1
ILLUMINA-075005_0053_FC:3:1:4417:1322#0	unique	4	1033710	0	1
ILLUMINA-075005_0053_FC:3:1:4502:1321#0	unique	3L	8327165	0	1
ILLUMINA-075005_0053_FC:3:1:4541:1328#0	unique	3R	13209088	0	1
ILLUMINA-075005_0053_FC:3:1:4608:1327#0	unique	2L	13945287	0	1
ILLUMINA-075005_0053_FC:3:1:5103:1326#0	unique	2R	24085182	1	1
ILLUMINA-075005_0053_FC:3:1:5979:1319#0	unique	3L	21705410	1	1
ILLUMINA-075005_0053_FC:3:1:6239:1321#0	unique	3R	15245045	0	1
ILLUMINA-075005_0053_FC:3:1:6555:1319#0	unique	3R	24326253	0	1
ILLUMINA-075005_0053_FC:3:1:7115:1320#0	unique	2R	22800709	0	1
ILLUMINA-075005_0053_FC:3:1:7553:1326#0	unique	3R	22029230	0	1
ILLUMINA-075005_0053_FC:3:1:7654:1328#0	unique	2R	18145192	0	1
ILLUMINA-075005_0053_FC:3:1:7723:1318#0	unique	X	9967426	0	1
ILLUMINA-075005_0053_FC:3:1:8462:1324#0	unique	2R	8591864	1	1
ILLUMINA-075005_0053_FC:3:1:8626:1317#0	unique	X	5673240	0	1
ILLUMINA-075005_0053_FC:3:1:8792:1318#0	unique	3L	10885717	0	1
ILLUMINA-075005_0053_FC:3:1:9102:1323#0	unique	2L	8363954	0	1
ILLUMINA-075005_0053_FC:3:1:9178:1319#0	unique	3L	11121895	0	1
ILLUMINA-075005_0053_FC:3:1:9567:1325#0	unique	2L	11003087	0	1
ILLUMINA-075005_0053_FC:3:1:9793:1325#0	unique	2R	19443430	1	1
ILLUMINA-075005_0053_FC:3:1:10608:1320#0	unique	2L	13922101	0	1
ILLUMINA-075005_0053_FC:3:1:10678:1327#0	unique	X	8069133	0	1
ILLUMINA-075005_0053_FC:3:1:11061:1320#0	unique	2R	17408530	1	1
ILLUMINA-075005_0053_FC:3:1:11846:1324#0	unique	3R	27918073	0	1
ILLUMINA-075005_0053_FC:3:1:11887:1325#0	unique	2R	21012977	0	1
ILLUMINA-075005_0053_FC:3:1:12449:1318#0	unique	3R	7088262	0	1
ILLUMINA-075005_0053_FC:3:1:12688:1328#0	unique	3L	3177392	2	1
ILLUMINA-075005_0053_FC:3:1:12881:1321#0	unique	2L	13922215	2	1
ILLUMINA-075005_0053_FC:3:1:14083:1320#0	unique	2L	13945665	0	1
ILLUMINA-075005_0053_FC:3:1:14361:1318#0	unique	2R	6695993	0	1
ILLUMINA-075005_0053_FC:3:1:15166:1318#0	unique	3R	25246283	0	1
ILLUMINA-075005_0053_FC:3:1:15233:1322#0	unique	3L	17475474	0	1
ILLUMINA-075005_0053_FC:3:1:15304:1329#0	unique	2L	13945823	1	1
ILLUMINA-075005_0053_FC:3:1:15348:1328#0	unique	3R	31217841	0	1
ILLUMINA-075005_0053_FC:3:1:16266:1323#0	unique	X	3853667	0	1
ILLUMINA-075005_0053_FC:3:1:16411:1319#0	unique	3R	31745239	0	1
ILLUMINA-075005_0053_FC:3:1:16693:1326#0	unique	2L	4479849	1	1
ILLUMINA-075005_0053_FC:3:1:16877:1325#0	unique	2R	22640605	0	1
ILLUMINA-075005_0053_FC:3:1:17194:1326#0	unique	2L	6977913	1	1
ILLUMINA-075005_0053_FC:3:1:17295:1321#0	unique	3R	22026759	0	1
ILLUMINA-075005_0053_FC:3:1:17633:1327#0	unique	2L	21171976	0	1
ILLUMINA-075005_0053_FC:3:1:17659:1329#0	unique	3R	30172913	1	1
ILLUMINA-075005_0053_FC:3:1:18200:1320#0	unique	2R	15544949	1	1
ILLUMINA-075005_0053_FC:3:1:18492:1319#0	unique	2L	22536139	0	1
ILLUMINA-075005_0053_FC:3:1:18888:1324#0	unique	3L	8326901	2	1
ILLUMINA-075005_0053_FC:3:1:19415:1323#0	unique	3L	12528327	2	1
ILLUMINA-075005_0053_FC:3:1:19550:1322#0	unique	X	6360600	0	1
ILLUMINA-075005_0053_FC:3:1:1045:1339#0	unique	2R	7823281	0	1
ILLUMINA-075005_0053_FC:3:1:1914:1338#0	unique	2L	8430686	0	1
ILLUMINA-075005_0053_FC:3:1:2087:1335#0	unique	2L	8161884	0	1
ILLUMINA-075005_0053_FC:3:1:2108:1337#0	unique	X	13596615	0	1
ILLUMINA-075005_0053_FC:3:1:2569:1340#0	unique	3L	1667578	0	1
ILLUMINA-075005_0053_FC:3:1:2795:1337#0	unique	2R	12871139	0	1
ILLUMINA-075005_0053_FC:3:1:3170:1340#0	unique	3R	24660207	1	1
ILLUMINA-075005_0053_FC:3:1:3222:1334#0	unique	3R	18165806	1	1
ILLUMINA-075005_0053_FC:3:1:3556:1339#0	unique	3R	29729663	1	1
ILLUMINA-075005_0053_FC:3:1:3590:1330#0	unique	3R	27050286	1	1
ILLUMINA-075005_0053_FC:3:1:4235:1337#0	unique	3L	8327893	1	1
ILLUMINA-075005_0053_FC:3:1:4627:1336#0	unique	3L	19811680	0	1
ILLUMINA-075005_0053_FC:3:1:4719:1335#0	unique	3L	13024522	1	1
ILLUMINA-075005_0053_FC:3:1:4880:1336#0	unique	2L	562228	0	1
ILLUMINA-075005_0053_FC:3:1:5052:1331#0	unique	3R	8777475	0	1
ILLUMINA-075005_0053_FC:3:1:5951:1339#0	unique	3R	31216905	0	1
ILLUMINA-075005_0053_FC:3:1:6123:1332#0	unique	3L	5569204	1	1
ILLUMINA-075005_0053_FC:3:1:6693:1336#0	unique	2L	10409913	0	1
ILLUMINA-075005_0053_FC:3:1:7277:1331#0	unique	X	17923648	1	1
ILLUMINA-075005_0053_FC:3:1:7429:1338#0	unique	2L	8042461	0	1
ILLUMINA-075005_0053_FC:3:1:7678:1336#0	unique	3L	1791355	1	1
ILLUMINA-075005_0053_FC:3:1:7818:1332#0	unique	X	624890	0	1
ILLUMINA-075005_0053_FC:3:1:8263:1338#0	unique	3R	15278148	0	1
ILLUMINA-075005_0053_FC:3:1:8480:1337#0	unique	2R	8591864	1	1
ILLUMINA-075005_0053_FC:3:1:8655:1332#0	unique	2L	13370354	0	1
ILLUMINA-075005_0053_FC:3:1:8675:1330#0	unique	3R	31763423	0	1
ILLUMINA-075005_0053_FC:3:1:8917:1334#0	unique	2L	6046782	0	1
ILLUMINA-075005_0053_FC:3:1:9293:1332#0	unique	2R	16014337	1	1
ILLUMINA-075005_0053_FC:3:1:9847:1335#0	unique	2R	9396740	1	1
ILLUMINA-075005_0053_FC:3:1:9895:1338#0	unique	2R	23707333	0	1
ILLUMINA-075005_0053_FC:3:1:10325:1339#0	unique	3R	30172940	1	1
ILLUMINA-075005_0053_FC:3:1:10423:1340#0	unique	3L	11823699	0	1
ILLUMINA-075005_0053_FC:3:1:10618:1338#0	unique	3R	15441729	0	1
ILLUMINA-075005_0053_FC:3:1:11093:1331#0	unique	3R	20823139	0	1
ILLUMINA-075005_0053_FC:3:1:11148:1338#0	unique	X	628554	0	1
ILLUMINA-075005_0053_FC:3:1:11294:1330#0	unique	3R	27050425	0	1
ILLUMINA-075005_0053_FC:3:1:11316:1333#0	unique	3R	18247800	0	1
ILLUMINA-075005_0053_FC:3:1:11511:1341#0	unique	2L	561419	0	1
ILLUMINA-075005_0053_FC:3:1:11587:1332#0	unique	3L	13016726	1	1
ILLUMINA-075005_0053_FC:3:1:12374:1339#0	unique	2L	16785366	1	1
ILLUMINA-075005_0053_FC:3:1:12414:1340#0	unique	X	5673054	0	1
ILLUMINA-075005_0053_FC:3:1:12613:1330#0	unique	X	18796100	0	1
ILLUMINA-075005_0053_FC:3:1:13035:1339#0	unique	3L	9050221	0	1
ILLUMINA-075005_0053_FC:3:1:13123:1341#0	unique	2L	5531241	1	1
ILLUMINA-075005_0053_FC:3:1:13752:1338#0	unique	3R	20626305	0	1
ILLUMINA-075005_0053_FC:3:1:14478:1340#0	unique	3R	4380898	0	1
ILLUMINA-075005_0053_FC:3:1:14826:1332#0	unique	3R	15441151	0	1
ILLUMINA-075005_0053_FC:3:1:14907:1336#0	unique	2L	6061697	0	1
ILLUMINA-075005_0053_FC:3:1:14996:1340#0	unique	2R	16133001	0	1
ILLUMINA-075005_0053_FC:3:1:15395:1339#0	unique	2L	13922137	1	1
ILLUMINA-075005_0053_FC:3:1:16011:1335#0	unique	2R	22927017	0	1
ILLUMINA-075005_0053_FC:3:1:16396:1336#0	unique	2L	4228416	1	1
ILLUMINA-075005_0053_FC:3:1:16507:1341#0	unique	2R	19443353	0	1
ILLUMINA-075005_0053_FC:3:1:16535:1335#0	unique	3L	17425992	0	1
ILLUMINA-075005_0053_FC:3:1:16844:1330#0	unique	X	19698585	0	1
ILLUMINA-075005_0053_FC:3:1:17817:1336#0	unique	X	6741844	1	1
ILLUMINA-075005_0053_FC:3:1:18014:1333#0	unique	3L	17475676	0	1
ILLUMINA-075005_0053_FC:3:1:18277:1333#0	unique	3R	7088117	0	1
ILLUMINA-075005_0053_FC:3:1:18300:1340#0	unique	2R	24971089	0	1
ILLUMINA-075005_0053_FC:3:1:18349:1338#0	unique	2L	13921681	0	1
ILLUMINA-075005_0053_FC:3:1:19272:1339#0	unique	3R	27588051	0	1
ILLUMINA-075005_0053_FC:3:1:19468:1330#0	unique	3R	9679268	0	1
ILLUMINA-075005_0053_FC:3:1:19675:1331#0	unique	2R	17408297	0	1
ILLUMINA-075005_0053_FC:3:1:19715:1332#0	unique	3L	9049441	1	1
ILLUMINA-075005_0053_FC:3:1:1219:1352#0	unique	2R	13958676	1	1
ILLUMINA-075005_0053_FC:3:1:1237:1347#0	unique	3R	5625047	0	1
ILLUMINA-075005_0053_FC:3:1:2018:1343#0	unique	2R	23071039	1	1
ILLUMINA-075005_0053_FC:3:1:2360:1341#0	unique	3R	5400764	0	1
ILLUMINA-075005_0053_FC:3:1:2751:1343#0	unique	2L	10847358	0	1
ILLUMINA-075005_0053_FC:3:1:2953:1345#0	unique	2L	7744024	0	1
ILLUMINA-075005_0053_FC:3:1:3696:1345#0	unique	3L	7144789	0	1
ILLUMINA-075005_0053_FC:3:1:4204:1351#0	unique	3L	7240667	0	1
ILLUMINA-075005_0053_FC:3:1:4705:1352#0	unique	2L	18660550	0	1
ILLUMINA-075005_0053_FC:3:1:5810:1352#0	unique	3L	20800001	1	1
ILLUMINA-075005_0053_FC:3:1:5835:1350#0	unique	2L	10234122	0	1
ILLUMINA-075005_0053_FC:3:1:6081:1347#0	unique	2R	17408255	0	1
ILLUMINA-075005_0053_FC:3:1:6349:1351#0	unique	2L	6927115	0	1
ILLUMINA-075005_0053_FC:3:1:6457:1342#0	unique	X	6677378	0	1
ILLUMINA-075005_0053_FC:3:1:6747:1346#0	unique	3L	14870688	0	1
ILLUMINA-075005_0053_FC:3:1:8133:1345#0	unique	2R	18417695	0	1
ILLUMINA-075005_0053_FC:3:1:8376:1350#0	unique	2L	22536139	0	1
ILLUMINA-075005_0053_FC:3:1:8754:1341#0	unique	3R	9400405	0	1
ILLUMINA-075005_0053_FC:3:1:8881:1352#0	unique	3L	2588768	2	1
ILLUMINA-075005_0053_FC:3:1:8991:1349#0	unique	2R	17094077	0	1
ILLUMINA-075005_0053_FC:3:1:9536:1341#0	unique	2L	13933126	0	1
ILLUMINA-075005_0053_FC:3:1:10065:1345#0	unique	3R	16339535	0	1
ILLUMINA-075005_0053_FC:3:1:10160:1351#0	unique	2R	10306216	0	1
ILLUMINA-075005_0053_FC:3:1:10396:1351#0	unique	2R	23548546	1	1
ILLUMINA-075005_0053_FC:3:1:11234:1346#0	unique	2L	18832974	0	1
ILLUMINA-075005_0053_FC:3:1:11682:1351#0	unique	2R	10304726	0	1
ILLUMINA-075005_0053_FC:3:1:11734:1344#0	unique	3R	7088594	0	1
ILLUMINA-075005_0053_FC:3:1:12038:1346#0	unique	2L	8363947	0	1
ILLUMINA-075005_0053_FC:3:1:12928:1345#0	unique	3L	9049653	0	1
ILLUMINA-075005_0053_FC:3:1:13097:1350#0	unique	2L	4228318	0	1
ILLUMINA-075005_0053_FC:3:1:13688:1343#0	unique	3R	15244412	0	1
ILLUMINA-075005_0053_FC:3:1:13974:1347#0	multi				2
ILLUMINA-075005_0053_FC:3:1:14058:1341#0	unique	3R	31742597	0	1
ILLUMINA-075005_0053_FC:3:1:14259:1344#0	unique	2R	17409143	0	1
ILLUMINA-075005_0053_FC:3:1:14439:1348#0	unique	3R	26053029	1	1
ILLUMINA-075005_0053_FC:3:1:14558:1343#0	unique	3R	30172725	0	1
ILLUMINA-075005_0053_FC:3:1:15032:1351#0	unique	3R	8942007	1	1
ILLUMINA-075005_0053_FC:3:1:15509:1346#0	unique	2L	13272944	0	1
ILLUMINA-075005_0053_FC:3:1:15732:1351#0	unique	3R	6458648	1	1
ILLUMINA-075005_0053_FC:3:1:15882:1350#0	unique	3R	30172917	1	1
ILLUMINA-075005_0053_FC:3:1:16373:1346#0	unique	2R	18144749	0	1
ILLUMINA-075005_0053_FC:3:1:16684:1353#0	unique	3R	29201226	2	1
ILLUMINA-075005_0053_FC:3:1:16823:1350#0	unique	2R	12921161	0	1
ILLUMINA-075005_0053_FC:3:1:17360:1349#0	unique	2R	24903488	0	1
ILLUMINA-075005_0053_FC:3:1:17548:1346#0	unique	3L	2372689	2	1
ILLUMINA-075005_0053_FC:3:1:17956:1346#0	unique	3R	22487922	0	1
ILLUMINA-075005_0053_FC:3:1:18051:1351#0	unique	X	4370238	0	1
ILLUMINA-075005_0053_FC:3:1:18380:1351#0	unique	2R	7017192	1	1
ILLUMINA-075005_0053_FC:3:1:18891:1352#0	unique	3R	30173070	0	1
ILLUMINA-075005_0053_FC:3:1:18977:1351#0	unique	X	764473	0	1
ILLUMINA-075005_0053_FC:3:1:19304:1349#0	unique	X	11111213	1	1
ILLUMINA-075005_0053_FC:3:1:19500:1350#0	unique	3R	26044454	0	1
ILLUMINA-075005_0053_FC:3:1:1869:1364#0	unique	3R	31742722	0	1
ILLUMINA-075005_0053_FC:3:1:1977:1360#0	unique	2R	24903490	0	1
ILLUMINA-075005_0053_FC:3:1:2587:1357#0	unique	2L	9896977	1	1
ILLUMINA-075005_0053_FC:3:1:2870:1353#0	unique	3R	8783060	0	1
ILLUMINA-075005_0053_FC:3:1:3769:1355#0	unique	2R	17408744	2	1
ILLUMINA-075005_0053_FC:3:1:4378:1356#0	unique	2R	22800615	1	1
ILLUMINA-075005_0053_FC:3:1:4513:1364#0	multi				10
ILLUMINA-075005_0053_FC:3:1:4585:1359#0	unique	X	11112152	0	1
ILLUMINA-075005_0053_FC:3:1:4649:1359#0	unique	X	16286740	0	1
ILLUMINA-075005_0053_FC:3:1:4843:1354#0	unique	3R	29220938	0	1
ILLUMINA-075005_0053_FC:3:1:4870:1361#0	unique	3R	25684081	0	1
ILLUMINA-075005_0053_FC:3:1:5109:1362#0	unique	3L	19536991	0	1
ILLUMINA-075005_0053_FC:3:1:5460:1357#0	unique	2L	13933354	1	1
ILLUMINA-075005_0053_FC:3:1:5530:1353#0	unique	3L	1667571	0	1
ILLUMINA-075005_0053_FC:3:1:6403:1364#0	unique	3R	20578609	0	1
ILLUMINA-075005_0053_FC:3:1:6688:1357#0	unique	3L	19097004	0	1
ILLUMINA-075005_0053_FC:3:1:6887:1356#0	unique	3R	15441388	1	1
ILLUMINA-075005_0053_FC:3:1:7003:1364#0	unique	3R	27050460	1	1
ILLUMINA-075005_0053_FC:3:1:7226:1357#0	unique	X	4648580	0	1
ILLUMINA-075005_0053_FC:3:1:7358:1358#0	unmapped				0
ILLUMINA-075005_0053_FC:3:1:8345:1355#0	unique	3L	4207760	1	1
ILLUMINA-075005_0053_FC:3:1:8814:1361#0	unique	2R	17572334	1	1
ILLUMINA-075005_0053_FC:3:1:9321:1356#0	unique	2L	21171958	0	1
ILLUMINA-075005_0053_FC:3:1:9359:1356#0	unique	3L	1331339	0	1
ILLUMINA-075005_0053_FC:3:1:9869:1358#0	unique	3R	9432115	0	1
ILLUMINA-075005_0053_FC:3:1:9925:1363#0	unique	3L	21986815	0	1
ILLUMINA-075005_0053_FC:3:1:10217:1359#0	unique	2R	13508268	0	1
ILLUMINA-075005_0053_FC:3:1:11055:1363#0	unique	2R	8164133	0	1
ILLUMINA-075005_0053_FC:3:1:11108:1361#0	unique	3R	31217812	0	1
ILLUMINA-075005_0053_FC:3:1:11475:1355#0	unique	3L	2588719	1	1
ILLUMINA-075005_0053_FC:3:1:11933:1357#0	unique	X	15762588	0	1
ILLUMINA-075005_0053_FC:3:1:11983:1360#0	unique	X	18105917	1	1
ILLUMINA-075005_0053_FC:3:1:13016:1359#0	unique	3R	30173659	0	1
ILLUMINA-075005_0053_FC:3:1:13746:1360#0	unique	X	1481837	1	1
ILLUMINA-075005_0053_FC:3:1:14154:1360#0	unique	3R	9011428	0	1
ILLUMINA-075005_0053_FC:3:1:14552:1360#0	unique	3R	30172725	0	1
ILLUMINA-075005_0053_FC:3:1:14635:1358#0	multi				2
ILLUMINA-075005_0053_FC:3:1:14827:1355#0	unique	2R	17094551	0	1
ILLUMINA-075005_0053_FC:3:1:15013:1357#0	unique	3R	8942007	1	1
ILLUMINA-075005_0053_FC:3:1:15373:1354#0	unique	2L	13922708	0	1
ILLUMINA-075005_0053_FC:3:1:15685:1358#0	unique	X	19598937	0	1
ILLUMINA-075005_0053_FC:3:1:15774:1358#0	unique	3R	11752884	1	1
ILLUMINA-075005_0053_FC:3:1:16924:1353#0	unique	2R	24903431	0	1
ILLUMINA-075005_0053_FC:3:1:17337:1357#0	unique	3L	21632322	0	1
ILLUMINA-075005_0053_FC:3:1:17419:1356#0	unique	3L	5568141	0	1
ILLUMINA-075005_0053_FC:3:1:17533:1364#0	unique	3R	30171553	1	1
ILLUMINA-075005_0053_FC:3:1:17656:1359#0	unique	3R	31217788	0	1
ILLUMINA-075005_0053_FC:3:1:17838:1354#0	unique	2R	23385917	0	1
ILLUMINA-075005_0053_FC:3:1:17933:1363#0	unique	3R	31216472	0	1
ILLUMINA-075005_0053_FC:3:1:18098:1360#0	unique	dmel_mitochondrion_genome	1987	0	1
ILLUMINA-075005_0053_FC:3:1:19219:1356#0	unique	3R	31742697	1	1
ILLUMINA-075005_0053_FC:3:1:19533:1360#0	unique	2R	24903503	0	1
ILLUMINA-075005_0053_FC:3:1:19552:1362#0	unique	3R	15306926	1	1
ILLUMINA-075005_0053_FC:3:1:1634:1368#0	unique	2L	18442742	2	1
ILLUMINA-075005_0053_FC:3:1:2497:1366#0	unique	2L	21679086	0	1
ILLUMINA-075005_0053_FC:3:1:2786:1371#0	unique	2R	24058570	0	1
ILLUMINA-075005_0053_FC:3:1:3027:1374#0	unique	2R	14215600	0	1
ILLUMINA-075005_0053_FC:3:1:3072:1376#0	unique	3R	23359390	0	1
ILLUMINA-075005_0053_FC:3:1:3136:1368#0	unique	2R	17408863	0	1
ILLUMINA-075005_0053_FC:3:1:3226:1365#0	unique	3R	15441463	1	1
ILLUMINA-075005_0053_FC:3:1:3427:1369#0	unique	2L	900676	0	1
ILLUMINA-075005_0053_FC:3:1:3711:1367#0	unique	2L	21679552	1	1
ILLUMINA-075005_0053_FC:3:1:4561:1372#0	unique	2L	561308	1	1
ILLUMINA-075005_0053_FC:3:1:4729:1374#0	unique	X	9095688	1	1
ILLUMINA-075005_0053_FC:3:1:4823:1374#0	unique	2R	24968499	0	1
ILLUMINA-075005_0053_FC:3:1:4998:1373#0	unique	3L	12137565	0	1
ILLUMINA-075005_0053_FC:3:1:5059:1372#0	unique	3L	3091929	1	1
ILLUMINA-075005_0053_FC:3:1:5596:1375#0	unique	2L	39368	0	1
ILLUMINA-075005_0053_FC:3:1:5807:1373#0	unique	X	11111974	0	1
ILLUMINA-075005_0053_FC:3:1:6140:1374#0	unique	3R	31216784	0	1
ILLUMINA-075005_0053_FC:3:1:7162:1373#0	unique	3L	16584839	0	1
ILLUMINA-075005_0053_FC:3:1:7529:1373#0	unique	X	4537356	0	1
ILLUMINA-075005_0053_FC:3:1:7623:1366#0	unique	3L	1821823	1	1
ILLUMINA-075005_0053_FC:3:1:8128:1368#0	unique	2R	15956305	0	1
ILLUMINA-075005_0053_FC:3:1:9181:1368#0	unique	2L	1725305	0	1
ILLUMINA-075005_0053_FC:3:1:9349:1375#0	unique	2L	13945367	0	1
ILLUMINA-075005_0053_FC:3:1:9710:1366#0	unique	2L	1707510	0	1
ILLUMINA-075005_0053_FC:3:1:9964:1365#0	unique	3L	8326859	0	1
ILLUMINA-075005_0053_FC:3:1:10011:1368#0	unique	3L	21986046	0	1
ILLUMINA-075005_0053_FC:3:1:10269:1374#0	unique	2L	21172063	0	1
ILLUMINA-075005_0053_FC:3:1:10344:1372#0	unique	3L	2588522	0	1
ILLUMINA-075005_0053_FC:3:1:10426:1374#0	unique	2L	6062208	1	1
ILLUMINA-075005_0053_FC:3:1:10499:1370#0	unique	2R	12759886	0	1
ILLUMINA-075005_0053_FC:3:1:11266:1371#0	unique	3L	3158842	0	1
ILLUMINA-075005_0053_FC:3:1:11320:1374#0	unique	2R	22801744	0	1
ILLUMINA-075005_0053_FC:3:1:11445:1368#0	unique	2L	16328563	0	1
ILLUMINA-075005_0053_FC:3:1:11631:1370#0	unique	3R	31216355	0	1
ILLUMINA-075005_0053_FC:3:1:11856:1374#0	multi				10
ILLUMINA-075005_0053_FC:3:1:13207:1373#0	unique	2L	4331753	1	1
ILLUMINA-075005_0053_FC:3:1:13586:1365#0	unique	3R	31742573	1	1
ILLUMINA-075005_0053_FC:3:1:13810:1375#0	unique	3L	17475514	0	1
ILLUMINA-075005_0053_FC:3:1:14393:1369#0	unique	3L	9376967	0	1
ILLUMINA-075005_0053_FC:3:1:14924:1375#0	unique	3R	25339334	0	1
ILLUMINA-075005_0053_FC:3:1:15215:1366#0	unique	X	16387450	0	1
ILLUMINA-075005_0053_FC:3:1:15529:1365#0	unique	2R	19443353	0	1
ILLUMINA-075005_0053_FC:3:1:15583:1375#0	unique	3L	7709567	2	1
ILLUMINA-075005_0053_FC:3:1:15934:1366#0	unique	3L	9050199	1	1
ILLUMINA-075005_0053_FC:3:1:16120:1368#0	unique	3R	31787264	0	1
ILLUMINA-075005_0053_FC:3:1:16328:1369#0	unique	X	15074251	0	1
ILLUMINA-075005_0053_FC:3:1:16360:1366#0	unique	2R	17409876	0	1
ILLUMINA-075005_0053_FC:3:1:16729:1370#0	unique	3R	27657826	0	1
ILLUMINA-075005_0053_FC:3:1:17260:1369#0	unique	X	21048705	1	1
ILLUMINA-075005_0053_FC:3:1:17489:1368#0	unique	3L	2122884	0	1
ILLUMINA-075005_0053_FC:3:1:17773:1366#0	unique	3L	9048866	1	1
ILLUMINA-075005_0053_FC:3:1:17996:1366#0	unique	2L	562360	0	1
ILLUMINA-075005_0053_FC:3:1:18345:1369#0	unique	3R	31740816	1	1
ILLUMINA-075005_0053_FC:3:1:18501:1365#0	unique	2R	7792105	0	1
ILLUMINA-075005_0053_FC:3:1:18725:1365#0	unique	3L	3168058	1	1
ILLUMINA-075005_0053_FC:3:1:18768:1373#0	unique	dmel_mitochondrion_genome	2586	0	1
ILLUMINA-075005_0053_FC:3:1:19295:1369#0	unique	3R	29748185	0	1
ILLUMINA-075005_0053_FC:3:1:19456:1368#0	unique	X	17637751	0	1
ILLUMINA-075005_0053_FC:3:1:19514:1368#0	unique	2R	9991504	0	1
ILLUMINA-075005_0053_FC:3:1:1370:1379#0	unique	2L	8379457	0	1
ILLUMINA-075005_0053_FC:3:1:1407:1387#0	unique	2R	17408632	0	1
ILLUMINA-075005_0053_FC:3:1:1582:1386#0	unique	2L	19959408	1	1
ILLUMINA-075005_0053_FC:3:1:2374:1384#0	unique	3R	18982392	0	1
ILLUMINA-075005_0053_FC:3:1:2536:1378#0	unique	X	7900209	1	1
ILLUMINA-075005_0053_FC:3:1:2663:1383#0	unique	3R	15203243	0	1
ILLUMINA-075005_0053_FC:3:1:2766:1381#0	unique	2R	8872993	1	1
ILLUMINA-075005_0053_FC:3:1:2967:1377#0	unique	3R	15836354	0	1
ILLUMINA-075005_0053_FC:3:1:3149:1381#0	unique	X	7899919	0	1
ILLUMINA-075005_0053_FC:3:1:3377:1385#0	unique	X	16318512	1	1
ILLUMINA-075005_0053_FC:3:1:3622:1387#0	unique	2L	9903685	3	1
ILLUMINA-075005_0053_FC:3:1:3952:1382#0	unique	3L	2772559	0	1
ILLUMINA-075005_0053_FC:3:1:4378:1378#0	unique	2L	21678914	0	1
ILLUMINA-075005_0053_FC:3:1:5433:1385#0	unique	3R	15440639	0	1
ILLUMINA-075005_0053_FC:3:1:5547:1379#0	unique	3R	8674374	0	1
ILLUMINA-075005_0053_FC:3:1:6368:1378#0	unique	2R	22801744	0	1
ILLUMINA-075005_0053_FC:3:1:6688:1381#0	unique	3R	8346993	0	1
ILLUMINA-075005_0053_FC:3:1:6843:1383#0	unique	3R	30133849	0	1
ILLUMINA-075005_0053_FC:3:1:7434:1382#0	unique	3L	9428904	0	1
ILLUMINA-075005_0053_FC:3:1:7843:1388#0	unique	2L	13921123	1	1
ILLUMINA-075005_0053_FC:3:1:8319:1385#0	unique	3R	22028547	0	1
ILLUMINA-075005_0053_FC:3:1:8452:1386#0	unique	3R	8016717	0	1
ILLUMINA-075005_0053_FC:3:1:8779:1387#0	unique	2L	10847561	0	1
ILLUMINA-075005_0053_FC:3:1:9457:1386#0	unique	2R	12427111	1	1
ILLUMINA-075005_0053_FC:3:1:9544:1383#0	unique	2R	22801706	0	1
ILLUMINA-075005_0053_FC:3:1:9603:1383#0	unique	X	762568	0	1
ILLUMINA-075005_0053_FC:3:1:9684:1377#0	unique	2R	22855474	1	1
ILLUMINA-075005_0053_FC:3:1:10362:1386#0	unique	2L	1725588	0	1
ILLUMINA-075005_0053_FC:3:1:10715:1377#0	unique	2R	22931541	0	1
ILLUMINA-075005_0053_FC:3:1:10788:1379#0	unique	2R	6864660	0	1
ILLUMINA-075005_0053_FC:3:1:10822:1378#0	unique	3L	18899388	1	1
ILLUMINA-075005_0053_FC:3:1:10979:1378#0	unique	3R	27658476	0	1
ILLUMINA-075005_0053_FC:3:1:11002:1385#0	unique	3L	22076499	0	1
ILLUMINA-075005_0053_FC:3:1:11563:1383#0	unique	3R	27050882	0	1
ILLUMINA-075005_0053_FC:3:1:11595:1378#0	unique	2L	21678298	0	1
ILLUMINA-075005_0053_FC:3:1:11940:1381#0	unique	2L	6935133	0	1
ILLUMINA-075005_0053_FC:3:1:12565:1385#0	unique	2R	14215472	0	1
ILLUMINA-075005_0053_FC:3:1:13111:1379#0	unique	X	16387521	1	1
ILLUMINA-075005_0053_FC:3:1:13893:1381#0	unique	X	10781062	0	1
ILLUMINA-075005_0053_FC:3:1:14115:1379#0	unique	3L	17475661	0	1
ILLUMINA-075005_0053_FC:3:1:14361:1381#0	unique	3R	19897897	0	1
ILLUMINA-075005_0053_FC:3:1:14581:1380#0	unique	2L	16742828	0	1
ILLUMINA-075005_0053_FC:3:1:14734:1386#0	unique	2R	12414839	0	1
ILLUMINA-075005_0053_FC:3:1:15377:1381#0	unique	3R	10004824	0	1
ILLUMINA-075005_0053_FC:3:1:15441:1382#0	unique	2L	13922819	1	1
ILLUMINA-075005_0053_FC:3:1:16029:1388#0	unique	3L	9374631	1	1
ILLUMINA-075005_0053_FC:3:1:16471:1387#0	unique	2R	7393563	1	1
ILLUMINA-075005_0053_FC:3:1:16642:1378#0	unique	4	1032970	0	1
ILLUMINA-075005_0053_FC:3:1:16666:1382#0	unique	3L	3221139	0	1
ILLUMINA-075005_0053_FC:3:1:17373:1388#0	unique	3R	27090229	0	1
ILLUMINA-075005_0053_FC:3:1:17677:1379#0	unique	2L	10975863	1	1
ILLUMINA-075005_0053_FC:3:1:18208:1381#0	unique	3R	25684257	0	1
ILLUMINA-075005_0053_FC:3:1:18483:1388#0	unique	2L	9896331	1	1
ILLUMINA-075005_0053_FC:3:1:18506:1388#0	unique	3R	7901818	0	1
ILLUMINA-075005_0053_FC:3:1:18915:1382#0	unique	3R	27924477	1	1
ILLUMINA-075005_0053_FC:3:1:19232:1385#0	unique	X	764639	1	1
ILLUMINA-075005_0053_FC:3:1:19424:1387#0	unique	2L	19959517	0	1
ILLUMINA-075005_0053_FC:3:1:1267:1396#0	unique	2L	5327835	1	1
ILLUMINA-075005_0053_FC:3:1:1486:1396#0	unique	X	7899624	0	1
ILLUMINA-075005_0053_FC:3:1:1598:1394#0	unique	3R	27050208	0	1
ILLUMINA-075005_0053_FC:3:1:1825:1395#0	unique	3L	12192664	0	1
ILLUMINA-075005_0053_FC:3:1:1988:1392#0	unique	2R	17409890	0	1
ILLUMINA-075005_0053_FC:3:1:2593:1388#0	unique	3L	9049334	0	1
ILLUMINA-075005_0053_FC:3:1:3534:1399#0	unique	3R	9625492	0	1
ILLUMINA-075005_0053_FC:3:1:4204:1396#0	unique	X	6349946	0	1
ILLUMINA-075005_0053_FC:3:1:4552:1388#0	unique	2L	9896310	0	1
ILLUMINA-075005_0053_FC:3:1:5178:1398#0	unique	2L	13923364	0	1
ILLUMINA-075005_0053_FC:3:1:5729:1394#0	unique	3R	14891176	0	1
ILLUMINA-075005_0053_FC:3:1:6094:1394#0	unique	3R	11976302	0	1
ILLUMINA-075005_0053_FC:3:1:6129:1389#0	unique	3R	31216784	0	1
ILLUMINA-075005_0053_FC:3:1:6388:1390#0	unique	3R	29863451	0	1
ILLUMINA-075005_0053_FC:3:1:7015:1394#0	unique	2R	8630824	0	1
ILLUMINA-075005_0053_FC:3:1:7744:1388#0	unique	3L	8187828	0	1
ILLUMINA-075005_0053_FC:3:1:8094:1398#0	unique	2R	10108089	0	1
ILLUMINA-075005_0053_FC:3:1:8379:1393#0	unique	3L	3158535	1	1
ILLUMINA-075005_0053_FC:3:1:8741:1398#0	unique	3R	30173627	0	1
ILLUMINA-075005_0053_FC:3:1:9161:1391#0	unique	3L	1841095	1	1
ILLUMINA-075005_0053_FC:3:1:9298:1388#0	unique	3L	8326201	0	1
ILLUMINA-075005_0053_FC:3:1:9329:1391#0	unique	3R	15347286	0	1
ILLUMINA-075005_0053_FC:3:1:10176:1398#0	unique	3R	20851049	0	1
ILLUMINA-075005_0053_FC:3:1:10213:1395#0	unique	2R	19545032	0	1
ILLUMINA-075005_0053_FC:3:1:10265:1393#0	unique	2L	21172063	0	1
ILLUMINA-075005_0053_FC:3:1:10383:1391#0	unique	X	17070191	0	1
ILLUMINA-075005_0053_FC:3:1:10492:1396#0	unique	X	13593814	0	1
ILLUMINA-075005_0053_FC:3:1:10523:1396#0	multi				2
ILLUMINA-075005_0053_FC:3:1:10727:1390#0	unique	2R	22931541	0	1
ILLUMINA-075005_0053_FC:3:1:10946:1392#0	unique	3L	16584877	0	1
ILLUMINA-075005_0053_FC:3:1:11075:1393#0	unique	3L	18880279	0	1
ILLUMINA-075005_0053_FC:3:1:11482:1394#0	unique	2L	21170479	0	1
ILLUMINA-075005_0053_FC:3:1:11503:1395#0	unique	3L	19917296	0	1
ILLUMINA-075005_0053_FC:3:1:11604:1398#0	unique	2L	21678233	0	1
ILLUMINA-075005_0053_FC:3:1:11779:1399#0	unique	3L	13043785	0	1
ILLUMINA-075005_0053_FC:3:1:12043:1388#0	unique	2R	10066994	1	1
ILLUMINA-075005_0053_FC:3:1:13189:1391#0	unique	X	628407	0	1
ILLUMINA-075005_0053_FC:3:1:13405:1393#0	unique	2L	15064623	0	1
ILLUMINA-075005_0053_FC:3:1:13422:1399#0	unique	2R	21025442	0	1
ILLUMINA-075005_0053_FC:3:1:13580:1398#0	unique	3L	8326276	2	1
ILLUMINA-075005_0053_FC:3:1:13622:1394#0	unique	3L	21985655	0	1
ILLUMINA-075005_0053_FC:3:1:14190:1398#0	unique	2L	21170946	0	1
ILLUMINA-075005_0053_FC:3:1:15034:1399#0	unique	2R	6732521	0	1
ILLUMINA-075005_0053_FC:3:1:15189:1391#0	unique	3R	13981601	1	1
ILLUMINA-075005_0053_FC:3:1:15466:1395#0	unique	3R	5401678	1	1
ILLUMINA-075005_0053_FC:3:1:16090:1391#0	unique	3L	21029715	1	1
ILLUMINA-075005_0053_FC:3:1:16263:1391#0	unique	3L	20496844	0	1
ILLUMINA-075005_0053_FC:3:1:17269:1389#0	unique	X	16286867	0	1
ILLUMINA-075005_0053_FC:3:1:17444:1390#0	unique	X	17632649	0	1
ILLUMINA-075005_0053_FC:3:1:17692:1393#0	unique	3R	29685940	0	1
ILLUMINA-075005_0053_FC:3:1:17721:1396#0	unique	3R	17783615	0	1
ILLUMINA-075005_0053_FC:3:1:17802:1397#0	unique	3R	17545335	0	1
ILLUMINA-075005_0053_FC:3:1:18306:1391#0	unique	dmel_mitochondrion_genome	2769	0	1
ILLUMINA-075005_0053_FC:3:1:18529:1394#0	unique	4	1033127	0	1
ILLUMINA-075005_0053_FC:3:1:18836:1392#0	unique	2R	15999820	1	1
ILLUMINA-075005_0053_FC:3:1:19409:1395#0	unique	2L	19959517	1	1
ILLUMINA-075005_0053_FC:3:1:1127:1407#0	unique	3R	7088145	1	1
ILLUMINA-075005_0053_FC:3:1:2413:1408#0	unique	3L	3194839	1	1
ILLUMINA-075005_0053_FC:3:1:2916:1403#0	unique	X	13593728	0	1
ILLUMINA-075005_0053_FC:3:1:3032:1406#0	unique	2L	16788034	0	1
ILLUMINA-075005_0053_FC:3:1:3628:1411#0	unique	2R	16586478	0	1
ILLUMINA-075005_0053_FC:3:1:4149:1407#0	unique	3R	27049493	0	1
ILLUMINA-075005_0053_FC:3:1:4793:1409#0	unique	X	13814471	0	1
ILLUMINA-075005_0053_FC:3:1:4972:1403#0	unique	2R	22607908	0	1
ILLUMINA-075005_0053_FC:3:1:5688:1410#0	unique	X	15787894	1	1
ILLUMINA-075005_0053_FC:3:1:5976:1408#0	unique	2L	13923361	0	1
ILLUMINA-075005_0053_FC:3:1:6516:1401#0	unique	3R	30173696	0	1
ILLUMINA-075005_0053_FC:3:1:6804:1402#0	unique	2L	15037233	0	1
ILLUMINA-075005_0053_FC:3:1:6848:1402#0	unique	X	18423647	0	1
ILLUMINA-075005_0053_FC:3:1:7225:1402#0	unique	2L	10222000	2	1
ILLUMINA-075005_0053_FC:3:1:7243:1407#0	unique	3R	22376526	0	1
ILLUMINA-075005_0053_FC:3:1:7289:1408#0	unique	2R	24968520	0	1
ILLUMINA-075005_0053_FC:3:1:7509:1402#0	unique	3L	11824061	0	1
ILLUMINA-075005_0053_FC:3:1:8126:1410#0	unique	2R	8591622	2	1
ILLUMINA-075005_0053_FC:3:1:8260:1408#0	unique	3L	9365076	0	1
ILLUMINA-075005_0053_FC:3:1:8284:1410#0	unique	3R	10780605	0	1
ILLUMINA-075005_0053_FC:3:1:8629:1403#0	unique	2R	8591811	1	1
ILLUMINA-075005_0053_FC:3:1:9155:1409#0	unique	3L	9869101	0	1
ILLUMINA-075005_0053_FC:3:1:9384:1403#0	unique	2R	18821192	1	1
ILLUMINA-075005_0053_FC:3:1:9845:1410#0	unique	2L	9896300	0	1
ILLUMINA-075005_0053_FC:3:1:10570:1405#0	unique	2L	18442514	0	1
ILLUMINA-075005_0053_FC:3:1:10727:1410#0	unique	2L	13394356	0	1
ILLUMINA-075005_0053_FC:3:1:11220:1401#0	unique	3R	18226782	1	1
ILLUMINA-075005_0053_FC:3:1:12000:1403#0	unique	3L	13024682	0	1
ILLUMINA-075005_0053_FC:3:1:12424:1411#0	unique	2L	13922805	1	1
ILLUMINA-075005_0053_FC:3:1:12447:1401#0	multi				2
ILLUMINA-075005_0053_FC:3:1:12560:1406#0	unique	2R	10287121	0	1
ILLUMINA-075005_0053_FC:3:1:12760:1408#0	unique	3L	5361910	0	1
ILLUMINA-075005_0053_FC:3:1:12884:1405#0	unique	3R	15441716	0	1
ILLUMINA-075005_0053_FC:3:1:12985:1410#0	unique	X	5978845	2	1
ILLUMINA-075005_0053_FC:3:1:13030:1408#0	unique	2L	10201851	0	1
ILLUMINA-075005_0053_FC:3:1:13099:1403#0	unique	2L	18442949	0	1
ILLUMINA-075005_0053_FC:3:1:13324:1405#0	unique	4	1034395	0	1
ILLUMINA-075005_0053_FC:3:1:13840:1401#0	unique	2L	9896307	0	1
ILLUMINA-075005_0053_FC:3:1:14118:1404#0	unique	3L	8327393	1	1
ILLUMINA-075005_0053_FC:3:1:14225:1401#0	unique	3L	3816997	0	1
ILLUMINA-075005_0053_FC:3:1:14802:1402#0	unique	2R	18538181	2	1
ILLUMINA-075005_0053_FC:3:1:14895:1405#0	unique	3L	21987110	0	1
ILLUMINA-075005_0053_FC:3:1:14971:1400#0	unique	3R	30208219	0	1
ILLUMINA-075005_0053_FC:3:1:15088:1405#0	multi				2
ILLUMINA-075005_0053_FC:3:1:15189:1409#0	unique	2R	17408753	2	1
ILLUMINA-075005_0053_FC:3:1:15526:1411#0	unique	2L	4797310	0	1
ILLUMINA-075005_0053_FC:3:1:15575:1411#0	unique	X	19598473	0	1
ILLUMINA-075005_0053_FC:3:1:15712:1403#0	unique	2R	7792906	0	1
ILLUMINA-075005_0053_FC:3:1:15810:1403#0	unique	3R	30172917	1	1
ILLUMINA-075005_0053_FC:3:1:15888:1403#0	unique	X	7934492	0	1
ILLUMINA-075005_0053_FC:3:1:16479:1404#0	unique	2R	23974059	0	1
ILLUMINA-075005_0053_FC:3:1:16594:1408#0	unique	2R	15859813	0	1
ILLUMINA-075005_0053_FC:3:1:16825:1403#0	unique	2L	17472130	0	1
ILLUMINA-075005_0053_FC:3:1:17309:1402#0	unique	3L	22077102	1	1
ILLUMINA-075005_0053_FC:3:1:17632:1406#0	unique	2R	9397386	3	1
ILLUMINA-075005_0053_FC:3:1:17929:1409#0	unique	3L	19701545	2	1
ILLUMINA-075005_0053_FC:3:1:17980:1410#0	unique	3R	31595052	0	1
ILLUMINA-075005_0053_FC:3:1:18180:1403#0	unique	2R	11689355	0	1
ILLUMINA-075005_0053_FC:3:1:18257:1410#0	unique	2R	17409145	0	1
ILLUMINA-075005_0053_FC:3:1:18659:1401#0	unique	2L	8363955	0	1
ILLUMINA-075005_0053_FC:3:1:18703:1409#0	unique	2R	21143772	0	1
ILLUMINA-075005_0053_FC:3:1:18976:1407#0	unique	3R	23359710	0	1
ILLUMINA-075005_0053_FC:3:1:19769:1400#0	unique	X	13621831	0	1
ILLUMINA-075005_0053_FC:3:1:1816:1417#0	unique	3R	31218970	0	1
ILLUMINA-075005_0053_FC:3:1:2120:1418#0	unique	3R	12446682	0	1
ILLUMINA-075005_0053_FC:3:1:2860:1421#0	unique	X	7283224	0	1
ILLUMINA-075005_0053_FC:3:1:3185:1422#0	unique	3R	24277019	0	1
ILLUMINA-075005_0053_FC:3:1:3222:1415#0	unique	3R	27658777	0	1
ILLUMINA-075005_0053_FC:3:1:3431:1415#0	unique	2R	6015016	0	1
ILLUMINA-075005_0053_FC:3:1:3459:1417#0	unique	2R	8940824	0	1
ILLUMINA-075005_0053_FC:3:1:3603:1419#0	unique	3R	30173041	0	1
ILLUMINA-075005_0053_FC:3:1:5376:1423#0	unique	X	11893662	0	1
ILLUMINA-075005_0053_FC:3:1:5834:1415#0	unique	2R	18821652	0	1
ILLUMINA-075005_0053_FC:3:1:6193:1413#0	unique	2L	11523606	0	1
ILLUMINA-075005_0053_FC:3:1:6323:1412#0	unique	3R	30173683	1	1
ILLUMINA-075005_0053_FC:3:1:6341:1418#0	unique	3L	7243263	0	1
ILLUMINA-075005_0053_FC:3:1:6665:1416#0	unique	3L	9428911	0	1
ILLUMINA-075005_0053_FC:3:1:7321:1416#0	unique	2L	10201715	0	1
ILLUMINA-075005_0053_FC:3:1:7406:1420#0	unique	X	7899735	0	1
ILLUMINA-075005_0053_FC:3:1:7784:1415#0	unique	2R	12760162	0	1
ILLUMINA-075005_0053_FC:3:1:7877:1421#0	unique	3L	9428986	1	1
ILLUMINA-075005_0053_FC:3:1:8083:1417#0	unique	3R	31763719	1	1
ILLUMINA-075005_0053_FC:3:1:8677:1418#0	unique	X	628408	0	1
ILLUMINA-075005_0053_FC:3:1:8821:1416#0	unique	3R	17445334	0	1
ILLUMINA-075005_0053_FC:3:1:8961:1423#0	unique	2R	23385903	0	1
ILLUMINA-075005_0053_FC:3:1:9121:1415#0	unique	2L	10038424	0	1
ILLUMINA-075005_0053_FC:3:1:9287:1421#0	unique	2R	22801628	0	1
ILLUMINA-075005_0053_FC:3:1:9489:1419#0	unique	X	1397260	1	1
ILLUMINA-075005_0053_FC:3:1:9515:1417#0	unique	2L	19008459	0	1
ILLUMINA-075005_0053_FC:3:1:9996:1422#0	unique	2L	10201814	0	1
ILLUMINA-075005_0053_FC:3:1:10817:1418#0	unique	3R	15440885	0	1
ILLUMINA-075005_0053_FC:3:1:11190:1421#0	unique	2L	2382633	1	1
ILLUMINA-075005_0053_FC:3:1:11505:1419#0	unique	2R	15935550	1	1
ILLUMINA-075005_0053_FC:3:1:11834:1418#0	unique	2R	9111850	0	1
ILLUMINA-075005_0053_FC:3:1:12133:1417#0	unique	3L	16375460	0	1
ILLUMINA-075005_0053_FC:3:1:12360:1419#0	unique	3L	15138587	1	1
ILLUMINA-075005_0053_FC:3:1:12532:1414#0	unique	3R	11209211	0	1
ILLUMINA-075005_0053_FC:3:1:12626:1414#0	unique	X	9967727	1	1
ILLUMINA-075005_0053_FC:3:1:13120:1417#0	unique	2L	13921303	0	1
ILLUMINA-075005_0053_FC:3:1:13887:1414#0	unique	3R	29716367	0	1
ILLUMINA-075005_0053_FC:3:1:14232:1423#0	unique	3R	24332299	0	1
ILLUMINA-075005_0053_FC:3:1:14646:1422#0	unique	2R	20264550	1	1
ILLUMINA-075005_0053_FC:3:1:14852:1423#0	unique	3R	30171694	1	1
ILLUMINA-075005_0053_FC:3:1:15836:1412#0	unique	2R	22800342	0	1
ILLUMINA-075005_0053_FC:3:1:15992:1416#0	unique	3L	4628336	2	1
ILLUMINA-075005_0053_FC:3:1:16144:1413#0	unique	2L	13921941	0	1
ILLUMINA-075005_0053_FC:3:1:16209:1421#0	unique	3R	21507215	0	1
ILLUMINA-075005_0053_FC:3:1:16396:1415#0	unique	3R	15305225	0	1
ILLUMINA-075005_0053_FC:3:1:16740:1421#0	unique	3L	9048960	1	1
ILLUMINA-075005_0053_FC:3:1:16843:1415#0	unique	3L	19690696	0	1
ILLUMINA-075005_0053_FC:3:1:17666:1423#0	unique	2L	21171683	0	1
ILLUMINA-075005_0053_FC:3:1:17830:1416#0	unique	3L	8790702	0	1
ILLUMINA-075005_0053_FC:3:1:17879:1416#0	unique	2R	17409318	1	1
ILLUMINA-075005_0053_FC:3:1:18009:1414#0	unique	2R	20264335	1	1
ILLUMINA-075005_0053_FC:3:1:18038:1414#0	unique	2R	7826692	0	1
ILLUMINA-075005_0053_FC:3:1:19177:1423#0	unique	3L	21987112	0	1
ILLUMINA-075005_0053_FC:3:1:19304:1417#0	unique	X	9779159	0	1
ILLUMINA-075005_0053_FC:3:1:19642:1414#0	unique	2L	13921669	0	1
ILLUMINA-075005_0053_FC:3:1:1296:1429#0	unique	X	5683329	0	1
ILLUMINA-075005_0053_FC:3:1:1394:1431#0	unique	2L	8191560	0	1
ILLUMINA-075005_0053_FC:3:1:2081:1429#0	unique	2R	10292534	1	1
ILLUMINA-075005_0053_FC:3:1:2194:1425#0	unique	3R	31216471	0	1
ILLUMINA-075005_0053_FC:3:1:3008:1431#0	unique	3L	21985540	0	1
ILLUMINA-075005_0053_FC:3:1:3222:1433#0	unique	3R	25246453	0	1
ILLUMINA-075005_0053_FC:3:1:3774:1423#0	unique	X	15787889	1	1
ILLUMINA-075005_0053_FC:3:1:3842:1430#0	unique	3L	5759802	1	1
ILLUMINA-075005_0053_FC:3:1:4068:1426#0	unique	3L	5901924	0	1
ILLUMINA-075005_0053_FC:3:1:4108:1428#0	unique	3R	14891120	0	1
ILLUMINA-075005_0053_FC:3:1:4355:1435#0	unique	2R	10136976	1	1
ILLUMINA-075005_0053_FC:3:1:4411:1432#0	unique	X	7899733	0	1
ILLUMINA-075005_0053_FC:3:1:4532:1434#0	unique	X	1378894	0	1
ILLUMINA-075005_0053_FC:3:1:4669:1428#0	unique	3L	9049157	0	1
ILLUMINA-075005_0053_FC:3:1:5331:1431#0	unmapped				0
ILLUMINA-075005_0053_FC:3:1:5443:1434#0	unique	3R	17444983	0	1
ILLUMINA-075005_0053_FC:3:1:5603:1427#0	unique	2L	18856628	0	1
ILLUMINA-075005_0053_FC:3:1:6154:1429#0	unique	2L	12045641	0	1
ILLUMINA-075005_0053_FC:3:1:6264:1430#0	unique	2R	14215607	0	1
ILLUMINA-075005_0053_FC:3:1:6754:1432#0	unique	3L	11710483	0	1
ILLUMINA-075005_0053_FC:3:1:7192:1434#0	unique	2L	4228465	0	1
ILLUMINA-075005_0053_FC:3:1:7509:1425#0	unique	3L	11824061	0	1
ILLUMINA-075005_0053_FC:3:1:7581:1424#0	unique	3L	16277689	2	1
ILLUMINA-075005_0053_FC:3:1:7913:1434#0	unique	3R	31740491	0	1
ILLUMINA-075005_0053_FC:3:1:8863:1435#0	unique	3R	19643496	0	1
ILLUMINA-075005_0053_FC:3:1:9103:1434#0	unique	3R	30208240	0	1
ILLUMINA-075005_0053_FC:3:1:9247:1430#0	unique	3L	16905680	0	1
ILLUMINA-075005_0053_FC:3:1:9557:1434#0	unique	3R	31217021	2	1
ILLUMINA-075005_0053_FC:3:1:9690:1429#0	unique	3L	9724230	1	1
ILLUMINA-075005_0053_FC:3:1:10442:1432#0	unique	3L	16308183	0	1
ILLUMINA-075005_0053_FC:3:1:10736:1428#0	unique	2L	19543828	0	1
ILLUMINA-075005_0053_FC:3:1:11105:1428#0	unique	X	7900176	1	1
ILLUMINA-075005_0053_FC:3:1:11431:1434#0	unique	3L	18899780	0	1
ILLUMINA-075005_0053_FC:3:1:11553:1432#0	unique	3R	27049505	0	1
ILLUMINA-075005_0053_FC:3:1:12378:1429#0	unique	2R	19503270	2	1
ILLUMINA-075005_0053_FC:3:1:12497:1430#0	unique	2R	17538894	0	1
ILLUMINA-075005_0053_FC:3:1:12973:1432#0	unique	X	6349748	1	1
ILLUMINA-075005_0053_FC:3:1:13158:1425#0	unique	dmel_mitochondrion_genome	12764	0	1
ILLUMINA-075005_0053_FC:3:1:14378:1432#0	unique	3R	30172929	1	1
ILLUMINA-075005_0053_FC:3:1:14761:1427#0	unique	2L	13394356	0	1
ILLUMINA-075005_0053_FC:3:1:14809:1432#0	unique	2L	3145332	0	1
ILLUMINA-075005_0053_FC:3:1:15440:1430#0	unique	3L	8326951	0	1
ILLUMINA-075005_0053_FC:3:1:15697:1425#0	unique	3R	25246453	0	1
ILLUMINA-075005_0053_FC:3:1:16113:1427#0	unique	X	16387172	0	1
ILLUMINA-075005_0053_FC:3:1:16494:1426#0	unique	3R	24895715	0	1
ILLUMINA-075005_0053_FC:3:1:16525:1426#0	unique	X	16361954	0	1
ILLUMINA-075005_0053_FC:3:1:16688:1433#0	unique	2R	7792051	0	1
ILLUMINA-075005_0053_FC:3:1:17058:1425#0	unique	2L	13922162	0	1
ILLUMINA-075005_0053_FC:3:1:17233:1430#0	unique	2R	8217456	0	1
ILLUMINA-075005_0053_FC:3:1:17256:1431#0	unique	2L	17440609	0	1
ILLUMINA-075005_0053_FC:3:1:17280:1424#0	unique	X	16846319	0	1
ILLUMINA-075005_0053_FC:3:1:17444:1427#0	unique	2R	20533614	0	1
ILLUMINA-075005_0053_FC:3:1:17747:1434#0	unique	2L	10847808	0	1
ILLUMINA-075005_0053_FC:3:1:17853:1430#0	unique	3R	15441959	0	1
ILLUMINA-075005_0053_FC:3:1:18684:1431#0	unique	2L	1726239	1	1
ILLUMINA-075005_0053_FC:3:1:18797:1427#0	unique	3R	14891617	0	1
ILLUMINA-075005_0053_FC:3:1:18964:1428#0	unique	3R	26257442	0	1
ILLUMINA-075005_0053_FC:3:1:19400:1429#0	unique	3R	9778820	0	1
ILLUMINA-075005_0053_FC:3:1:2137:1438#0	unique	3L	17044753	0	1
ILLUMINA-075005_0053_FC:3:1:3242:1445#0	unique	3L	8103639	0	1
ILLUMINA-075005_0053_FC:3:1:3292:1439#0	unique	3L	22077082	0	1
ILLUMINA-075005_0053_FC:3:1:4375:1441#0	unique	3R	6281554	0	1
ILLUMINA-075005_0053_FC:3:1:4497:1443#0	unique	3L	19535272	0	1
ILLUMINA-075005_0053_FC:3:1:4793:1437#0	unique	3R	23359731	0	1
ILLUMINA-075005_0053_FC:3:1:5053:1443#0	unique	2R	17546857	0	1
ILLUMINA-075005_0053_FC:3:1:5085:1440#0	unique	3L	22076641	0	1
ILLUMINA-075005_0053_FC:3:1:5354:1445#0	unique	2R	9587610	0	1
ILLUMINA-075005_0053_FC:3:1:5640:1445#0	unique	2R	24061326	0	1
ILLUMINA-075005_0053_FC:3:1:5736:1442#0	unique	3R	29716524	1	1
ILLUMINA-075005_0053_FC:3:1:6060:1443#0	unique	2L	9968374	0	1
ILLUMINA-075005_0053_FC:3:1:6534:1437#0	unique	3R	16145737	2	1
ILLUMINA-075005_0053_FC:3:1:7293:1440#0	unique	X	2791060	0	1
ILLUMINA-075005_0053_FC:3:1:7352:1440#0	unique	2R	24903420	0	1
ILLUMINA-075005_0053_FC:3:1:7809:1435#0	unique	2L	19008379	0	1
ILLUMINA-075005_0053_FC:3:1:8029:1441#0	unique	2L	8363990	1	1
ILLUMINA-075005_0053_FC:3:1:8712:1436#0	unique	2R	14619264	0	1
ILLUMINA-075005_0053_FC:3:1:9192:1441#0	unique	2R	24970882	0	1
ILLUMINA-075005_0053_FC:3:1:9286:1445#0	unique	2L	12744051	0	1
ILLUMINA-075005_0053_FC:3:1:9939:1444#0	unique	3R	15441779	0	1
ILLUMINA-075005_0053_FC:3:1:10503:1445#0	unique	2R	6080369	0	1
ILLUMINA-075005_0053_FC:3:1:10580:1444#0	unique	3R	20571560	1	1
ILLUMINA-075005_0053_FC:3:1:10914:1441#0	unique	2L	155662	0	1
ILLUMINA-075005_0053_FC:3:1:12353:1439#0	unique	3R	7088402	0	1
ILLUMINA-075005_0053_FC:3:1:12437:1440#0	unique	3R	15266210	0	1
ILLUMINA-075005_0053_FC:3:1:12524:1439#0	unique	2R	12199868	0	1
ILLUMINA-075005_0053_FC:3:1:13652:1441#0	unique	2R	16793165	0	1
ILLUMINA-075005_0053_FC:3:1:13770:1437#0	unique	2L	13921143	0	1
ILLUMINA-075005_0053_FC:3:1:13993:1435#0	unique	2R	16570255	0	1
ILLUMINA-075005_0053_FC:3:1:14081:1440#0	unique	3R	14327542	0	1
ILLUMINA-075005_0053_FC:3:1:14215:1444#0	unique	3R	7088749	0	1
ILLUMINA-075005_0053_FC:3:1:14255:1441#0	unique	3R	18226804	0	1
ILLUMINA-075005_0053_FC:3:1:14460:1445#0	unique	3L	16963378	0	1
ILLUMINA-075005_0053_FC:3:1:15007:1439#0	unique	3L	3158611	1	1
ILLUMINA-075005_0053_FC:3:1:15471:1445#0	unique	2L	13922137	1	1
ILLUMINA-075005_0053_FC:3:1:16094:1446#0	unique	X	16387172	2	1
ILLUMINA-075005_0053_FC:3:1:16276:1437#0	unique	3R	25684359	0	1
ILLUMINA-075005_0053_FC:3:1:16297:1436#0	unique	X	14241891	0	1
ILLUMINA-075005_0053_FC:3:1:16923:1441#0	unique	3R	31745186	0	1
ILLUMINA-075005_0053_FC:3:1:17186:1446#0	unique	X	9157708	0	1
ILLUMINA-075005_0053_FC:3:1:17704:1442#0	unique	2R	22800354	1	1
ILLUMINA-075005_0053_FC:3:1:18303:1440#0	multi				2
ILLUMINA-075005_0053_FC:3:1:18370:1446#0	unique	2R	17572367	0	1
ILLUMINA-075005_0053_FC:3:1:18576:1439#0	unique	3R	31216412	0	1
ILLUMINA-075005_0053_FC:3:1:19282:1444#0	unique	2R	24312359	0	1
ILLUMINA-075005_0053_FC:3:1:19648:1436#0	unique	3R	21298042	1	1
ILLUMINA-075005_0053_FC:3:1:1111:1449#0	unique	3L	17954937	0	1
ILLUMINA-075005_0053_FC:3:1:1340:1447#0	unique	3R	14892175	0	1
ILLUMINA-075005_0053_FC:3:1:1371:1457#0	unique	X	11570933	0	1
ILLUMINA-075005_0053_FC:3:1:1506:1450#0	unique	3R	15244530	0	1
ILLUMINA-075005_0053_FC:3:1:1755:1448#0	unique	3R	12368228	0	1
ILLUMINA-075005_0053_FC:3:1:1986:1456#0	unique	3L	12747039	1	1
ILLUMINA-075005_0053_FC:3:1:2041:1457#0	unique	2R	22938810	0	1
ILLUMINA-075005_0053_FC:3:1:2370:1448#0	unique	2L	4228360	0	1
ILLUMINA-075005_0053_FC:3:1:2771:1456#0	unique	2L	10491238	0	1
ILLUMINA-075005_0053_FC:3:1:2907:1449#0	unique	3R	11223900	0	1
ILLUMINA-075005_0053_FC:3:1:2962:1449#0	unique	2L	6558424	2	1
ILLUMINA-075005_0053_FC:3:1:3179:1458#0	unique	X	12008199	1	1
ILLUMINA-075005_0053_FC:3:1:3575:1451#0	unique	3L	13024377	0	1
ILLUMINA-075005_0053_FC:3:1:4836:1454#0	unique	3R	15337550	0	1
ILLUMINA-075005_0053_FC:3:1:5068:1451#0	unique	3R	30133225	0	1
ILLUMINA-075005_0053_FC:3:1:5096:1455#0	unique	3L	11824057	0	1
ILLUMINA-075005_0053_FC:3:1:5268:1450#0	unique	3R	5466210	0	1
ILLUMINA-075005_0053_FC:3:1:5608:1450#0	unique	X	6277133	0	1
ILLUMINA-075005_0053_FC:3:1:5872:1455#0	unique	2R	11894252	0	1
ILLUMINA-075005_0053_FC:3:1:6150:1457#0	unique	3L	9382241	2	1
ILLUMINA-075005_0053_FC:3:1:7233:1448#0	unique	3R	31742291	0	1
ILLUMINA-075005_0053_FC:3:1:7460:1453#0	unique	dmel_mitochondrion_genome	12769	0	1
ILLUMINA-075005_0053_FC:3:1:7577:1451#0	unique	X	4921482	1	1
ILLUMINA-075005_0053_FC:3:1:8227:1455#0	unique	X	15064469	0	1
ILLUMINA-075005_0053_FC:3:1:8317:1449#0	unique	2R	13874889	1	1
ILLUMINA-075005_0053_FC:3:1:9015:1448#0	unique	3L	1667559	0	1
ILLUMINA-075005_0053_FC:3:1:9225:1448#0	unique	2R	24305999	2	1
