read_id,star_rname,star_pos,my_status,my_rname,my_pos,match
ILLUMINA-075005_0053_FC:3:1:3920:1058#0,2R,12759819,unique,2R,12759819,yes
ILLUMINA-075005_0053_FC:3:1:6129:1058#0,X,7738053,unique,X,7738053,yes
ILLUMINA-075005_0053_FC:3:1:6263:1058#0,2R,23881277,unique,2R,23881277,yes
ILLUMINA-075005_0053_FC:3:1:7383:1059#0,2L,21172619,unique,2L,21172619,yes
ILLUMINA-075005_0053_FC:3:1:8419:1059#0,3L,17847565,unique,3L,17847565,yes
ILLUMINA-075005_0053_FC:3:1:8800:1058#0,2R,10820734,unique,2R,10820734,yes
ILLUMINA-075005_0053_FC:3:1:8862:1058#0,2L,13922144,unique,2L,13922144,yes
ILLUMINA-075005_0053_FC:3:1:11306:1058#0,3L,1566948,unique,3L,1566948,yes
ILLUMINA-075005_0053_FC:3:1:11347:1058#0,2R,22640781,unique,2R,22640781,yes
ILLUMINA-075005_0053_FC:3:1:1727:1067#0,3R,29220874,unique,3R,29220874,yes
ILLUMINA-075005_0053_FC:3:1:1993:1067#0,2R,15858208,unique,2R,15858208,yes
ILLUMINA-075005_0053_FC:3:1:2462:1066#0,3L,8125975,unique,3L,8125975,yes
ILLUMINA-075005_0053_FC:3:1:2685:1060#0,3L,17238796,unique,3L,17238796,yes
ILLUMINA-075005_0053_FC:3:1:2720:1061#0,3R,14733164,unique,3R,14733164,yes
ILLUMINA-075005_0053_FC:3:1:3174:1068#0,2R,15858492,unique,2R,15858492,yes
ILLUMINA-075005_0053_FC:3:1:3441:1068#0,2R,15544339,unique,2R,15544339,yes
ILLUMINA-075005_0053_FC:3:1:3513:1062#0,X,7934600,unique,X,7934600,yes
ILLUMINA-075005_0053_FC:3:1:3542:1068#0,3R,7087515,unique,3R,7087515,yes
ILLUMINA-075005_0053_FC:3:1:3659:1062#0,2R,19448102,unique,2R,19448102,yes
ILLUMINA-075005_0053_FC:3:1:3695:1062#0,3R,21360447,unique,3R,21360447,yes
ILLUMINA-075005_0053_FC:3:1:3783:1069#0,2R,24171509,unique,2R,24171509,yes
ILLUMINA-075005_0053_FC:3:1:3966:1066#0,X,6531140,unique,X,6531140,yes
ILLUMINA-075005_0053_FC:3:1:4158:1063#0,3L,18899721,unique,3L,18899721,yes
ILLUMINA-075005_0053_FC:3:1:4647:1062#0,3R,26053351,unique,3R,26053351,yes
ILLUMINA-075005_0053_FC:3:1:4696:1061#0,2R,7673726,unique,2R,7673726,yes
ILLUMINA-075005_0053_FC:3:1:5223:1064#0,3L,16094374,unique,3L,16094374,yes
ILLUMINA-075005_0053_FC:3:1:5757:1063#0,3R,27090305,unique,3R,27090305,yes
ILLUMINA-075005_0053_FC:3:1:5954:1063#0,3L,8327050,unique,3L,8327050,yes
ILLUMINA-075005_0053_FC:3:1:6731:1063#0,3L,3195466,unique,3L,3195466,yes
ILLUMINA-075005_0053_FC:3:1:6765:1062#0,3R,15266278,unique,3R,15266278,yes
ILLUMINA-075005_0053_FC:3:1:7137:1070#0,3R,9358835,unique,3R,9358835,yes
ILLUMINA-075005_0053_FC:3:1:7242:1070#0,X,9159594,unique,X,9159594,yes
ILLUMINA-075005_0053_FC:3:1:7857:1060#0,3R,32057298,unique,3R,32057298,yes
ILLUMINA-075005_0053_FC:3:1:8921:1070#0,X,15868883,unique,X,15868883,yes
ILLUMINA-075005_0053_FC:3:1:9314:1067#0,2R,13497623,unique,2R,13497623,yes
ILLUMINA-075005_0053_FC:3:1:9468:1059#0,X,7934492,unique,X,7934492,yes
ILLUMINA-075005_0053_FC:3:1:9491:1064#0,3R,15440639,unique,3R,15440639,yes
ILLUMINA-075005_0053_FC:3:1:9517:1059#0,2L,3517025,unique,2L,3517025,yes
ILLUMINA-075005_0053_FC:3:1:10080:1061#0,4,66295,unique,4,66295,yes
ILLUMINA-075005_0053_FC:3:1:10460:1066#0,2R,8892721,unique,2R,8892721,yes
ILLUMINA-075005_0053_FC:3:1:10807:1068#0,3L,11133364,unique,3L,11133364,yes
ILLUMINA-075005_0053_FC:3:1:11563:1067#0,3L,11992076,unique,3L,11992076,yes
ILLUMINA-075005_0053_FC:3:1:11873:1062#0,2R,17546760,unique,2R,17546760,yes
ILLUMINA-075005_0053_FC:3:1:12472:1059#0,X,19598484,unique,X,19598484,yes
ILLUMINA-075005_0053_FC:3:1:12624:1062#0,3L,16583540,unique,3L,16583540,yes
ILLUMINA-075005_0053_FC:3:1:12971:1069#0,3R,7253466,unique,3R,7253466,yes
ILLUMINA-075005_0053_FC:3:1:13269:1068#0,3L,3718765,unique,3L,3718765,yes
ILLUMINA-075005_0053_FC:3:1:14146:1064#0,3R,22016880,unique,3R,22016880,yes
ILLUMINA-075005_0053_FC:3:1:15199:1059#0,2L,13922109,unique,2L,13922109,yes
ILLUMINA-075005_0053_FC:3:1:16382:1061#0,X,2026018,unique,X,2026018,yes
ILLUMINA-075005_0053_FC:3:1:16841:1060#0,3L,16611508,unique,3L,16611508,yes
ILLUMINA-075005_0053_FC:3:1:16883:1069#0,3L,16307854,unique,3L,16307854,yes
ILLUMINA-075005_0053_FC:3:1:16958:1061#0,X,17143686,unique,X,17143686,yes
ILLUMINA-075005_0053_FC:3:1:17219:1070#0,2R,21071591,unique,2R,21071591,yes
ILLUMINA-075005_0053_FC:3:1:17273:1059#0,3L,1667614,unique,3L,1667614,yes
ILLUMINA-075005_0053_FC:3:1:17829:1059#0,2L,6478340,unique,2L,6478340,yes
ILLUMINA-075005_0053_FC:3:1:17924:1065#0,X,1479129,unique,X,1479129,yes
ILLUMINA-075005_0053_FC:3:1:17955:1064#0,3R,14327392,unique,3R,14327392,yes
ILLUMINA-075005_0053_FC:3:1:18313:1060#0,X,7893370,unique,X,7893370,yes
ILLUMINA-075005_0053_FC:3:1:18623:1066#0,3R,26257485,unique,3R,26257485,yes
ILLUMINA-075005_0053_FC:3:1:18955:1067#0,2R,11146516,unique,2R,11146516,yes
ILLUMINA-075005_0053_FC:3:1:19343:1060#0,3R,9778926,unique,3R,9778926,yes
ILLUMINA-075005_0053_FC:3:1:19458:1069#0,2R,16570226,unique,2R,16570226,yes
ILLUMINA-075005_0053_FC:3:1:19572:1066#0,2R,8129666,unique,2R,8129666,yes
ILLUMINA-075005_0053_FC:3:1:19606:1061#0,X,21318387,unique,X,21318387,yes
ILLUMINA-075005_0053_FC:3:1:1340:1071#0,X,16286877,unique,X,16286877,yes
ILLUMINA-075005_0053_FC:3:1:2272:1072#0,3L,21986971,unique,3L,21986971,yes
ILLUMINA-075005_0053_FC:3:1:2505:1076#0,3L,13024682,unique,3L,13024682,yes
ILLUMINA-075005_0053_FC:3:1:2894:1076#0,X,10461103,unique,X,10461103,yes
ILLUMINA-075005_0053_FC:3:1:3124:1073#0,2R,22717569,unique,2R,22717569,yes
ILLUMINA-075005_0053_FC:3:1:3679:1079#0,X,6258300,unique,X,6258300,yes
ILLUMINA-075005_0053_FC:3:1:4021:1080#0,2L,13921637,unique,2L,13921637,yes
ILLUMINA-075005_0053_FC:3:1:5009:1080#0,3L,9049267,unique,3L,9049267,yes
ILLUMINA-075005_0053_FC:3:1:5050:1082#0,2R,7791956,unique,2R,7791956,yes
ILLUMINA-075005_0053_FC:3:1:5106:1078#0,2L,9700181,unique,2L,9700181,yes
ILLUMINA-075005_0053_FC:3:1:5205:1071#0,2R,13872837,unique,2R,13872837,yes
ILLUMINA-075005_0053_FC:3:1:5567:1078#0,2L,13933381,unique,2L,13933381,yes
ILLUMINA-075005_0053_FC:3:1:5636:1080#0,2R,16570202,unique,2R,16570202,yes
ILLUMINA-075005_0053_FC:3:1:6330:1071#0,X,266210,unique,X,266210,yes
ILLUMINA-075005_0053_FC:3:1:6432:1079#0,X,2172842,unique,X,2172842,yes
ILLUMINA-075005_0053_FC:3:1:6487:1081#0,2R,20565390,unique,2R,20565390,yes
ILLUMINA-075005_0053_FC:3:1:6505:1072#0,X,6532102,unique,X,6532102,yes
ILLUMINA-075005_0053_FC:3:1:7344:1075#0,2R,18820719,unique,2R,18820719,yes
ILLUMINA-075005_0053_FC:3:1:7500:1079#0,3R,11955353,multi,,,no
ILLUMINA-075005_0053_FC:3:1:7528:1082#0,2L,10241659,unique,2L,10241659,yes
ILLUMINA-075005_0053_FC:3:1:7631:1076#0,3L,8602273,unique,3L,8602273,yes
ILLUMINA-075005_0053_FC:3:1:8505:1073#0,2R,21070559,unique,2R,21070559,yes
ILLUMINA-075005_0053_FC:3:1:8967:1079#0,3R,18687633,unique,3R,18687633,yes
ILLUMINA-075005_0053_FC:3:1:9018:1071#0,2R,24009674,unique,2R,24009674,yes
ILLUMINA-075005_0053_FC:3:1:9891:1072#0,2R,22640818,unique,2R,22640818,yes
ILLUMINA-075005_0053_FC:3:1:9949:1074#0,2L,14741411,multi,,,no
ILLUMINA-075005_0053_FC:3:1:10048:1078#0,2R,10470086,unique,2R,10470086,yes
ILLUMINA-075005_0053_FC:3:1:10142:1075#0,3R,19027816,unique,3R,19027816,yes
ILLUMINA-075005_0053_FC:3:1:10190:1077#0,X,16286923,unique,X,16286923,yes
ILLUMINA-075005_0053_FC:3:1:10560:1079#0,2L,6934091,unique,2L,6934091,yes
ILLUMINA-075005_0053_FC:3:1:10593:1078#0,3R,27658629,unique,3R,27658629,yes
ILLUMINA-075005_0053_FC:3:1:10859:1080#0,2R,9587616,unique,2R,9587616,yes
ILLUMINA-075005_0053_FC:3:1:10881:1079#0,3L,8326927,unique,3L,8326927,yes
ILLUMINA-075005_0053_FC:3:1:11201:1080#0,2L,561031,unique,2L,561031,yes
ILLUMINA-075005_0053_FC:3:1:11491:1080#0,211000022278882,900,multi,,,no
ILLUMINA-075005_0053_FC:3:1:11782:1074#0,3R,15178392,unique,3R,15178392,yes
ILLUMINA-075005_0053_FC:3:1:12221:1076#0,2L,16777347,unique,2L,16777347,yes
ILLUMINA-075005_0053_FC:3:1:12315:1080#0,2L,13922244,unique,2L,13922244,yes
ILLUMINA-075005_0053_FC:3:1:12404:1075#0,X,628407,unique,X,628407,yes
ILLUMINA-075005_0053_FC:3:1:13599:1075#0,3R,29896804,unique,3R,29896804,yes
ILLUMINA-075005_0053_FC:3:1:13702:1076#0,3L,16126101,unique,3L,16126101,yes
ILLUMINA-075005_0053_FC:3:1:13990:1075#0,3R,11955772,multi,,,no
ILLUMINA-075005_0053_FC:3:1:14163:1075#0,2L,2746910,unique,2L,2746910,yes
ILLUMINA-075005_0053_FC:3:1:14506:1073#0,2L,8126215,unique,2L,8126215,yes
ILLUMINA-075005_0053_FC:3:1:14529:1078#0,3R,11223918,unique,3R,11223918,yes
ILLUMINA-075005_0053_FC:3:1:14875:1076#0,3L,11823915,unique,3L,11823915,yes
ILLUMINA-075005_0053_FC:3:1:14978:1079#0,2R,23548677,unique,2R,23548677,yes
ILLUMINA-075005_0053_FC:3:1:15040:1082#0,X,21318848,unique,X,21318848,yes
ILLUMINA-075005_0053_FC:3:1:15115:1073#0,2R,17408259,unique,2R,17408259,yes
ILLUMINA-075005_0053_FC:3:1:15168:1078#0,3R,9400772,unique,3R,9400772,yes
ILLUMINA-075005_0053_FC:3:1:15924:1076#0,3R,20965961,unique,3R,20965961,yes
ILLUMINA-075005_0053_FC:3:1:16397:1075#0,2R,13237712,unique,2R,13237712,yes
ILLUMINA-075005_0053_FC:3:1:16425:1082#0,3R,14394396,unique,3R,14394396,yes
ILLUMINA-075005_0053_FC:3:1:16455:1072#0,2R,18820333,unique,2R,18820333,yes
ILLUMINA-075005_0053_FC:3:1:16527:1076#0,3L,19536581,unique,3L,19536581,yes
ILLUMINA-075005_0053_FC:3:1:16670:1074#0,3L,6331357,unique,3L,6331357,yes
ILLUMINA-075005_0053_FC:3:1:16713:1074#0,3R,27079316,unique,3R,27079316,yes
ILLUMINA-075005_0053_FC:3:1:17716:1074#0,3R,26257057,unique,3R,26257057,yes
ILLUMINA-075005_0053_FC:3:1:18094:1076#0,2R,6627193,unique,2R,6627193,yes
ILLUMINA-075005_0053_FC:3:1:18500:1073#0,2R,12611040,unique,2R,12611040,yes
ILLUMINA-075005_0053_FC:3:1:18600:1074#0,3L,9636277,unique,3L,9636277,yes
ILLUMINA-075005_0053_FC:3:1:19297:1079#0,3R,27955996,unique,3R,27955996,yes
ILLUMINA-075005_0053_FC:3:1:1349:1093#0,X,18105720,unique,X,18105720,yes
ILLUMINA-075005_0053_FC:3:1:1808:1091#0,2L,13945109,unique,2L,13945109,yes
ILLUMINA-075005_0053_FC:3:1:2229:1084#0,2R,17430007,unique,2R,17430007,yes
ILLUMINA-075005_0053_FC:3:1:2259:1092#0,X,23432437,multi,,,no
ILLUMINA-075005_0053_FC:3:1:2311:1090#0,3R,30206555,unique,3R,30206555,yes
ILLUMINA-075005_0053_FC:3:1:2420:1084#0,2L,1606875,unique,2L,1606875,yes
ILLUMINA-075005_0053_FC:3:1:2461:1087#0,3R,12003327,unique,3R,12003327,yes
ILLUMINA-075005_0053_FC:3:1:2612:1088#0,2R,24312939,unique,2R,24312939,yes
ILLUMINA-075005_0053_FC:3:1:3345:1087#0,2R,18555726,unique,2R,18555726,yes
ILLUMINA-075005_0053_FC:3:1:3505:1090#0,3R,29934584,unique,3R,29934584,yes
ILLUMINA-075005_0053_FC:3:1:3764:1087#0,X,13213497,unique,X,13213497,yes
ILLUMINA-075005_0053_FC:3:1:4124:1087#0,2R,18153569,unique,2R,18153569,yes
ILLUMINA-075005_0053_FC:3:1:4433:1091#0,2L,22247148,unique,2L,22247148,yes
ILLUMINA-075005_0053_FC:3:1:4893:1087#0,2L,11003680,unique,2L,11003680,yes
ILLUMINA-075005_0053_FC:3:1:5150:1090#0,3L,2941505,unique,3L,2941505,yes
ILLUMINA-075005_0053_FC:3:1:6584:1088#0,3R,29747723,unique,3R,29747723,yes
ILLUMINA-075005_0053_FC:3:1:7386:1084#0,2R,17093970,unique,2R,17093970,yes
ILLUMINA-075005_0053_FC:3:1:7561:1094#0,2L,10847434,unique,2L,10847434,yes
ILLUMINA-075005_0053_FC:3:1:8545:1084#0,2R,17408259,unique,2R,17408259,yes
ILLUMINA-075005_0053_FC:3:1:8707:1084#0,3L,16277735,unique,3L,16277735,yes
ILLUMINA-075005_0053_FC:3:1:8837:1088#0,3L,11823281,unique,3L,11823281,yes
ILLUMINA-075005_0053_FC:3:1:9607:1090#0,3L,9050049,unique,3L,9050049,yes
ILLUMINA-075005_0053_FC:3:1:10464:1088#0,2L,21678272,unique,2L,21678272,yes
ILLUMINA-075005_0053_FC:3:1:10651:1094#0,3R,30045346,unique,3R,30045346,yes
ILLUMINA-075005_0053_FC:3:1:10977:1093#0,2L,12106018,unique,2L,12106018,yes
ILLUMINA-075005_0053_FC:3:1:10996:1084#0,2R,7148172,unique,2R,7148172,yes
ILLUMINA-075005_0053_FC:3:1:11162:1085#0,3L,5775232,unique,3L,5775232,yes
ILLUMINA-075005_0053_FC:3:1:11316:1091#0,3L,3816818,unique,3L,3816818,yes
ILLUMINA-075005_0053_FC:3:1:11356:1088#0,3R,24829432,unique,3R,24829432,yes
ILLUMINA-075005_0053_FC:3:1:11723:1083#0,X,143087,unique,X,143087,yes
ILLUMINA-075005_0053_FC:3:1:11743:1083#0,2L,13945532,unique,2L,13945532,yes
ILLUMINA-075005_0053_FC:3:1:11849:1088#0,X,18859496,unique,X,18859496,yes
ILLUMINA-075005_0053_FC:3:1:11870:1083#0,2R,22854718,unique,2R,22854718,yes
ILLUMINA-075005_0053_FC:3:1:11897:1094#0,3R,14814544,unique,3R,14814544,yes
ILLUMINA-075005_0053_FC:3:1:12157:1084#0,2R,16793121,unique,2R,16793121,yes
ILLUMINA-075005_0053_FC:3:1:12622:1088#0,3R,30208264,unique,3R,30208264,yes
ILLUMINA-075005_0053_FC:3:1:12657:1085#0,3R,11215414,unique,3R,11215414,yes
ILLUMINA-075005_0053_FC:3:1:13123:1091#0,2L,13945862,unique,2L,13945862,yes
ILLUMINA-075005_0053_FC:3:1:13208:1083#0,X,15139020,unique,X,15139020,yes
ILLUMINA-075005_0053_FC:3:1:13743:1093#0,2L,3378387,unique,2L,3378387,yes
ILLUMINA-075005_0053_FC:3:1:14111:1093#0,2R,17409775,unique,2R,17409775,yes
ILLUMINA-075005_0053_FC:3:1:14759:1087#0,2L,4228316,unique,2L,4228316,yes
ILLUMINA-075005_0053_FC:3:1:15564:1083#0,2R,22802045,unique,2R,22802045,yes
ILLUMINA-075005_0053_FC:3:1:16047:1093#0,3R,15441902,unique,3R,15441902,yes
ILLUMINA-075005_0053_FC:3:1:16125:1086#0,2R,17408273,unique,2R,17408273,yes
ILLUMINA-075005_0053_FC:3:1:16272:1088#0,X,6348773,unique,X,6348773,yes
ILLUMINA-075005_0053_FC:3:1:16741:1085#0,3R,27083532,unique,3R,27083532,yes
ILLUMINA-075005_0053_FC:3:1:16866:1085#0,2R,17867393,unique,2R,17867393,yes
ILLUMINA-075005_0053_FC:3:1:17263:1083#0,3L,13418213,unique,3L,13418213,yes
ILLUMINA-075005_0053_FC:3:1:17492:1083#0,3R,18228509,unique,3R,18228509,yes
ILLUMINA-075005_0053_FC:3:1:18375:1084#0,3R,6386701,unique,3R,6386701,yes
ILLUMINA-075005_0053_FC:3:1:18691:1091#0,3L,9049795,multi,,,no
ILLUMINA-075005_0053_FC:3:1:18794:1091#0,2L,19959323,unique,2L,19959323,yes
ILLUMINA-075005_0053_FC:3:1:18876:1082#0,3L,20496391,unique,3L,20496391,yes
ILLUMINA-075005_0053_FC:3:1:19126:1092#0,3R,15441705,multi,,,no
ILLUMINA-075005_0053_FC:3:1:19649:1085#0,2R,22801726,unique,2R,22801726,yes
ILLUMINA-075005_0053_FC:3:1:19725:1091#0,3L,16277879,unique,3L,16277879,yes
ILLUMINA-075005_0053_FC:3:1:2037:1100#0,X,18878791,unique,X,18878791,yes
ILLUMINA-075005_0053_FC:3:1:3621:1099#0,3L,9834244,unique,3L,9834244,yes
ILLUMINA-075005_0053_FC:3:1:3887:1103#0,2L,16777320,unique,2L,16777320,yes
ILLUMINA-075005_0053_FC:3:1:4256:1098#0,2R,16782280,unique,2R,16782280,yes
ILLUMINA-075005_0053_FC:3:1:4305:1102#0,X,1373595,unique,X,1373595,yes
ILLUMINA-075005_0053_FC:3:1:4466:1095#0,3R,21624047,unique,3R,21624047,yes
ILLUMINA-075005_0053_FC:3:1:4494:1105#0,3R,8675076,unique,3R,8675076,yes
ILLUMINA-075005_0053_FC:3:1:4665:1096#0,X,8248717,unique,X,8248717,yes
ILLUMINA-075005_0053_FC:3:1:4846:1105#0,X,16615066,unique,X,16615066,yes
ILLUMINA-075005_0053_FC:3:1:5008:1098#0,2L,13922349,unique,2L,13922349,yes
ILLUMINA-075005_0053_FC:3:1:5085:1104#0,2L,9953782,unique,2L,9953782,yes
ILLUMINA-075005_0053_FC:3:1:5235:1097#0,3R,30011805,unique,3R,30011805,yes
ILLUMINA-075005_0053_FC:3:1:5301:1099#0,3R,29220481,unique,3R,29220481,yes
ILLUMINA-075005_0053_FC:3:1:5406:1105#0,2L,6666618,unique,2L,6666618,yes
ILLUMINA-075005_0053_FC:3:1:5613:1096#0,2R,20264591,unique,2R,20264591,yes
ILLUMINA-075005_0053_FC:3:1:5822:1095#0,3L,13043792,unique,3L,13043792,yes
ILLUMINA-075005_0053_FC:3:1:6113:1098#0,3L,8327188,unique,3L,8327188,yes
ILLUMINA-075005_0053_FC:3:1:6160:1097#0,4,656685,unique,4,656685,yes
ILLUMINA-075005_0053_FC:3:1:6224:1102#0,3L,20423656,unique,3L,20423656,yes
ILLUMINA-075005_0053_FC:3:1:6602:1104#0,3L,19883393,unique,3L,19883393,yes
ILLUMINA-075005_0053_FC:3:1:6869:1102#0,2R,17546461,unique,2R,17546461,yes
ILLUMINA-075005_0053_FC:3:1:6985:1098#0,2R,22854703,unique,2R,22854703,yes
ILLUMINA-075005_0053_FC:3:1:7207:1104#0,4,66293,unique,4,66293,yes
ILLUMINA-075005_0053_FC:3:1:7429:1100#0,3R,5466164,unique,3R,5466164,yes
ILLUMINA-075005_0053_FC:3:1:7948:1104#0,3L,9376522,unique,3L,9376522,yes
ILLUMINA-075005_0053_FC:3:1:8293:1098#0,3R,8346179,unique,3R,8346179,yes
ILLUMINA-075005_0053_FC:3:1:9285:1097#0,3L,5601993,unique,3L,5601993,yes
ILLUMINA-075005_0053_FC:3:1:9826:1097#0,3L,23093669,unique,3L,23093669,yes
ILLUMINA-075005_0053_FC:3:1:9924:1104#0,X,10781063,unique,X,10781063,yes
ILLUMINA-075005_0053_FC:3:1:10841:1101#0,3R,17041166,unique,3R,17041166,yes
ILLUMINA-075005_0053_FC:3:1:11555:1095#0,2L,7826868,unique,2L,7826868,yes
ILLUMINA-075005_0053_FC:3:1:11864:1103#0,2L,16788654,unique,2L,16788654,yes
ILLUMINA-075005_0053_FC:3:1:12018:1095#0,2R,17546840,unique,2R,17546840,yes
ILLUMINA-075005_0053_FC:3:1:12212:1097#0,3L,9050284,unique,3L,9050284,yes
ILLUMINA-075005_0053_FC:3:1:12362:1095#0,2R,18146225,unique,2R,18146225,yes
ILLUMINA-075005_0053_FC:3:1:12675:1100#0,3R,30003707,unique,3R,30003707,yes
ILLUMINA-075005_0053_FC:3:1:12707:1102#0,3L,9973202,unique,3L,9973202,yes
ILLUMINA-075005_0053_FC:3:1:13245:1104#0,3L,19990506,unique,3L,19990506,yes
ILLUMINA-075005_0053_FC:3:1:13298:1097#0,X,11707222,unique,X,11707222,yes
ILLUMINA-075005_0053_FC:3:1:14150:1106#0,3L,22076997,unique,3L,22076997,yes
ILLUMINA-075005_0053_FC:3:1:15208:1101#0,3R,30045347,unique,3R,30045347,yes
ILLUMINA-075005_0053_FC:3:1:15425:1098#0,X,3339439,unique,X,3339439,yes
ILLUMINA-075005_0053_FC:3:1:15490:1097#0,3L,12220312,unique,3L,12220312,yes
ILLUMINA-075005_0053_FC:3:1:15619:1101#0,X,6531990,unique,X,6531990,yes
ILLUMINA-075005_0053_FC:3:1:16202:1099#0,2R,22640602,unique,2R,22640602,yes
ILLUMINA-075005_0053_FC:3:1:16293:1101#0,3L,9049606,unique,3L,9049606,yes
ILLUMINA-075005_0053_FC:3:1:16333:1094#0,2R,17409510,unique,2R,17409510,yes
ILLUMINA-075005_0053_FC:3:1:16481:1103#0,X,13596562,unique,X,13596562,yes
ILLUMINA-075005_0053_FC:3:1:16819:1095#0,3L,9428904,unique,3L,9428904,yes
ILLUMINA-075005_0053_FC:3:1:17073:1096#0,2R,19447327,unique,2R,19447327,yes
ILLUMINA-075005_0053_FC:3:1:17292:1105#0,3R,15331058,unique,3R,15331058,yes
ILLUMINA-075005_0053_FC:3:1:17404:1099#0,X,18098649,unique,X,18098649,yes
ILLUMINA-075005_0053_FC:3:1:17508:1098#0,X,19493191,unique,X,19493191,yes
ILLUMINA-075005_0053_FC:3:1:17644:1105#0,3L,8327000,unique,3L,8327000,yes
ILLUMINA-075005_0053_FC:3:1:17882:1101#0,3R,29747783,unique,3R,29747783,yes
ILLUMINA-075005_0053_FC:3:1:18088:1101#0,2L,18442741,unique,2L,18442741,yes
ILLUMINA-075005_0053_FC:3:1:18603:1097#0,2L,8042028,unique,2L,8042028,yes
ILLUMINA-075005_0053_FC:3:1:18628:1100#0,2R,17408737,unique,2R,17408737,yes
ILLUMINA-075005_0053_FC:3:1:19256:1104#0,3R,23355440,unique,3R,23355440,yes
ILLUMINA-075005_0053_FC:3:1:19340:1095#0,X,2026691,unique,X,2026691,yes
ILLUMINA-075005_0053_FC:3:1:1126:1117#0,2L,2579319,unique,2L,2579319,yes
ILLUMINA-075005_0053_FC:3:1:1782:1114#0,X,1369904,unique,X,1369904,yes
ILLUMINA-075005_0053_FC:3:1:2557:1116#0,3R,7088653,unique,3R,7088653,yes
ILLUMINA-075005_0053_FC:3:1:2763:1116#0,2L,1726243,unique,2L,1726243,yes
ILLUMINA-075005_0053_FC:3:1:2837:1115#0,3L,8640653,unique,3L,8640653,yes
ILLUMINA-075005_0053_FC:3:1:2857:1116#0,3L,20351585,unique,3L,20351585,yes
ILLUMINA-075005_0053_FC:3:1:2955:1108#0,3R,29862827,unique,3R,29862827,yes
ILLUMINA-075005_0053_FC:3:1:3184:1116#0,2R,8913718,unique,2R,8913718,yes
ILLUMINA-075005_0053_FC:3:1:3277:1115#0,3R,4777973,unique,3R,4777973,yes
ILLUMINA-075005_0053_FC:3:1:3963:1107#0,X,1890984,unique,X,1890984,yes
ILLUMINA-075005_0053_FC:3:1:3981:1113#0,2R,19442935,unique,2R,19442935,yes
ILLUMINA-075005_0053_FC:3:1:4159:1106#0,3R,29105134,unique,3R,29105134,yes
ILLUMINA-075005_0053_FC:3:1:4241:1111#0,3L,17025506,unique,3L,17025506,yes
ILLUMINA-075005_0053_FC:3:1:4626:1113#0,3R,8713984,unique,3R,8713984,yes
ILLUMINA-075005_0053_FC:3:1:4650:1114#0,3L,16791000,unique,3L,16791000,yes
ILLUMINA-075005_0053_FC:3:1:4757:1118#0,2R,11284622,unique,2R,11284622,yes
ILLUMINA-075005_0053_FC:3:1:4879:1113#0,3L,8326985,unique,3L,8326985,yes
ILLUMINA-075005_0053_FC:3:1:4961:1108#0,3R,11224760,unique,3R,11224760,yes
ILLUMINA-075005_0053_FC:3:1:5501:1109#0,2L,9543387,unique,2L,9543387,yes
ILLUMINA-075005_0053_FC:3:1:5630:1110#0,2R,20264591,unique,2R,20264591,yes
ILLUMINA-075005_0053_FC:3:1:6186:1110#0,X,4142825,unique,X,4142825,yes
ILLUMINA-075005_0053_FC:3:1:6204:1110#0,3L,8326184,unique,3L,8326184,yes
ILLUMINA-075005_0053_FC:3:1:6396:1117#0,3R,22372531,unique,3R,22372531,yes
ILLUMINA-075005_0053_FC:3:1:6832:1107#0,3R,15312852,unique,3R,15312852,yes
ILLUMINA-075005_0053_FC:3:1:6892:1114#0,3R,21266946,unique,3R,21266946,yes
ILLUMINA-075005_0053_FC:3:1:7001:1109#0,3L,19535716,unique,3L,19535716,yes
ILLUMINA-075005_0053_FC:3:1:7083:1110#0,2R,10708733,unique,2R,10708733,yes
ILLUMINA-075005_0053_FC:3:1:7791:1115#0,2L,560906,unique,2L,560906,yes
ILLUMINA-075005_0053_FC:3:1:8133:1106#0,2L,16788654,unique,2L,16788654,yes
ILLUMINA-075005_0053_FC:3:1:8335:1107#0,2L,9968388,unique,2L,9968388,yes
ILLUMINA-075005_0053_FC:3:1:8385:1113#0,3R,19095730,unique,3R,19095730,yes
ILLUMINA-075005_0053_FC:3:1:8876:1112#0,3L,16103216,unique,3L,16103216,yes
ILLUMINA-075005_0053_FC:3:1:9001:1107#0,2R,6627152,unique,2R,6627152,yes
ILLUMINA-075005_0053_FC:3:1:9075:1106#0,3R,12401169,unique,3R,12401169,yes
ILLUMINA-075005_0053_FC:3:1:9297:1115#0,3R,29863499,unique,3R,29863499,yes
ILLUMINA-075005_0053_FC:3:1:9854:1107#0,3R,16436194,unique,3R,16436194,yes
ILLUMINA-075005_0053_FC:3:1:10152:1117#0,2R,17572340,unique,2R,17572340,yes
ILLUMINA-075005_0053_FC:3:1:10227:1117#0,3L,21987028,unique,3L,21987028,yes
ILLUMINA-075005_0053_FC:3:1:10273:1118#0,2L,10201328,unique,2L,10201328,yes
ILLUMINA-075005_0053_FC:3:1:10344:1106#0,3L,650775,unique,3L,650775,yes
ILLUMINA-075005_0053_FC:3:1:10384:1110#0,2R,22640910,unique,2R,22640910,yes
ILLUMINA-075005_0053_FC:3:1:10444:1107#0,2R,16586553,unique,2R,16586553,yes
ILLUMINA-075005_0053_FC:3:1:10736:1112#0,X,20241718,unique,X,20241718,yes
ILLUMINA-075005_0053_FC:3:1:11156:1110#0,2R,13509252,unique,2R,13509252,yes
ILLUMINA-075005_0053_FC:3:1:11228:1110#0,3R,5636287,unmapped,,,no
ILLUMINA-075005_0053_FC:3:1:11360:1115#0,X,6680954,unique,X,6680954,yes
ILLUMINA-075005_0053_FC:3:1:11453:1116#0,2L,5529206,unique,2L,5529206,yes
ILLUMINA-075005_0053_FC:3:1:11627:1112#0,3L,9050213,unique,3L,9050213,yes
ILLUMINA-075005_0053_FC:3:1:11814:1112#0,3L,2588784,unique,3L,2588784,yes
ILLUMINA-075005_0053_FC:3:1:12661:1113#0,2R,24085806,unique,2R,24085806,yes
ILLUMINA-075005_0053_FC:3:1:13073:1116#0,2L,13945750,unique,2L,13945750,yes
ILLUMINA-075005_0053_FC:3:1:13341:1109#0,3R,23983748,unique,3R,23983748,yes
ILLUMINA-075005_0053_FC:3:1:13502:1117#0,X,23472474,multi,,,no
ILLUMINA-075005_0053_FC:3:1:13703:1116#0,3L,7709844,unique,3L,7709844,yes
ILLUMINA-075005_0053_FC:3:1:13939:1115#0,3R,13778316,unique,3R,13778316,yes
ILLUMINA-075005_0053_FC:3:1:13962:1108#0,3L,9428905,unique,3L,9428905,yes
ILLUMINA-075005_0053_FC:3:1:14912:1106#0,2R,22800728,unique,2R,22800728,yes
ILLUMINA-075005_0053_FC:3:1:15046:1109#0,3R,18181566,unique,3R,18181566,yes
ILLUMINA-075005_0053_FC:3:1:15075:1112#0,3L,5760382,unique,3L,5760382,yes
ILLUMINA-075005_0053_FC:3:1:15129:1113#0,2R,24968809,unique,2R,24968809,yes
ILLUMINA-075005_0053_FC:3:1:15858:1110#0,3L,11059967,unique,3L,11059967,yes
ILLUMINA-075005_0053_FC:3:1:16916:1109#0,3L,12122046,unique,3L,12122046,yes
ILLUMINA-075005_0053_FC:3:1:17062:1109#0,2R,17408858,unique,2R,17408858,yes
ILLUMINA-075005_0053_FC:3:1:17348:1111#0,3L,16307853,unique,3L,16307853,yes
ILLUMINA-075005_0053_FC:3:1:18484:1117#0,X,18092773,unique,X,18092773,yes
ILLUMINA-075005_0053_FC:3:1:18707:1115#0,2L,13922347,unique,2L,13922347,yes
ILLUMINA-075005_0053_FC:3:1:18862:1106#0,2L,13945393,unique,2L,13945393,yes
ILLUMINA-075005_0053_FC:3:1:19674:1110#0,2R,16099242,unique,2R,16099242,yes
ILLUMINA-075005_0053_FC:3:1:1859:1126#0,dmel_mitochondrion_genome,13168,unique,dmel_mitochondrion_genome,13168,yes
ILLUMINA-075005_0053_FC:3:1:2394:1128#0,2R,21211727,unique,2R,21211727,yes
ILLUMINA-075005_0053_FC:3:1:2817:1128#0,2L,13945658,unique,2L,13945658,yes
ILLUMINA-075005_0053_FC:3:1:3232:1121#0,2R,14215619,unique,2R,14215619,yes
ILLUMINA-075005_0053_FC:3:1:3669:1128#0,2L,16777283,unique,2L,16777283,yes
ILLUMINA-075005_0053_FC:3:1:3687:1128#0,2R,23966371,unique,2R,23966371,yes
ILLUMINA-075005_0053_FC:3:1:4196:1126#0,3R,25681968,unique,3R,25681968,yes
ILLUMINA-075005_0053_FC:3:1:4347:1121#0,3R,29149816,unique,3R,29149816,yes
ILLUMINA-075005_0053_FC:3:1:4473:1128#0,dmel_mitochondrion_genome,8395,unique,dmel_mitochondrion_genome,8395,yes
ILLUMINA-075005_0053_FC:3:1:4505:1126#0,X,4704246,unique,X,4704246,yes
ILLUMINA-075005_0053_FC:3:1:4860:1125#0,3R,25475834,unique,3R,25475834,yes
ILLUMINA-075005_0053_FC:3:1:5188:1127#0,3R,31741742,unique,3R,31741742,yes
ILLUMINA-075005_0053_FC:3:1:6006:1128#0,2R,23067737,unique,2R,23067737,yes
ILLUMINA-075005_0053_FC:3:1:6101:1123#0,2R,17408662,unique,2R,17408662,yes
ILLUMINA-075005_0053_FC:3:1:6230:1126#0,3L,9509967,unique,3L,9509967,yes
ILLUMINA-075005_0053_FC:3:1:6253:1129#0,3R,16297076,unique,3R,16297076,yes
ILLUMINA-075005_0053_FC:3:1:6317:1122#0,2R,12377141,unique,2R,12377141,yes
ILLUMINA-075005_0053_FC:3:1:6488:1124#0,2R,9587858,unique,2R,9587858,yes
ILLUMINA-075005_0053_FC:3:1:7321:1120#0,3L,20495972,unique,3L,20495972,yes
ILLUMINA-075005_0053_FC:3:1:7549:1119#0,2R,17094092,unique,2R,17094092,yes
ILLUMINA-075005_0053_FC:3:1:7588:1120#0,4,66464,unique,4,66464,yes
ILLUMINA-075005_0053_FC:3:1:7756:1127#0,2R,14179338,unique,2R,14179338,yes
ILLUMINA-075005_0053_FC:3:1:8153:1120#0,3L,1667952,unique,3L,1667952,yes
ILLUMINA-075005_0053_FC:3:1:8184:1119#0,3L,16967505,unique,3L,16967505,yes
ILLUMINA-075005_0053_FC:3:1:8981:1126#0,3R,7087469,unique,3R,7087469,yes
ILLUMINA-075005_0053_FC:3:1:9848:1125#0,2L,9709714,unique,2L,9709714,yes
ILLUMINA-075005_0053_FC:3:1:10329:1129#0,3L,3221142,unique,3L,3221142,yes
ILLUMINA-075005_0053_FC:3:1:10354:1121#0,X,9555111,unique,X,9555111,yes
ILLUMINA-075005_0053_FC:3:1:10688:1127#0,3R,7253262,unique,3R,7253262,yes
ILLUMINA-075005_0053_FC:3:1:10774:1120#0,X,2442317,unique,X,2442317,yes
ILLUMINA-075005_0053_FC:3:1:10936:1120#0,2R,18418302,unique,2R,18418302,yes
ILLUMINA-075005_0053_FC:3:1:11003:1118#0,3L,8597704,unique,3L,8597704,yes
ILLUMINA-075005_0053_FC:3:1:11424:1118#0,3R,7088106,unique,3R,7088106,yes
ILLUMINA-075005_0053_FC:3:1:11648:1129#0,X,2022255,unique,X,2022255,yes
ILLUMINA-075005_0053_FC:3:1:11668:1125#0,2L,16782879,unique,2L,16782879,yes
ILLUMINA-075005_0053_FC:3:1:11769:1127#0,3R,31216571,unique,3R,31216571,yes
ILLUMINA-075005_0053_FC:3:1:11870:1124#0,2L,14741487,multi,,,no
ILLUMINA-075005_0053_FC:3:1:11916:1123#0,2L,10201736,unique,2L,10201736,yes
ILLUMINA-075005_0053_FC:3:1:12285:1122#0,2L,6558420,unique,2L,6558420,yes
ILLUMINA-075005_0053_FC:3:1:12345:1122#0,2R,24903430,unique,2R,24903430,yes
ILLUMINA-075005_0053_FC:3:1:12466:1119#0,2L,13782017,unique,2L,13782017,yes
ILLUMINA-075005_0053_FC:3:1:12629:1123#0,3R,16652841,unique,3R,16652841,yes
ILLUMINA-075005_0053_FC:3:1:13214:1122#0,2R,22800615,unique,2R,22800615,yes
ILLUMINA-075005_0053_FC:3:1:13235:1119#0,2R,12038482,unique,2R,12038482,yes
ILLUMINA-075005_0053_FC:3:1:14057:1118#0,X,5913084,unique,X,5913084,yes
ILLUMINA-075005_0053_FC:3:1:14322:1124#0,2R,19290887,unique,2R,19290887,yes
ILLUMINA-075005_0053_FC:3:1:14354:1118#0,X,6741941,unique,X,6741941,yes
ILLUMINA-075005_0053_FC:3:1:14548:1127#0,2L,21170193,unique,2L,21170193,yes
ILLUMINA-075005_0053_FC:3:1:14617:1118#0,3L,9049155,unique,3L,9049155,yes
ILLUMINA-075005_0053_FC:3:1:15021:1121#0,2L,13921094,unique,2L,13921094,yes
ILLUMINA-075005_0053_FC:3:1:15395:1124#0,3L,9731143,unique,3L,9731143,yes
ILLUMINA-075005_0053_FC:3:1:15811:1122#0,3L,16994141,unique,3L,16994141,yes
ILLUMINA-075005_0053_FC:3:1:16232:1124#0,2L,16327258,unique,2L,16327258,yes
ILLUMINA-075005_0053_FC:3:1:16270:1129#0,2L,13921079,unique,2L,13921079,yes
ILLUMINA-075005_0053_FC:3:1:16351:1121#0,3L,22077075,unique,3L,22077075,yes
ILLUMINA-075005_0053_FC:3:1:16388:1128#0,2R,17672403,unique,2R,17672403,yes
ILLUMINA-075005_0053_FC:3:1:16471:1127#0,2R,20977414,unique,2R,20977414,yes
ILLUMINA-075005_0053_FC:3:1:16510:1129#0,2L,10224763,unique,2L,10224763,yes
ILLUMINA-075005_0053_FC:3:1:16620:1129#0,2L,13920974,unique,2L,13920974,yes
ILLUMINA-075005_0053_FC:3:1:17261:1123#0,2R,19392287,unique,2R,19392287,yes
ILLUMINA-075005_0053_FC:3:1:17661:1127#0,2L,420380,unique,2L,420380,yes
ILLUMINA-075005_0053_FC:3:1:17838:1119#0,2R,16868813,unique,2R,16868813,yes
ILLUMINA-075005_0053_FC:3:1:17992:1122#0,2L,19959423,unique,2L,19959423,yes
ILLUMINA-075005_0053_FC:3:1:18107:1123#0,3L,9049162,unique,3L,9049162,yes
ILLUMINA-075005_0053_FC:3:1:18749:1128#0,2R,17546546,unique,2R,17546546,yes
ILLUMINA-075005_0053_FC:3:1:1494:1134#0,2L,21170193,unique,2L,21170193,yes
ILLUMINA-075005_0053_FC:3:1:2371:1130#0,3L,7240316,unique,3L,7240316,yes
ILLUMINA-075005_0053_FC:3:1:2580:1138#0,2R,19173798,unique,2R,19173798,yes
ILLUMINA-075005_0053_FC:3:1:2734:1134#0,3R,18165331,unique,3R,18165331,yes
ILLUMINA-075005_0053_FC:3:1:3259:1134#0,3L,18879802,unique,3L,18879802,yes
ILLUMINA-075005_0053_FC:3:1:3930:1134#0,X,17633374,unique,X,17633374,yes
ILLUMINA-075005_0053_FC:3:1:4219:1138#0,3L,21985795,unique,3L,21985795,yes
ILLUMINA-075005_0053_FC:3:1:4887:1132#0,3L,22076826,unique,3L,22076826,yes
ILLUMINA-075005_0053_FC:3:1:5581:1137#0,2R,24996084,unique,2R,24996084,yes
ILLUMINA-075005_0053_FC:3:1:5648:1135#0,X,8874019,unique,X,8874019,yes
ILLUMINA-075005_0053_FC:3:1:5678:1138#0,2R,9919473,unique,2R,9919473,yes
ILLUMINA-075005_0053_FC:3:1:5789:1133#0,3R,9778817,unique,3R,9778817,yes
ILLUMINA-075005_0053_FC:3:1:5891:1134#0,3R,31745339,unique,3R,31745339,yes
ILLUMINA-075005_0053_FC:3:1:6358:1130#0,2R,16333016,unique,2R,16333016,yes
ILLUMINA-075005_0053_FC:3:1:6507:1139#0,3L,7240273,unique,3L,7240273,yes
ILLUMINA-075005_0053_FC:3:1:7036:1133#0,3R,11215484,unique,3R,11215484,yes
ILLUMINA-075005_0053_FC:3:1:7583:1139#0,3L,68811,unique,3L,68811,yes
ILLUMINA-075005_0053_FC:3:1:7675:1130#0,X,19740928,unique,X,19740928,yes
ILLUMINA-075005_0053_FC:3:1:7866:1134#0,2R,8911817,unique,2R,8911817,yes
ILLUMINA-075005_0053_FC:3:1:7946:1132#0,3L,9050199,unique,3L,9050199,yes
ILLUMINA-075005_0053_FC:3:1:8115:1138#0,3R,15313145,unique,3R,15313145,yes
ILLUMINA-075005_0053_FC:3:1:8421:1140#0,3R,24717920,unique,3R,24717920,yes
ILLUMINA-075005_0053_FC:3:1:8927:1131#0,3R,31599095,unique,3R,31599095,yes
ILLUMINA-075005_0053_FC:3:1:8948:1137#0,3L,9973347,unique,3L,9973347,yes
ILLUMINA-075005_0053_FC:3:1:9138:1139#0,X,7935507,multi,,,no
ILLUMINA-075005_0053_FC:3:1:9225:1132#0,3L,14033978,unique,3L,14033978,yes
ILLUMINA-075005_0053_FC:3:1:9320:1131#0,2L,23312956,unique,2L,23312956,yes
ILLUMINA-075005_0053_FC:3:1:10079:1130#0,X,12899766,unmapped,,,no
ILLUMINA-075005_0053_FC:3:1:10138:1139#0,3R,14327447,unique,3R,14327447,yes
ILLUMINA-075005_0053_FC:3:1:10181:1137#0,2R,17408257,unique,2R,17408257,yes
ILLUMINA-075005_0053_FC:3:1:10254:1140#0,3R,30572293,unique,3R,30572293,yes
ILLUMINA-075005_0053_FC:3:1:10734:1139#0,2L,13945537,unique,2L,13945537,yes
ILLUMINA-075005_0053_FC:3:1:11153:1137#0,2R,13509252,unmapped,,,no
ILLUMINA-075005_0053_FC:3:1:11184:1132#0,2R,17408446,unique,2R,17408446,yes
ILLUMINA-075005_0053_FC:3:1:11597:1136#0,3R,31740574,unique,3R,31740574,yes
ILLUMINA-075005_0053_FC:3:1:11805:1131#0,3R,15440823,unique,3R,15440823,yes
ILLUMINA-075005_0053_FC:3:1:11901:1140#0,X,17666040,unique,X,17666040,yes
ILLUMINA-075005_0053_FC:3:1:12001:1134#0,2R,9587609,unique,2R,9587609,yes
ILLUMINA-075005_0053_FC:3:1:12880:1130#0,3R,26985670,unique,3R,26985670,yes
ILLUMINA-075005_0053_FC:3:1:12904:1139#0,dmel_mitochondrion_genome,13733,unique,dmel_mitochondrion_genome,13733,yes
ILLUMINA-075005_0053_FC:3:1:12925:1130#0,dmel_mitochondrion_genome,13733,unique,dmel_mitochondrion_genome,13733,yes
ILLUMINA-075005_0053_FC:3:1:12944:1137#0,2L,7825950,unique,2L,7825950,yes
ILLUMINA-075005_0053_FC:3:1:13002:1138#0,2L,13921130,unique,2L,13921130,yes
ILLUMINA-075005_0053_FC:3:1:13644:1133#0,3R,31763351,unique,3R,31763351,yes
ILLUMINA-075005_0053_FC:3:1:13848:1134#0,3L,5760216,unique,3L,5760216,yes
ILLUMINA-075005_0053_FC:3:1:14079:1135#0,2L,14186770,unique,2L,14186770,yes
ILLUMINA-075005_0053_FC:3:1:14367:1141#0,2R,6635703,unique,2R,6635703,yes
ILLUMINA-075005_0053_FC:3:1:14412:1139#0,3L,8602108,unique,3L,8602108,yes
ILLUMINA-075005_0053_FC:3:1:15116:1133#0,X,11111874,unique,X,11111874,yes
ILLUMINA-075005_0053_FC:3:1:15971:1134#0,2L,21170922,unique,2L,21170922,yes
ILLUMINA-075005_0053_FC:3:1:16492:1132#0,3R,27924140,unique,3R,27924140,yes
ILLUMINA-075005_0053_FC:3:1:16596:1130#0,3L,14998471,unique,3L,14998471,yes
ILLUMINA-075005_0053_FC:3:1:16709:1134#0,3R,9629177,unique,3R,9629177,yes
ILLUMINA-075005_0053_FC:3:1:16807:1131#0,3R,15266603,unique,3R,15266603,yes
ILLUMINA-075005_0053_FC:3:1:17307:1133#0,2L,21678387,unique,2L,21678387,yes
ILLUMINA-075005_0053_FC:3:1:17697:1132#0,2L,6979980,unique,2L,6979980,yes
ILLUMINA-075005_0053_FC:3:1:17904:1136#0,2L,8686754,unique,2L,8686754,yes
ILLUMINA-075005_0053_FC:3:1:18495:1134#0,2L,13945856,unique,2L,13945856,yes
ILLUMINA-075005_0053_FC:3:1:18664:1133#0,3L,19535522,unique,3L,19535522,yes
ILLUMINA-075005_0053_FC:3:1:18773:1137#0,3L,8338221,unique,3L,8338221,yes
ILLUMINA-075005_0053_FC:3:1:18817:1134#0,X,19740796,unique,X,19740796,yes
ILLUMINA-075005_0053_FC:3:1:18904:1135#0,3L,1330178,unique,3L,1330178,yes
ILLUMINA-075005_0053_FC:3:1:19451:1140#0,3L,8601662,unique,3L,8601662,yes
ILLUMINA-075005_0053_FC:3:1:19605:1139#0,dmel_mitochondrion_genome,12898,unique,dmel_mitochondrion_genome,12898,yes
ILLUMINA-075005_0053_FC:3:1:19770:1133#0,X,12690638,unique,X,12690638,yes
ILLUMINA-075005_0053_FC:3:1:1297:1141#0,3R,18221030,unique,3R,18221030,yes
ILLUMINA-075005_0053_FC:3:1:1657:1150#0,X,649127,unique,X,649127,yes
ILLUMINA-075005_0053_FC:3:1:1788:1151#0,3R,30208131,unique,3R,30208131,yes
ILLUMINA-075005_0053_FC:3:1:2411:1145#0,2R,24009975,unique,2R,24009975,yes
ILLUMINA-075005_0053_FC:3:1:2491:1142#0,3R,14270946,unique,3R,14270946,yes
ILLUMINA-075005_0053_FC:3:1:3464:1146#0,2R,23708877,unique,2R,23708877,yes
ILLUMINA-075005_0053_FC:3:1:3660:1153#0,2R,23995670,unique,2R,23995670,yes
ILLUMINA-075005_0053_FC:3:1:3762:1145#0,2R,22799925,unique,2R,22799925,yes
ILLUMINA-075005_0053_FC:3:1:4012:1147#0,2L,13923364,unique,2L,13923364,yes
ILLUMINA-075005_0053_FC:3:1:4533:1144#0,2R,18797266,unique,2R,18797266,yes
ILLUMINA-075005_0053_FC:3:1:4584:1145#0,2R,14989111,unique,2R,14989111,yes
ILLUMINA-075005_0053_FC:3:1:4992:1148#0,2R,14149262,unique,2R,14149262,yes
ILLUMINA-075005_0053_FC:3:1:5067:1148#0,2R,16570183,unique,2R,16570183,yes
ILLUMINA-075005_0053_FC:3:1:5119:1149#0,X,2609317,unique,X,2609317,yes
ILLUMINA-075005_0053_FC:3:1:5719:1152#0,4,169152,unique,4,169152,yes
ILLUMINA-075005_0053_FC:3:1:5810:1145#0,3R,8774550,unique,3R,8774550,yes
ILLUMINA-075005_0053_FC:3:1:6176:1149#0,2R,17408744,unique,2R,17408744,yes
ILLUMINA-075005_0053_FC:3:1:6193:1151#0,2L,642816,unique,2L,642816,yes
ILLUMINA-075005_0053_FC:3:1:6454:1149#0,3R,31599150,unique,3R,31599150,yes
ILLUMINA-075005_0053_FC:3:1:6552:1142#0,X,15848906,unique,X,15848906,yes
ILLUMINA-075005_0053_FC:3:1:7404:1148#0,2L,8042021,unique,2L,8042021,yes
ILLUMINA-075005_0053_FC:3:1:7600:1150#0,2L,10358511,unique,2L,10358511,yes
ILLUMINA-075005_0053_FC:3:1:7924:1147#0,3R,30173596,unique,3R,30173596,yes
ILLUMINA-075005_0053_FC:3:1:8044:1145#0,2L,13921023,unique,2L,13921023,yes
ILLUMINA-075005_0053_FC:3:1:8075:1142#0,X,3882493,unique,X,3882493,yes
ILLUMINA-075005_0053_FC:3:1:8131:1150#0,3R,15313145,unique,3R,15313145,yes
ILLUMINA-075005_0053_FC:3:1:8156:1149#0,3L,19536426,unique,3L,19536426,yes
ILLUMINA-075005_0053_FC:3:1:8232:1149#0,3R,31773589,unique,3R,31773589,yes
ILLUMINA-075005_0053_FC:3:1:8372:1148#0,2L,7231035,unique,2L,7231035,yes
ILLUMINA-075005_0053_FC:3:1:9126:1152#0,3L,5154391,unique,3L,5154391,yes
ILLUMINA-075005_0053_FC:3:1:9240:1147#0,3L,14033978,unique,3L,14033978,yes
ILLUMINA-075005_0053_FC:3:1:9638:1147#0,4,1033781,unique,4,1033781,yes
ILLUMINA-075005_0053_FC:3:1:9752:1150#0,3R,25681884,unique,3R,25681884,yes
ILLUMINA-075005_0053_FC:3:1:9825:1150#0,2R,22800174,unique,2R,22800174,yes
ILLUMINA-075005_0053_FC:3:1:10901:1144#0,2L,18706519,unique,2L,18706519,yes
ILLUMINA-075005_0053_FC:3:1:10998:1148#0,X,15139012,unique,X,15139012,yes
ILLUMINA-075005_0053_FC:3:1:11658:1147#0,3R,20851093,unique,3R,20851093,yes
ILLUMINA-075005_0053_FC:3:1:11777:1152#0,2L,19008379,unique,2L,19008379,yes
ILLUMINA-075005_0053_FC:3:1:12341:1152#0,3R,30172269,unique,3R,30172269,yes
ILLUMINA-075005_0053_FC:3:1:12558:1148#0,3R,27049668,unique,3R,27049668,yes
ILLUMINA-075005_0053_FC:3:1:12595:1146#0,2R,21294271,unique,2R,21294271,yes
ILLUMINA-075005_0053_FC:3:1:12646:1153#0,3R,31216922,unique,3R,31216922,yes
ILLUMINA-075005_0053_FC:3:1:13053:1150#0,X,5903725,multi,,,no
ILLUMINA-075005_0053_FC:3:1:13174:1152#0,3R,7088740,unique,3R,7088740,yes
ILLUMINA-075005_0053_FC:3:1:13310:1145#0,3L,8327835,unique,3L,8327835,yes
ILLUMINA-075005_0053_FC:3:1:13580:1151#0,3R,29863429,unique,3R,29863429,yes
ILLUMINA-075005_0053_FC:3:1:13741:1142#0,3R,5593276,unique,3R,5593276,yes
ILLUMINA-075005_0053_FC:3:1:13912:1144#0,2L,13922711,unique,2L,13922711,yes
ILLUMINA-075005_0053_FC:3:1:13983:1143#0,2R,13263958,unique,2R,13263958,yes
ILLUMINA-075005_0053_FC:3:1:15054:1145#0,3L,19989875,unique,3L,19989875,yes
ILLUMINA-075005_0053_FC:3:1:15149:1142#0,3L,8337657,unique,3L,8337657,yes
ILLUMINA-075005_0053_FC:3:1:15446:1142#0,3L,8357440,unique,3L,8357440,yes
ILLUMINA-075005_0053_FC:3:1:15857:1148#0,3R,15266095,unique,3R,15266095,yes
ILLUMINA-075005_0053_FC:3:1:16344:1141#0,3L,17955281,unique,3L,17955281,yes
ILLUMINA-075005_0053_FC:3:1:16834:1152#0,3L,1668051,unique,3L,1668051,yes
ILLUMINA-075005_0053_FC:3:1:17078:1146#0,3R,9679302,unique,3R,9679302,yes
ILLUMINA-075005_0053_FC:3:1:17410:1147#0,X,18426841,unique,X,18426841,yes
ILLUMINA-075005_0053_FC:3:1:18164:1148#0,X,19492820,unique,X,19492820,yes
ILLUMINA-075005_0053_FC:3:1:18619:1150#0,2L,9767989,unique,2L,9767989,yes
ILLUMINA-075005_0053_FC:3:1:18919:1144#0,2R,22855522,unique,2R,22855522,yes
ILLUMINA-075005_0053_FC:3:1:19716:1142#0,2R,15544759,unique,2R,15544759,yes
ILLUMINA-075005_0053_FC:3:1:19798:1145#0,2R,13266079,unique,2R,13266079,yes
ILLUMINA-075005_0053_FC:3:1:1289:1159#0,X,18426483,unique,X,18426483,yes
ILLUMINA-075005_0053_FC:3:1:1386:1154#0,2L,10848084,unique,2L,10848084,yes
ILLUMINA-075005_0053_FC:3:1:1428:1162#0,2L,21678485,unique,2L,21678485,yes
ILLUMINA-075005_0053_FC:3:1:3481:1161#0,2R,13983889,unique,2R,13983889,yes
ILLUMINA-075005_0053_FC:3:1:3806:1160#0,3L,2588720,unique,3L,2588720,yes
ILLUMINA-075005_0053_FC:3:1:3844:1159#0,3R,6469628,unique,3R,6469628,yes
ILLUMINA-075005_0053_FC:3:1:3887:1158#0,X,1344135,unique,X,1344135,yes
ILLUMINA-075005_0053_FC:3:1:4075:1161#0,3R,29153031,unique,3R,29153031,yes
ILLUMINA-075005_0053_FC:3:1:4462:1160#0,2L,5984265,unique,2L,5984265,yes
ILLUMINA-075005_0053_FC:3:1:4512:1158#0,3R,7088130,unique,3R,7088130,yes
ILLUMINA-075005_0053_FC:3:1:4555:1160#0,2L,4447369,unique,2L,4447369,yes
ILLUMINA-075005_0053_FC:3:1:4818:1154#0,X,9587066,unique,X,9587066,yes
ILLUMINA-075005_0053_FC:3:1:5397:1161#0,3R,5624988,unique,3R,5624988,yes
ILLUMINA-075005_0053_FC:3:1:5450:1158#0,X,2172828,unique,X,2172828,yes
ILLUMINA-075005_0053_FC:3:1:5571:1157#0,2R,24027157,unique,2R,24027157,yes
ILLUMINA-075005_0053_FC:3:1:6324:1162#0,X,2446936,unique,X,2446936,yes
ILLUMINA-075005_0053_FC:3:1:6655:1158#0,2L,10847434,unique,2L,10847434,yes
ILLUMINA-075005_0053_FC:3:1:6783:1155#0,3L,9050044,unique,3L,9050044,yes
ILLUMINA-075005_0053_FC:3:1:6925:1154#0,2R,17546528,unique,2R,17546528,yes
ILLUMINA-075005_0053_FC:3:1:7035:1159#0,3R,29853200,unique,3R,29853200,yes
ILLUMINA-075005_0053_FC:3:1:7101:1164#0,3L,17848178,unique,3L,17848178,yes
ILLUMINA-075005_0053_FC:3:1:7625:1162#0,3L,5135235,unique,3L,5135235,yes
ILLUMINA-075005_0053_FC:3:1:7708:1158#0,2R,7509024,unique,2R,7509024,yes
ILLUMINA-075005_0053_FC:3:1:8391:1164#0,2L,7802244,unique,2L,7802244,yes
ILLUMINA-075005_0053_FC:3:1:8422:1161#0,3R,30167071,unique,3R,30167071,yes
ILLUMINA-075005_0053_FC:3:1:8547:1157#0,3L,21985376,unique,3L,21985376,yes
ILLUMINA-075005_0053_FC:3:1:8596:1155#0,2L,10410360,unique,2L,10410360,yes
ILLUMINA-075005_0053_FC:3:1:8740:1162#0,2L,5196128,unique,2L,5196128,yes
ILLUMINA-075005_0053_FC:3:1:8758:1159#0,2L,19762154,unique,2L,19762154,yes
ILLUMINA-075005_0053_FC:3:1:8809:1161#0,2L,13933453,unique,2L,13933453,yes
ILLUMINA-075005_0053_FC:3:1:8933:1155#0,3R,9265846,unique,3R,9265846,yes
ILLUMINA-075005_0053_FC:3:1:9524:1158#0,2R,17075777,unique,2R,17075777,yes
ILLUMINA-075005_0053_FC:3:1:10185:1158#0,3R,22721700,unique,3R,22721700,yes
ILLUMINA-075005_0053_FC:3:1:10378:1157#0,2L,13933316,unique,2L,13933316,yes
ILLUMINA-075005_0053_FC:3:1:10670:1161#0,3R,6216724,unique,3R,6216724,yes
ILLUMINA-075005_0053_FC:3:1:10803:1156#0,X,7893086,unique,X,7893086,yes
ILLUMINA-075005_0053_FC:3:1:10848:1154#0,3R,27965887,unique,3R,27965887,yes
ILLUMINA-075005_0053_FC:3:1:11260:1163#0,3L,9870593,unique,3L,9870593,yes
ILLUMINA-075005_0053_FC:3:1:11566:1163#0,X,2147363,unique,X,2147363,yes
ILLUMINA-075005_0053_FC:3:1:11875:1154#0,2R,23074131,unique,2R,23074131,yes
ILLUMINA-075005_0053_FC:3:1:12716:1155#0,3L,17426195,unique,3L,17426195,yes
ILLUMINA-075005_0053_FC:3:1:13343:1158#0,3R,22028623,unique,3R,22028623,yes
ILLUMINA-075005_0053_FC:3:1:13465:1156#0,3R,17669191,unique,3R,17669191,yes
ILLUMINA-075005_0053_FC:3:1:14265:1163#0,2R,22800367,unique,2R,22800367,yes
ILLUMINA-075005_0053_FC:3:1:14533:1155#0,2R,22854717,unique,2R,22854717,yes
ILLUMINA-075005_0053_FC:3:1:15150:1160#0,2R,8911690,unique,2R,8911690,yes
ILLUMINA-075005_0053_FC:3:1:16226:1155#0,3L,8519693,unique,3L,8519693,yes
ILLUMINA-075005_0053_FC:3:1:16471:1155#0,3R,5267818,unique,3R,5267818,yes
ILLUMINA-075005_0053_FC:3:1:16509:1159#0,2L,10274477,unique,2L,10274477,yes
ILLUMINA-075005_0053_FC:3:1:16760:1154#0,X,5683271,unique,X,5683271,yes
ILLUMINA-075005_0053_FC:3:1:17189:1157#0,3R,20851050,unique,3R,20851050,yes
ILLUMINA-075005_0053_FC:3:1:17500:1163#0,3R,14607335,unique,3R,14607335,yes
ILLUMINA-075005_0053_FC:3:1:17681:1157#0,X,17937624,unique,X,17937624,yes
ILLUMINA-075005_0053_FC:3:1:17786:1155#0,2R,16142866,unique,2R,16142866,yes
ILLUMINA-075005_0053_FC:3:1:17813:1161#0,2L,5525420,unique,2L,5525420,yes
ILLUMINA-075005_0053_FC:3:1:17895:1157#0,3R,28993758,unique,3R,28993758,yes
ILLUMINA-075005_0053_FC:3:1:17913:1157#0,X,15139022,unique,X,15139022,yes
ILLUMINA-075005_0053_FC:3:1:18122:1153#0,4,1033623,unique,4,1033623,yes
ILLUMINA-075005_0053_FC:3:1:18364:1158#0,2R,12881144,unique,2R,12881144,yes
ILLUMINA-075005_0053_FC:3:1:18381:1165#0,2L,7825699,unique,2L,7825699,yes
ILLUMINA-075005_0053_FC:3:1:19229:1163#0,2L,13945337,unique,2L,13945337,yes
ILLUMINA-075005_0053_FC:3:1:19435:1156#0,2L,10221666,unique,2L,10221666,yes
ILLUMINA-075005_0053_FC:3:1:1166:1165#0,2R,9142570,unique,2R,9142570,yes
ILLUMINA-075005_0053_FC:3:1:1328:1165#0,X,6359019,unique,X,6359019,yes
ILLUMINA-075005_0053_FC:3:1:1459:1174#0,X,15084174,unique,X,15084174,yes
ILLUMINA-075005_0053_FC:3:1:1539:1165#0,3R,15440760,unique,3R,15440760,yes
ILLUMINA-075005_0053_FC:3:1:2258:1165#0,X,2027764,unique,X,2027764,yes
ILLUMINA-075005_0053_FC:3:1:2600:1173#0,3L,9511128,unique,3L,9511128,yes
ILLUMINA-075005_0053_FC:3:1:2958:1176#0,3L,18827367,unique,3L,18827367,yes
ILLUMINA-075005_0053_FC:3:1:3339:1172#0,3L,3195474,unique,3L,3195474,yes
ILLUMINA-075005_0053_FC:3:1:3616:1165#0,2L,12299201,unique,2L,12299201,yes
ILLUMINA-075005_0053_FC:3:1:3947:1169#0,2L,13933323,unique,2L,13933323,yes
ILLUMINA-075005_0053_FC:3:1:4267:1167#0,3L,11823816,unique,3L,11823816,yes
ILLUMINA-075005_0053_FC:3:1:4578:1169#0,3R,30173659,unique,3R,30173659,yes
ILLUMINA-075005_0053_FC:3:1:4676:1169#0,2R,16794489,unique,2R,16794489,yes
ILLUMINA-075005_0053_FC:3:1:4784:1169#0,2R,9990839,unique,2R,9990839,yes
ILLUMINA-075005_0053_FC:3:1:4896:1175#0,X,6741740,unique,X,6741740,yes
ILLUMINA-075005_0053_FC:3:1:5764:1173#0,2R,16782966,unique,2R,16782966,yes
ILLUMINA-075005_0053_FC:3:1:5850:1171#0,X,13336056,multi,,,no
ILLUMINA-075005_0053_FC:3:1:6376:1169#0,2R,23930223,unique,2R,23930223,yes
ILLUMINA-075005_0053_FC:3:1:6427:1172#0,3L,8327637,unique,3L,8327637,yes
ILLUMINA-075005_0053_FC:3:1:6695:1173#0,3R,16470885,unique,3R,16470885,yes
ILLUMINA-075005_0053_FC:3:1:7003:1166#0,2R,23548804,unique,2R,23548804,yes
ILLUMINA-075005_0053_FC:3:1:7556:1172#0,3R,9575923,unique,3R,9575923,yes
ILLUMINA-075005_0053_FC:3:1:8064:1171#0,X,6531057,unique,X,6531057,yes
ILLUMINA-075005_0053_FC:3:1:8316:1176#0,2L,18442510,unique,2L,18442510,yes
ILLUMINA-075005_0053_FC:3:1:8501:1167#0,3L,3818176,unique,3L,3818176,yes
ILLUMINA-075005_0053_FC:3:1:9076:1165#0,X,16286818,unique,X,16286818,yes
ILLUMINA-075005_0053_FC:3:1:9561:1175#0,3R,7087862,unique,3R,7087862,yes
ILLUMINA-075005_0053_FC:3:1:9842:1169#0,2L,18442959,unique,2L,18442959,yes
ILLUMINA-075005_0053_FC:3:1:9915:1166#0,3L,262245,unique,3L,262245,yes
ILLUMINA-075005_0053_FC:3:1:10133:1172#0,2R,7538366,unique,2R,7538366,yes
ILLUMINA-075005_0053_FC:3:1:10212:1170#0,2R,24058561,unique,2R,24058561,yes
ILLUMINA-075005_0053_FC:3:1:10473:1176#0,3R,27050109,unique,3R,27050109,yes
ILLUMINA-075005_0053_FC:3:1:10741:1167#0,3L,16278552,unique,3L,16278552,yes
ILLUMINA-075005_0053_FC:3:1:12663:1175#0,2L,14409140,unique,2L,14409140,yes
ILLUMINA-075005_0053_FC:3:1:12923:1171#0,3R,15440961,multi,,,no
ILLUMINA-075005_0053_FC:3:1:13237:1175#0,2L,3466857,unique,2L,3466857,yes
ILLUMINA-075005_0053_FC:3:1:13311:1171#0,2R,15545291,unique,2R,15545291,yes
ILLUMINA-075005_0053_FC:3:1:13462:1175#0,3R,17669191,unique,3R,17669191,yes
ILLUMINA-075005_0053_FC:3:1:13634:1174#0,2R,15857928,unique,2R,15857928,yes
ILLUMINA-075005_0053_FC:3:1:14113:1166#0,X,20135073,unique,X,20135073,yes
ILLUMINA-075005_0053_FC:3:1:14388:1168#0,2R,7312203,unique,2R,7312203,yes
ILLUMINA-075005_0053_FC:3:1:14484:1168#0,2R,17666552,unique,2R,17666552,yes
ILLUMINA-075005_0053_FC:3:1:14643:1166#0,3L,8326238,unique,3L,8326238,yes
ILLUMINA-075005_0053_FC:3:1:14729:1170#0,3R,27657875,unique,3R,27657875,yes
ILLUMINA-075005_0053_FC:3:1:14914:1165#0,2L,7826798,unique,2L,7826798,yes
ILLUMINA-075005_0053_FC:3:1:15275:1171#0,3R,5649984,unique,3R,5649984,yes
ILLUMINA-075005_0053_FC:3:1:16068:1167#0,2R,15859102,unique,2R,15859102,yes
ILLUMINA-075005_0053_FC:3:1:16110:1168#0,2L,4797230,unique,2L,4797230,yes
ILLUMINA-075005_0053_FC:3:1:16410:1170#0,2R,24968941,unique,2R,24968941,yes
ILLUMINA-075005_0053_FC:3:1:16957:1172#0,2L,21172705,unique,2L,21172705,yes
ILLUMINA-075005_0053_FC:3:1:17336:1168#0,3L,19813846,unique,3L,19813846,yes
ILLUMINA-075005_0053_FC:3:1:17480:1168#0,3L,22077404,unique,3L,22077404,yes
ILLUMINA-075005_0053_FC:3:1:17701:1171#0,3L,9049531,unique,3L,9049531,yes
ILLUMINA-075005_0053_FC:3:1:17731:1171#0,2R,20233949,unique,2R,20233949,yes
ILLUMINA-075005_0053_FC:3:1:18141:1174#0,3L,16585277,unique,3L,16585277,yes
ILLUMINA-075005_0053_FC:3:1:18219:1169#0,2L,9896583,unique,2L,9896583,yes
ILLUMINA-075005_0053_FC:3:1:18670:1169#0,2R,19442655,unique,2R,19442655,yes
ILLUMINA-075005_0053_FC:3:1:18747:1172#0,3L,1331342,unique,3L,1331342,yes
ILLUMINA-075005_0053_FC:3:1:1251:1184#0,X,20426744,unique,X,20426744,yes
ILLUMINA-075005_0053_FC:3:1:1992:1187#0,2R,11894600,unique,2R,11894600,yes
ILLUMINA-075005_0053_FC:3:1:2320:1178#0,2L,3516866,unique,2L,3516866,yes
ILLUMINA-075005_0053_FC:3:1:2540:1184#0,2R,17408662,unique,2R,17408662,yes
ILLUMINA-075005_0053_FC:3:1:2630:1184#0,2L,19053244,unique,2L,19053244,yes
ILLUMINA-075005_0053_FC:3:1:2887:1179#0,3L,22077412,unique,3L,22077412,yes
ILLUMINA-075005_0053_FC:3:1:3113:1182#0,4,1032998,unique,4,1032998,yes
ILLUMINA-075005_0053_FC:3:1:3671:1181#0,2L,9896814,unique,2L,9896814,yes
ILLUMINA-075005_0053_FC:3:1:4239:1184#0,2R,24968676,unique,2R,24968676,yes
ILLUMINA-075005_0053_FC:3:1:4280:1184#0,2L,10201296,unique,2L,10201296,yes
ILLUMINA-075005_0053_FC:3:1:4730:1182#0,3L,7720510,unique,3L,7720510,yes
ILLUMINA-075005_0053_FC:3:1:4772:1185#0,2R,16868626,unique,2R,16868626,yes
ILLUMINA-075005_0053_FC:3:1:4875:1177#0,3R,20821212,unique,3R,20821212,yes
ILLUMINA-075005_0053_FC:3:1:4956:1179#0,X,2224423,unique,X,2224423,yes
ILLUMINA-075005_0053_FC:3:1:5118:1181#0,2L,21678830,unique,2L,21678830,yes
ILLUMINA-075005_0053_FC:3:1:5171:1181#0,2L,16788641,unique,2L,16788641,yes
ILLUMINA-075005_0053_FC:3:1:5212:1181#0,3L,9374841,unique,3L,9374841,yes
ILLUMINA-075005_0053_FC:3:1:5619:1184#0,3R,27923603,unique,3R,27923603,yes
ILLUMINA-075005_0053_FC:3:1:5739:1177#0,2R,18997457,unique,2R,18997457,yes
ILLUMINA-075005_0053_FC:3:1:5827:1187#0,2R,21276279,unique,2R,21276279,yes
ILLUMINA-075005_0053_FC:3:1:6839:1187#0,3R,11224500,unique,3R,11224500,yes
ILLUMINA-075005_0053_FC:3:1:7310:1184#0,3R,30015009,unique,3R,30015009,yes
ILLUMINA-075005_0053_FC:3:1:7376:1186#0,3R,15440932,unique,3R,15440932,yes
ILLUMINA-075005_0053_FC:3:1:7426:1186#0,2L,16786043,unique,2L,16786043,yes
ILLUMINA-075005_0053_FC:3:1:7827:1188#0,3R,31216372,unique,3R,31216372,yes
ILLUMINA-075005_0053_FC:3:1:7881:1179#0,2R,24076842,unique,2R,24076842,yes
ILLUMINA-075005_0053_FC:3:1:7967:1187#0,2R,22607796,unique,2R,22607796,yes
ILLUMINA-075005_0053_FC:3:1:8048:1179#0,X,16452282,unique,X,16452282,yes
ILLUMINA-075005_0053_FC:3:1:8408:1186#0,3R,9778636,unique,3R,9778636,yes
ILLUMINA-075005_0053_FC:3:1:8535:1180#0,X,6741843,unique,X,6741843,yes
ILLUMINA-075005_0053_FC:3:1:9051:1188#0,2R,24968755,unique,2R,24968755,yes
ILLUMINA-075005_0053_FC:3:1:9276:1177#0,3L,20396693,unique,3L,20396693,yes
ILLUMINA-075005_0053_FC:3:1:9410:1180#0,2R,9587574,unique,2R,9587574,yes
ILLUMINA-075005_0053_FC:3:1:9878:1178#0,3R,29221120,unique,3R,29221120,yes
ILLUMINA-075005_0053_FC:3:1:10159:1179#0,3R,11753713,unique,3R,11753713,yes
ILLUMINA-075005_0053_FC:3:1:10272:1186#0,2L,16786229,unique,2L,16786229,yes
ILLUMINA-075005_0053_FC:3:1:10386:1180#0,3L,19893310,unique,3L,19893310,yes
ILLUMINA-075005_0053_FC:3:1:10643:1183#0,2L,6343858,unique,2L,6343858,yes
ILLUMINA-075005_0053_FC:3:1:10837:1178#0,X,6083550,unique,X,6083550,yes
ILLUMINA-075005_0053_FC:3:1:11041:1179#0,3L,2126261,unique,3L,2126261,yes
ILLUMINA-075005_0053_FC:3:1:11163:1185#0,X,11091417,unique,X,11091417,yes
ILLUMINA-075005_0053_FC:3:1:11304:1178#0,X,9554767,unique,X,9554767,yes
ILLUMINA-075005_0053_FC:3:1:11430:1183#0,2R,7792429,unique,2R,7792429,yes
ILLUMINA-075005_0053_FC:3:1:11928:1183#0,3L,8643247,unique,3L,8643247,yes
ILLUMINA-075005_0053_FC:3:1:12319:1188#0,3L,2588808,unique,3L,2588808,yes
ILLUMINA-075005_0053_FC:3:1:12477:1181#0,3L,2046317,unique,3L,2046317,yes
ILLUMINA-075005_0053_FC:3:1:13040:1188#0,3R,25018816,unique,3R,25018816,yes
ILLUMINA-075005_0053_FC:3:1:13335:1184#0,X,1295658,unique,X,1295658,yes
ILLUMINA-075005_0053_FC:3:1:13387:1183#0,X,11712768,unique,X,11712768,yes
ILLUMINA-075005_0053_FC:3:1:13614:1184#0,2L,420538,unique,2L,420538,yes
ILLUMINA-075005_0053_FC:3:1:13718:1180#0,2R,7741400,unique,2R,7741400,yes
ILLUMINA-075005_0053_FC:3:1:13948:1187#0,X,1478915,unique,X,1478915,yes
ILLUMINA-075005_0053_FC:3:1:15032:1187#0,3R,18876782,unique,3R,18876782,yes
ILLUMINA-075005_0053_FC:3:1:15445:1177#0,3R,10006866,unique,3R,10006866,yes
ILLUMINA-075005_0053_FC:3:1:15488:1178#0,3L,16308039,unique,3L,16308039,yes
ILLUMINA-075005_0053_FC:3:1:15819:1187#0,3R,30014887,unique,3R,30014887,yes
ILLUMINA-075005_0053_FC:3:1:16271:1187#0,3R,29748526,unique,3R,29748526,yes
ILLUMINA-075005_0053_FC:3:1:16341:1182#0,2L,5071705,unique,2L,5071705,yes
ILLUMINA-075005_0053_FC:3:1:16463:1177#0,2L,16774631,unique,2L,16774631,yes
ILLUMINA-075005_0053_FC:3:1:16769:1179#0,3R,27049486,unique,3R,27049486,yes
ILLUMINA-075005_0053_FC:3:1:16804:1179#0,X,9554809,unique,X,9554809,yes
ILLUMINA-075005_0053_FC:3:1:16974:1177#0,2R,19447899,unique,2R,19447899,yes
ILLUMINA-075005_0053_FC:3:1:17068:1177#0,2R,8238056,unique,2R,8238056,yes
ILLUMINA-075005_0053_FC:3:1:17988:1184#0,2L,10316654,unique,2L,10316654,yes
ILLUMINA-075005_0053_FC:3:1:18024:1177#0,2R,13966811,unique,2R,13966811,yes
ILLUMINA-075005_0053_FC:3:1:18107:1183#0,3L,8328167,unique,3L,8328167,yes
ILLUMINA-075005_0053_FC:3:1:18195:1186#0,2R,24903420,unique,2R,24903420,yes
ILLUMINA-075005_0053_FC:3:1:18542:1185#0,X,17280379,unique,X,17280379,yes
ILLUMINA-075005_0053_FC:3:1:18849:1179#0,2L,10318258,unique,2L,10318258,yes
ILLUMINA-075005_0053_FC:3:1:19545:1185#0,X,13593705,unique,X,13593705,yes
ILLUMINA-075005_0053_FC:3:1:1671:1190#0,2L,2216550,unique,2L,2216550,yes
ILLUMINA-075005_0053_FC:3:1:1821:1199#0,3L,25806627,unique,3L,25806627,yes
ILLUMINA-075005_0053_FC:3:1:2285:1200#0,3L,8640944,unique,3L,8640944,yes
ILLUMINA-075005_0053_FC:3:1:2351:1192#0,3L,18827719,unique,3L,18827719,yes
ILLUMINA-075005_0053_FC:3:1:3553:1189#0,3R,11954803,multi,,,no
ILLUMINA-075005_0053_FC:3:1:3724:1192#0,2L,22535874,unique,2L,22535874,yes
ILLUMINA-075005_0053_FC:3:1:4502:1191#0,2L,13921968,unique,2L,13921968,yes
ILLUMINA-075005_0053_FC:3:1:5283:1195#0,3L,16278938,unique,3L,16278938,yes
ILLUMINA-075005_0053_FC:3:1:5382:1195#0,3R,23359648,unique,3R,23359648,yes
ILLUMINA-075005_0053_FC:3:1:5648:1198#0,3R,24632205,unique,3R,24632205,yes
ILLUMINA-075005_0053_FC:3:1:6245:1195#0,X,14582174,unique,X,14582174,yes
ILLUMINA-075005_0053_FC:3:1:6609:1192#0,2R,13967743,unique,2R,13967743,yes
ILLUMINA-075005_0053_FC:3:1:7031:1193#0,2L,4469275,unique,2L,4469275,yes
ILLUMINA-075005_0053_FC:3:1:7598:1189#0,2R,20945394,unique,2R,20945394,yes
ILLUMINA-075005_0053_FC:3:1:7735:1191#0,X,8249185,unique,X,8249185,yes
ILLUMINA-075005_0053_FC:3:1:7989:1198#0,X,12758451,unique,X,12758451,yes
ILLUMINA-075005_0053_FC:3:1:8097:1197#0,X,16638413,unique,X,16638413,yes
ILLUMINA-075005_0053_FC:3:1:8161:1191#0,2R,14989007,unique,2R,14989007,yes
ILLUMINA-075005_0053_FC:3:1:8366:1190#0,2R,9587775,unique,2R,9587775,yes
ILLUMINA-075005_0053_FC:3:1:8766:1200#0,2R,15858202,unique,2R,15858202,yes
ILLUMINA-075005_0053_FC:3:1:9080:1193#0,3R,27924217,unique,3R,27924217,yes
ILLUMINA-075005_0053_FC:3:1:9396:1193#0,X,13331307,unique,X,13331307,yes
ILLUMINA-075005_0053_FC:3:1:9842:1190#0,3L,20423725,unique,3L,20423725,yes
ILLUMINA-075005_0053_FC:3:1:10335:1198#0,X,5673344,unique,X,5673344,yes
ILLUMINA-075005_0053_FC:3:1:10557:1194#0,2L,10410338,unique,2L,10410338,yes
ILLUMINA-075005_0053_FC:3:1:10904:1200#0,3L,19690744,unique,3L,19690744,yes
ILLUMINA-075005_0053_FC:3:1:11360:1197#0,2L,16786561,unique,2L,16786561,yes
ILLUMINA-075005_0053_FC:3:1:11887:1195#0,2L,13922215,unique,2L,13922215,yes
ILLUMINA-075005_0053_FC:3:1:12017:1193#0,2R,24991846,unique,2R,24991846,yes
ILLUMINA-075005_0053_FC:3:1:12660:1193#0,3R,29863480,unique,3R,29863480,yes
ILLUMINA-075005_0053_FC:3:1:13499:1197#0,2R,23548843,unique,2R,23548843,yes
ILLUMINA-075005_0053_FC:3:1:13565:1196#0,3L,9730550,unique,3L,9730550,yes
ILLUMINA-075005_0053_FC:3:1:13639:1195#0,3R,11956119,multi,,,no
ILLUMINA-075005_0053_FC:3:1:14082:1200#0,3L,3195422,unique,3L,3195422,yes
ILLUMINA-075005_0053_FC:3:1:14170:1194#0,3R,5625513,unique,3R,5625513,yes
ILLUMINA-075005_0053_FC:3:1:14263:1197#0,3L,8601695,unique,3L,8601695,yes
ILLUMINA-075005_0053_FC:3:1:14613:1190#0,3L,8327343,unique,3L,8327343,yes
ILLUMINA-075005_0053_FC:3:1:15120:1193#0,2L,9696537,unique,2L,9696537,yes
ILLUMINA-075005_0053_FC:3:1:15504:1190#0,3R,20780195,unique,3R,20780195,yes
ILLUMINA-075005_0053_FC:3:1:15716:1190#0,2R,23998558,unique,2R,23998558,yes
ILLUMINA-075005_0053_FC:3:1:15847:1195#0,3L,6205797,unique,3L,6205797,yes
ILLUMINA-075005_0053_FC:3:1:15951:1190#0,3R,23759629,unique,3R,23759629,yes
ILLUMINA-075005_0053_FC:3:1:16177:1195#0,2L,1725587,unique,2L,1725587,yes
ILLUMINA-075005_0053_FC:3:1:16325:1196#0,3R,14892215,unique,3R,14892215,yes
ILLUMINA-075005_0053_FC:3:1:16792:1191#0,2L,13366984,unique,2L,13366984,yes
ILLUMINA-075005_0053_FC:3:1:17125:1197#0,3R,31742873,unique,3R,31742873,yes
ILLUMINA-075005_0053_FC:3:1:17481:1198#0,X,21603049,unique,X,21603049,yes
ILLUMINA-075005_0053_FC:3:1:17583:1192#0,2R,22638466,unique,2R,22638466,yes
ILLUMINA-075005_0053_FC:3:1:18352:1192#0,2L,19554805,unique,2L,19554805,yes
ILLUMINA-075005_0053_FC:3:1:18932:1192#0,3R,27678691,unique,3R,27678691,yes
ILLUMINA-075005_0053_FC:3:1:19161:1189#0,2L,9896337,unique,2L,9896337,yes
ILLUMINA-075005_0053_FC:3:1:19233:1192#0,3R,27050163,unique,3R,27050163,yes
ILLUMINA-075005_0053_FC:3:1:19652:1189#0,3R,15441865,unique,3R,15441865,yes
ILLUMINA-075005_0053_FC:3:1:19767:1191#0,2L,16786710,unique,2L,16786710,yes
ILLUMINA-075005_0053_FC:3:1:1269:1209#0,2R,7739356,unique,2R,7739356,yes
ILLUMINA-075005_0053_FC:3:1:1310:1204#0,X,804243,unique,X,804243,yes
ILLUMINA-075005_0053_FC:3:1:1439:1203#0,X,1332241,unique,X,1332241,yes
ILLUMINA-075005_0053_FC:3:1:1741:1201#0,2R,13441150,unique,2R,13441150,yes
ILLUMINA-075005_0053_FC:3:1:2639:1205#0,4,1033034,unique,4,1033034,yes
ILLUMINA-075005_0053_FC:3:1:2782:1211#0,3L,16307964,unique,3L,16307964,yes
ILLUMINA-075005_0053_FC:3:1:3637:1208#0,3L,5360926,unique,3L,5360926,yes
ILLUMINA-075005_0053_FC:3:1:3657:1205#0,2R,22800307,unique,2R,22800307,yes
ILLUMINA-075005_0053_FC:3:1:3971:1207#0,2R,17409143,unique,2R,17409143,yes
ILLUMINA-075005_0053_FC:3:1:4445:1201#0,3R,4707258,unique,3R,4707258,yes
ILLUMINA-075005_0053_FC:3:1:5996:1210#0,3L,2588126,unique,3L,2588126,yes
ILLUMINA-075005_0053_FC:3:1:6077:1202#0,3L,8602648,unique,3L,8602648,yes
ILLUMINA-075005_0053_FC:3:1:6148:1211#0,3R,30206556,unique,3R,30206556,yes
ILLUMINA-075005_0053_FC:3:1:6344:1210#0,3L,9832406,unique,3L,9832406,yes
ILLUMINA-075005_0053_FC:3:1:7622:1206#0,2L,4344352,unique,2L,4344352,yes
ILLUMINA-075005_0053_FC:3:1:8305:1205#0,3R,15441035,multi,,,no
ILLUMINA-075005_0053_FC:3:1:8681:1211#0,X,8248842,unique,X,8248842,yes
ILLUMINA-075005_0053_FC:3:1:8836:1202#0,X,15064487,unique,X,15064487,yes
ILLUMINA-075005_0053_FC:3:1:8884:1201#0,2R,13507846,unique,2R,13507846,yes
ILLUMINA-075005_0053_FC:3:1:9145:1209#0,3L,8601695,unique,3L,8601695,yes
ILLUMINA-075005_0053_FC:3:1:9245:1210#0,2R,22800347,unique,2R,22800347,yes
ILLUMINA-075005_0053_FC:3:1:9628:1205#0,2R,23548726,unique,2R,23548726,yes
ILLUMINA-075005_0053_FC:3:1:9810:1207#0,2R,8594551,unique,2R,8594551,yes
ILLUMINA-075005_0053_FC:3:1:10001:1204#0,3R,19381694,unique,3R,19381694,yes
ILLUMINA-075005_0053_FC:3:1:10043:1205#0,3L,230822,unique,3L,230822,yes
ILLUMINA-075005_0053_FC:3:1:10233:1205#0,X,16387913,unique,X,16387913,yes
ILLUMINA-075005_0053_FC:3:1:10352:1207#0,X,7899707,unique,X,7899707,yes
ILLUMINA-075005_0053_FC:3:1:10825:1203#0,3R,5465908,unique,3R,5465908,yes
ILLUMINA-075005_0053_FC:3:1:10888:1207#0,X,10213309,unique,X,10213309,yes
ILLUMINA-075005_0053_FC:3:1:11033:1210#0,2L,13921204,unique,2L,13921204,yes
ILLUMINA-075005_0053_FC:3:1:11401:1208#0,3R,27083543,unique,3R,27083543,yes
ILLUMINA-075005_0053_FC:3:1:11790:1203#0,X,19519996,unique,X,19519996,yes
ILLUMINA-075005_0053_FC:3:1:11907:1212#0,2R,17094778,unique,2R,17094778,yes
ILLUMINA-075005_0053_FC:3:1:11930:1205#0,3L,8643247,unique,3L,8643247,yes
ILLUMINA-075005_0053_FC:3:1:12864:1207#0,3R,15266120,unique,3R,15266120,yes
ILLUMINA-075005_0053_FC:3:1:13206:1207#0,2L,13933097,unique,2L,13933097,yes
ILLUMINA-075005_0053_FC:3:1:13735:1208#0,X,15139020,unique,X,15139020,yes
ILLUMINA-075005_0053_FC:3:1:14930:1211#0,2R,11146655,unique,2R,11146655,yes
ILLUMINA-075005_0053_FC:3:1:15012:1203#0,3R,15266075,unique,3R,15266075,yes
ILLUMINA-075005_0053_FC:3:1:15137:1211#0,3R,27924359,unique,3R,27924359,yes
ILLUMINA-075005_0053_FC:3:1:15256:1210#0,3L,1668099,unique,3L,1668099,yes
ILLUMINA-075005_0053_FC:3:1:15681:1210#0,2L,1726100,unique,2L,1726100,yes
ILLUMINA-075005_0053_FC:3:1:15726:1207#0,X,19519976,unique,X,19519976,yes
ILLUMINA-075005_0053_FC:3:1:15969:1206#0,2L,10975932,unique,2L,10975932,yes
ILLUMINA-075005_0053_FC:3:1:16189:1208#0,X,7899742,unique,X,7899742,yes
ILLUMINA-075005_0053_FC:3:1:16346:1211#0,2L,3481535,unique,2L,3481535,yes
ILLUMINA-075005_0053_FC:3:1:16917:1209#0,X,15869227,unique,X,15869227,yes
ILLUMINA-075005_0053_FC:3:1:16959:1209#0,2R,8952030,unique,2R,8952030,yes
ILLUMINA-075005_0053_FC:3:1:17452:1201#0,2R,24311501,unique,2R,24311501,yes
ILLUMINA-075005_0053_FC:3:1:17523:1205#0,3L,4212683,unique,3L,4212683,yes
ILLUMINA-075005_0053_FC:3:1:17792:1202#0,2R,17572406,unique,2R,17572406,yes
ILLUMINA-075005_0053_FC:3:1:18164:1211#0,X,764759,unique,X,764759,yes
ILLUMINA-075005_0053_FC:3:1:18571:1203#0,3L,9048976,unique,3L,9048976,yes
ILLUMINA-075005_0053_FC:3:1:18769:1205#0,2L,22247547,unique,2L,22247547,yes
ILLUMINA-075005_0053_FC:3:1:18801:1208#0,X,1482302,unmapped,,,no
ILLUMINA-075005_0053_FC:3:1:19188:1202#0,2R,17409318,unique,2R,17409318,yes
ILLUMINA-075005_0053_FC:3:1:1507:1215#0,3R,27658826,unique,3R,27658826,yes
ILLUMINA-075005_0053_FC:3:1:1762:1218#0,X,1369932,unique,X,1369932,yes
ILLUMINA-075005_0053_FC:3:1:2219:1219#0,X,764546,unique,X,764546,yes
ILLUMINA-075005_0053_FC:3:1:2353:1214#0,2R,21187593,unique,2R,21187593,yes
ILLUMINA-075005_0053_FC:3:1:2383:1218#0,2R,23072931,unique,2R,23072931,yes
ILLUMINA-075005_0053_FC:3:1:2455:1223#0,3L,22867693,unique,3L,22867693,yes
ILLUMINA-075005_0053_FC:3:1:3475:1213#0,2R,16014328,unique,2R,16014328,yes
ILLUMINA-075005_0053_FC:3:1:3512:1214#0,3R,11215843,unique,3R,11215843,yes
ILLUMINA-075005_0053_FC:3:1:4206:1214#0,2R,24968810,unique,2R,24968810,yes
ILLUMINA-075005_0053_FC:3:1:4284:1219#0,2R,17546607,unique,2R,17546607,yes
ILLUMINA-075005_0053_FC:3:1:5050:1223#0,3R,29748587,unique,3R,29748587,yes
ILLUMINA-075005_0053_FC:3:1:5534:1214#0,2R,11618329,unique,2R,11618329,yes
ILLUMINA-075005_0053_FC:3:1:5596:1223#0,2L,16788659,unique,2L,16788659,yes
ILLUMINA-075005_0053_FC:3:1:7772:1212#0,3L,3196499,unique,3L,3196499,yes
ILLUMINA-075005_0053_FC:3:1:8447:1217#0,3R,27049650,unique,3R,27049650,yes
ILLUMINA-075005_0053_FC:3:1:8699:1216#0,2R,22645153,unique,2R,22645153,yes
ILLUMINA-075005_0053_FC:3:1:8754:1221#0,2R,17045696,unique,2R,17045696,yes
ILLUMINA-075005_0053_FC:3:1:9414:1214#0,3L,11122785,unique,3L,11122785,yes
ILLUMINA-075005_0053_FC:3:1:9703:1213#0,3R,11956154,multi,,,no
ILLUMINA-075005_0053_FC:3:1:10605:1221#0,2R,22801996,unique,2R,22801996,yes
ILLUMINA-075005_0053_FC:3:1:10685:1217#0,2R,22800314,unique,2R,22800314,yes
ILLUMINA-075005_0053_FC:3:1:10934:1213#0,X,3861237,unique,X,3861237,yes
ILLUMINA-075005_0053_FC:3:1:11709:1223#0,2R,17408898,unique,2R,17408898,yes
ILLUMINA-075005_0053_FC:3:1:12004:1212#0,3L,8733718,unique,3L,8733718,yes
ILLUMINA-075005_0053_FC:3:1:12417:1217#0,X,5673437,unique,X,5673437,yes
ILLUMINA-075005_0053_FC:3:1:12746:1213#0,2L,5051306,unique,2L,5051306,yes
ILLUMINA-075005_0053_FC:3:1:12803:1214#0,2R,16868495,unique,2R,16868495,yes
ILLUMINA-075005_0053_FC:3:1:12845:1213#0,2L,9573577,unique,2L,9573577,yes
ILLUMINA-075005_0053_FC:3:1:13246:1215#0,3R,26257837,unique,3R,26257837,yes
ILLUMINA-075005_0053_FC:3:1:13643:1213#0,X,15579375,unique,X,15579375,yes
ILLUMINA-075005_0053_FC:3:1:13842:1219#0,2R,14253564,unique,2R,14253564,yes
ILLUMINA-075005_0053_FC:3:1:13872:1217#0,3R,17545554,unique,3R,17545554,yes
ILLUMINA-075005_0053_FC:3:1:14154:1223#0,2L,13921023,unique,2L,13921023,yes
ILLUMINA-075005_0053_FC:3:1:14195:1220#0,2R,7792647,unique,2R,7792647,yes
ILLUMINA-075005_0053_FC:3:1:14275:1213#0,2L,16781105,unique,2L,16781105,yes
ILLUMINA-075005_0053_FC:3:1:14360:1219#0,2R,23905365,unique,2R,23905365,yes
ILLUMINA-075005_0053_FC:3:1:15805:1217#0,2L,4994875,unique,2L,4994875,yes
ILLUMINA-075005_0053_FC:3:1:15989:1216#0,3R,20851047,unique,3R,20851047,yes
ILLUMINA-075005_0053_FC:3:1:16204:1220#0,3L,8416883,unique,3L,8416883,yes
ILLUMINA-075005_0053_FC:3:1:16737:1217#0,3L,11823924,unique,3L,11823924,yes
ILLUMINA-075005_0053_FC:3:1:16868:1213#0,3R,27967121,unique,3R,27967121,yes
ILLUMINA-075005_0053_FC:3:1:17200:1222#0,2R,21688195,unique,2R,21688195,yes
ILLUMINA-075005_0053_FC:3:1:17258:1214#0,dmel_mitochondrion_genome,11083,unique,dmel_mitochondrion_genome,11083,yes
ILLUMINA-075005_0053_FC:3:1:17777:1212#0,X,15986552,unique,X,15986552,yes
ILLUMINA-075005_0053_FC:3:1:17959:1217#0,3L,13024373,unique,3L,13024373,yes
ILLUMINA-075005_0053_FC:3:1:18105:1222#0,3R,16186089,unique,3R,16186089,yes
ILLUMINA-075005_0053_FC:3:1:18223:1220#0,3R,20011581,unique,3R,20011581,yes
ILLUMINA-075005_0053_FC:3:1:18312:1222#0,3R,31216329,unique,3R,31216329,yes
ILLUMINA-075005_0053_FC:3:1:19166:1223#0,3L,8326910,unique,3L,8326910,yes
ILLUMINA-075005_0053_FC:3:1:1076:1229#0,2L,7206418,unique,2L,7206418,yes
ILLUMINA-075005_0053_FC:3:1:1495:1234#0,3L,8643301,unique,3L,8643301,yes
ILLUMINA-075005_0053_FC:3:1:1951:1229#0,3R,30206600,unique,3R,30206600,yes
ILLUMINA-075005_0053_FC:3:1:2298:1229#0,2R,22171803,unique,2R,22171803,yes
ILLUMINA-075005_0053_FC:3:1:2429:1228#0,3L,16785473,unique,3L,16785473,yes
ILLUMINA-075005_0053_FC:3:1:2549:1224#0,2R,24060917,unique,2R,24060917,yes
ILLUMINA-075005_0053_FC:3:1:2985:1232#0,3R,18227752,unique,3R,18227752,yes
ILLUMINA-075005_0053_FC:3:1:3254:1232#0,3L,21985682,multi,,,no
ILLUMINA-075005_0053_FC:3:1:3311:1229#0,3L,22076693,unique,3L,22076693,yes
ILLUMINA-075005_0053_FC:3:1:3481:1233#0,3R,30174045,unique,3R,30174045,yes
ILLUMINA-075005_0053_FC:3:1:3588:1234#0,X,13750723,unique,X,13750723,yes
ILLUMINA-075005_0053_FC:3:1:3868:1224#0,2R,23941270,unique,2R,23941270,yes
ILLUMINA-075005_0053_FC:3:1:3932:1231#0,2L,16774623,unique,2L,16774623,yes
ILLUMINA-075005_0053_FC:3:1:3955:1227#0,X,8247922,unique,X,8247922,yes
ILLUMINA-075005_0053_FC:3:1:4031:1230#0,3R,24882750,unique,3R,24882750,yes
ILLUMINA-075005_0053_FC:3:1:5009:1234#0,X,15748141,unique,X,15748141,yes
ILLUMINA-075005_0053_FC:3:1:5029:1228#0,2R,18539095,unique,2R,18539095,yes
ILLUMINA-075005_0053_FC:3:1:5170:1226#0,3R,11754153,unique,3R,11754153,yes
ILLUMINA-075005_0053_FC:3:1:5683:1228#0,3R,6470267,unique,3R,6470267,yes
ILLUMINA-075005_0053_FC:3:1:5989:1231#0,2R,13958549,unique,2R,13958549,yes
ILLUMINA-075005_0053_FC:3:1:6246:1235#0,X,266176,unique,X,266176,yes
ILLUMINA-075005_0053_FC:3:1:6504:1229#0,3L,16231080,unique,3L,16231080,yes
ILLUMINA-075005_0053_FC:3:1:6805:1234#0,3R,7088322,unique,3R,7088322,yes
ILLUMINA-075005_0053_FC:3:1:6856:1234#0,2R,15545247,unique,2R,15545247,yes
ILLUMINA-075005_0053_FC:3:1:6971:1228#0,3R,18228228,unique,3R,18228228,yes
ILLUMINA-075005_0053_FC:3:1:7418:1228#0,3L,1840580,unique,3L,1840580,yes
ILLUMINA-075005_0053_FC:3:1:7656:1225#0,2R,17537586,unique,2R,17537586,yes
ILLUMINA-075005_0053_FC:3:1:8425:1231#0,X,2034990,unique,X,2034990,yes
ILLUMINA-075005_0053_FC:3:1:8601:1229#0,2R,14245880,unique,2R,14245880,yes
ILLUMINA-075005_0053_FC:3:1:9134:1232#0,X,5673408,unique,X,5673408,yes
ILLUMINA-075005_0053_FC:3:1:9231:1234#0,2R,20533724,unique,2R,20533724,yes
ILLUMINA-075005_0053_FC:3:1:9423:1234#0,3L,5144110,unique,3L,5144110,yes
ILLUMINA-075005_0053_FC:3:1:10669:1229#0,3R,30173220,unique,3R,30173220,yes
ILLUMINA-075005_0053_FC:3:1:10748:1227#0,3R,15314573,unique,3R,15314573,yes
ILLUMINA-075005_0053_FC:3:1:11051:1227#0,X,19740938,unique,X,19740938,yes
ILLUMINA-075005_0053_FC:3:1:11278:1230#0,2R,8932924,unique,2R,8932924,yes
ILLUMINA-075005_0053_FC:3:1:11478:1226#0,3R,30206547,unique,3R,30206547,yes
ILLUMINA-075005_0053_FC:3:1:11516:1226#0,2L,9549453,unique,2L,9549453,yes
ILLUMINA-075005_0053_FC:3:1:12061:1229#0,3R,29156720,unique,3R,29156720,yes
ILLUMINA-075005_0053_FC:3:1:12084:1232#0,3R,13642316,unique,3R,13642316,yes
ILLUMINA-075005_0053_FC:3:1:12391:1230#0,X,13593702,unique,X,13593702,yes
ILLUMINA-075005_0053_FC:3:1:13857:1228#0,3L,1777963,unique,3L,1777963,yes
ILLUMINA-075005_0053_FC:3:1:13974:1228#0,3R,29748046,unique,3R,29748046,yes
ILLUMINA-075005_0053_FC:3:1:14174:1224#0,3L,14753669,unique,3L,14753669,yes
ILLUMINA-075005_0053_FC:3:1:14334:1234#0,3R,31217801,unique,3R,31217801,yes
ILLUMINA-075005_0053_FC:3:1:14632:1224#0,2L,10303598,unique,2L,10303598,yes
ILLUMINA-075005_0053_FC:3:1:14725:1233#0,2R,17097253,unique,2R,17097253,yes
ILLUMINA-075005_0053_FC:3:1:14775:1229#0,3L,21985939,unique,3L,21985939,yes
ILLUMINA-075005_0053_FC:3:1:14843:1225#0,2L,14165981,unique,2L,14165981,yes
ILLUMINA-075005_0053_FC:3:1:16114:1224#0,3L,9376464,unique,3L,9376464,yes
ILLUMINA-075005_0053_FC:3:1:16129:1233#0,3R,10871385,unique,3R,10871385,yes
ILLUMINA-075005_0053_FC:3:1:16292:1231#0,3L,2588729,unique,3L,2588729,yes
ILLUMINA-075005_0053_FC:3:1:16601:1226#0,X,5664933,unique,X,5664933,yes
ILLUMINA-075005_0053_FC:3:1:16759:1226#0,X,15139014,unique,X,15139014,yes
ILLUMINA-075005_0053_FC:3:1:17428:1226#0,3L,9832592,unique,3L,9832592,yes
ILLUMINA-075005_0053_FC:3:1:17499:1231#0,3R,15440656,unique,3R,15440656,yes
ILLUMINA-075005_0053_FC:3:1:18649:1224#0,3R,27924666,unique,3R,27924666,yes
ILLUMINA-075005_0053_FC:3:1:19213:1235#0,2R,23359029,unique,2R,23359029,yes
ILLUMINA-075005_0053_FC:3:1:1120:1239#0,3L,1331339,unique,3L,1331339,yes
ILLUMINA-075005_0053_FC:3:1:1388:1238#0,2R,23996634,unique,2R,23996634,yes
ILLUMINA-075005_0053_FC:3:1:1531:1241#0,X,9159638,unique,X,9159638,yes
ILLUMINA-075005_0053_FC:3:1:2034:1239#0,X,2025626,unique,X,2025626,yes
ILLUMINA-075005_0053_FC:3:1:2108:1236#0,X,7900134,unique,X,7900134,yes
ILLUMINA-075005_0053_FC:3:1:2253:1241#0,3R,31763889,unique,3R,31763889,yes
ILLUMINA-075005_0053_FC:3:1:2275:1238#0,3L,9730989,unique,3L,9730989,yes
ILLUMINA-075005_0053_FC:3:1:2373:1243#0,2L,7744493,unique,2L,7744493,yes
ILLUMINA-075005_0053_FC:3:1:3444:1241#0,3R,15544947,unique,3R,15544947,yes
ILLUMINA-075005_0053_FC:3:1:3619:1247#0,3L,8327240,unique,3L,8327240,yes
ILLUMINA-075005_0053_FC:3:1:4102:1241#0,3R,31253152,unique,3R,31253152,yes
ILLUMINA-075005_0053_FC:3:1:4186:1245#0,3R,19027553,unique,3R,19027553,yes
ILLUMINA-075005_0053_FC:3:1:4251:1237#0,2R,18450507,unique,2R,18450507,yes
ILLUMINA-075005_0053_FC:3:1:4372:1236#0,X,14226564,unique,X,14226564,yes
ILLUMINA-075005_0053_FC:3:1:4457:1246#0,X,15847921,unique,X,15847921,yes
ILLUMINA-075005_0053_FC:3:1:5407:1241#0,2R,7792007,unique,2R,7792007,yes
ILLUMINA-075005_0053_FC:3:1:5825:1236#0,2L,561031,unique,2L,561031,yes
ILLUMINA-075005_0053_FC:3:1:6098:1241#0,X,9554753,unique,X,9554753,yes
ILLUMINA-075005_0053_FC:3:1:6133:1240#0,2R,22607788,unique,2R,22607788,yes
ILLUMINA-075005_0053_FC:3:1:6266:1236#0,3R,11894226,unique,3R,11894226,yes
ILLUMINA-075005_0053_FC:3:1:6435:1238#0,2L,6937238,unique,2L,6937238,yes
ILLUMINA-075005_0053_FC:3:1:7000:1235#0,2L,13945298,unique,2L,13945298,yes
ILLUMINA-075005_0053_FC:3:1:7034:1239#0,2L,10771107,unique,2L,10771107,yes
ILLUMINA-075005_0053_FC:3:1:7076:1246#0,2L,561004,unique,2L,561004,yes
ILLUMINA-075005_0053_FC:3:1:7166:1237#0,3R,27045821,unique,3R,27045821,yes
ILLUMINA-075005_0053_FC:3:1:7186:1237#0,3R,15245955,unique,3R,15245955,yes
ILLUMINA-075005_0053_FC:3:1:7427:1246#0,2L,19008432,unique,2L,19008432,yes
ILLUMINA-075005_0053_FC:3:1:7607:1240#0,3L,13448745,unique,3L,13448745,yes
ILLUMINA-075005_0053_FC:3:1:8089:1244#0,2L,21679045,unique,2L,21679045,yes
ILLUMINA-075005_0053_FC:3:1:8220:1243#0,3L,21986814,unique,3L,21986814,yes
ILLUMINA-075005_0053_FC:3:1:8481:1240#0,2R,20264696,unique,2R,20264696,yes
ILLUMINA-075005_0053_FC:3:1:8739:1245#0,X,18426508,unique,X,18426508,yes
ILLUMINA-075005_0053_FC:3:1:8801:1244#0,3L,3812135,unique,3L,3812135,yes
ILLUMINA-075005_0053_FC:3:1:8987:1244#0,3R,27050142,unique,3R,27050142,yes
ILLUMINA-075005_0053_FC:3:1:9025:1243#0,2R,19447956,unique,2R,19447956,yes
ILLUMINA-075005_0053_FC:3:1:9306:1237#0,2L,12105529,unique,2L,12105529,yes
ILLUMINA-075005_0053_FC:3:1:9701:1244#0,2L,18988220,unique,2L,18988220,yes
ILLUMINA-075005_0053_FC:3:1:10026:1236#0,2R,17409774,unique,2R,17409774,yes
ILLUMINA-075005_0053_FC:3:1:10242:1244#0,3L,16308072,unique,3L,16308072,yes
ILLUMINA-075005_0053_FC:3:1:10263:1246#0,2L,13945533,unique,2L,13945533,yes
ILLUMINA-075005_0053_FC:3:1:10281:1241#0,2L,10410305,unique,2L,10410305,yes
ILLUMINA-075005_0053_FC:3:1:11212:1240#0,2L,10848070,unique,2L,10848070,yes
ILLUMINA-075005_0053_FC:3:1:11293:1238#0,2L,10848386,unique,2L,10848386,yes
ILLUMINA-075005_0053_FC:3:1:11434:1237#0,X,1370047,unique,X,1370047,yes
ILLUMINA-075005_0053_FC:3:1:12002:1240#0,3L,17475719,unique,3L,17475719,yes
ILLUMINA-075005_0053_FC:3:1:12118:1236#0,2R,19173765,unique,2R,19173765,yes
ILLUMINA-075005_0053_FC:3:1:12272:1246#0,X,18794650,unique,X,18794650,yes
ILLUMINA-075005_0053_FC:3:1:12293:1241#0,X,13331341,unique,X,13331341,yes
ILLUMINA-075005_0053_FC:3:1:12409:1237#0,X,13335813,multi,,,no
ILLUMINA-075005_0053_FC:3:1:12495:1240#0,2L,12106635,unique,2L,12106635,yes
ILLUMINA-075005_0053_FC:3:1:12763:1243#0,3R,30133345,unmapped,,,no
ILLUMINA-075005_0053_FC:3:1:13785:1243#0,4,1033875,unique,4,1033875,yes
ILLUMINA-075005_0053_FC:3:1:13806:1241#0,2R,14756933,unique,2R,14756933,yes
ILLUMINA-075005_0053_FC:3:1:13931:1240#0,3R,11954808,multi,,,no
ILLUMINA-075005_0053_FC:3:1:14027:1237#0,2R,9587880,unique,2R,9587880,yes
ILLUMINA-075005_0053_FC:3:1:14218:1240#0,3R,25681773,unique,3R,25681773,yes
ILLUMINA-075005_0053_FC:3:1:14510:1241#0,3R,8347266,unique,3R,8347266,yes
ILLUMINA-075005_0053_FC:3:1:14533:1244#0,3R,30171778,unique,3R,30171778,yes
ILLUMINA-075005_0053_FC:3:1:14679:1238#0,3L,3175601,unique,3L,3175601,yes
ILLUMINA-075005_0053_FC:3:1:15412:1242#0,3L,4287291,unique,3L,4287291,yes
ILLUMINA-075005_0053_FC:3:1:15697:1243#0,2L,3467184,unmapped,,,no
ILLUMINA-075005_0053_FC:3:1:15796:1241#0,2R,14756946,unique,2R,14756946,yes
ILLUMINA-075005_0053_FC:3:1:15987:1241#0,2R,17408402,unique,2R,17408402,yes
ILLUMINA-075005_0053_FC:3:1:16442:1238#0,X,4698861,unique,X,4698861,yes
ILLUMINA-075005_0053_FC:3:1:16617:1246#0,3R,30173332,unique,3R,30173332,yes
ILLUMINA-075005_0053_FC:3:1:16756:1245#0,3L,9048953,unique,3L,9048953,yes
ILLUMINA-075005_0053_FC:3:1:16809:1245#0,2R,22801106,unique,2R,22801106,yes
ILLUMINA-075005_0053_FC:3:1:17062:1240#0,3R,31216984,unique,3R,31216984,yes
ILLUMINA-075005_0053_FC:3:1:18603:1240#0,3R,29863087,unique,3R,29863087,yes
ILLUMINA-075005_0053_FC:3:1:18626:1235#0,3L,1653330,unique,3L,1653330,yes
ILLUMINA-075005_0053_FC:3:1:18828:1244#0,3R,15442078,unique,3R,15442078,yes
ILLUMINA-075005_0053_FC:3:1:19083:1239#0,X,15138599,unique,X,15138599,yes
ILLUMINA-075005_0053_FC:3:1:1195:1251#0,X,764554,unique,X,764554,yes
ILLUMINA-075005_0053_FC:3:1:1427:1249#0,3L,18899612,unique,3L,18899612,yes
ILLUMINA-075005_0053_FC:3:1:1792:1250#0,3R,25483192,unique,3R,25483192,yes
ILLUMINA-075005_0053_FC:3:1:1962:1257#0,3L,19609561,unique,3L,19609561,yes
ILLUMINA-075005_0053_FC:3:1:2414:1247#0,3R,15266609,unique,3R,15266609,yes
ILLUMINA-075005_0053_FC:3:1:3009:1247#0,X,22605272,unique,X,22605272,yes
ILLUMINA-075005_0053_FC:3:1:3074:1250#0,2R,14215398,unique,2R,14215398,yes
ILLUMINA-075005_0053_FC:3:1:3301:1256#0,2R,19448404,unique,2R,19448404,yes
ILLUMINA-075005_0053_FC:3:1:3491:1258#0,2L,19959407,unique,2L,19959407,yes
ILLUMINA-075005_0053_FC:3:1:3657:1258#0,2R,11618066,unique,2R,11618066,yes
ILLUMINA-075005_0053_FC:3:1:3979:1255#0,2L,1725672,unique,2L,1725672,yes
ILLUMINA-075005_0053_FC:3:1:4171:1257#0,3L,9428906,unique,3L,9428906,yes
ILLUMINA-075005_0053_FC:3:1:4370:1256#0,2L,13933620,unique,2L,13933620,yes
ILLUMINA-075005_0053_FC:3:1:4809:1251#0,3R,10118871,unique,3R,10118871,yes
ILLUMINA-075005_0053_FC:3:1:5225:1247#0,3L,1566716,unique,3L,1566716,yes
ILLUMINA-075005_0053_FC:3:1:5902:1253#0,2R,22801625,unique,2R,22801625,yes
ILLUMINA-075005_0053_FC:3:1:6091:1258#0,2L,21725228,unique,2L,21725228,yes
ILLUMINA-075005_0053_FC:3:1:6455:1256#0,X,15787880,unique,X,15787880,yes
ILLUMINA-075005_0053_FC:3:1:6863:1259#0,3R,11244434,unique,3R,11244434,yes
ILLUMINA-075005_0053_FC:3:1:6881:1258#0,3L,21986966,unique,3L,21986966,yes
ILLUMINA-075005_0053_FC:3:1:6955:1256#0,3R,7088611,unique,3R,7088611,yes
ILLUMINA-075005_0053_FC:3:1:7025:1257#0,3R,15441865,unique,3R,15441865,yes
ILLUMINA-075005_0053_FC:3:1:7503:1256#0,X,19493194,unique,X,19493194,yes
ILLUMINA-075005_0053_FC:3:1:7705:1248#0,3R,18228391,unique,3R,18228391,yes
ILLUMINA-075005_0053_FC:3:1:7751:1249#0,2L,4228432,unique,2L,4228432,yes
ILLUMINA-075005_0053_FC:3:1:8041:1258#0,X,5903985,unique,X,5903985,yes
ILLUMINA-075005_0053_FC:3:1:8155:1256#0,3R,15341945,unique,3R,15341945,yes
ILLUMINA-075005_0053_FC:3:1:8287:1251#0,2L,13394184,unique,2L,13394184,yes
ILLUMINA-075005_0053_FC:3:1:8545:1257#0,3L,9061972,unique,3L,9061972,yes
ILLUMINA-075005_0053_FC:3:1:8835:1256#0,2L,6978214,unique,2L,6978214,yes
ILLUMINA-075005_0053_FC:3:1:9188:1251#0,3L,13024377,unique,3L,13024377,yes
ILLUMINA-075005_0053_FC:3:1:9224:1258#0,3R,29862866,unique,3R,29862866,yes
ILLUMINA-075005_0053_FC:3:1:9400:1252#0,2R,23548678,unique,2R,23548678,yes
ILLUMINA-075005_0053_FC:3:1:9524:1254#0,2L,9896309,unique,2L,9896309,yes
ILLUMINA-075005_0053_FC:3:1:9903:1254#0,2L,18715965,unique,2L,18715965,yes
ILLUMINA-075005_0053_FC:3:1:10084:1250#0,2L,9390641,unique,2L,9390641,yes
ILLUMINA-075005_0053_FC:3:1:10561:1251#0,2R,19473877,unique,2R,19473877,yes
ILLUMINA-075005_0053_FC:3:1:10693:1251#0,2R,12167385,unique,2R,12167385,yes
ILLUMINA-075005_0053_FC:3:1:11826:1258#0,2R,24762720,unique,2R,24762720,yes
ILLUMINA-075005_0053_FC:3:1:12810:1256#0,3L,17954600,unique,3L,17954600,yes
ILLUMINA-075005_0053_FC:3:1:12973:1250#0,2L,8161798,unique,2L,8161798,yes
ILLUMINA-075005_0053_FC:3:1:13146:1249#0,X,13336109,multi,,,no
ILLUMINA-075005_0053_FC:3:1:13259:1248#0,2R,7312567,unique,2R,7312567,yes
ILLUMINA-075005_0053_FC:3:1:13275:1255#0,2L,21678809,unique,2L,21678809,yes
ILLUMINA-075005_0053_FC:3:1:14470:1255#0,3L,1614818,unmapped,,,no
ILLUMINA-075005_0053_FC:3:1:14582:1257#0,2R,22607906,unique,2R,22607906,yes
ILLUMINA-075005_0053_FC:3:1:14721:1259#0,X,6359171,unique,X,6359171,yes
ILLUMINA-075005_0053_FC:3:1:15145:1253#0,3L,8338103,unique,3L,8338103,yes
ILLUMINA-075005_0053_FC:3:1:15719:1247#0,3R,11819765,unique,3R,11819765,yes
ILLUMINA-075005_0053_FC:3:1:16149:1249#0,2R,17409175,unique,2R,17409175,yes
ILLUMINA-075005_0053_FC:3:1:16295:1256#0,3R,18228282,unique,3R,18228282,yes
ILLUMINA-075005_0053_FC:3:1:16331:1247#0,2R,14215445,unique,2R,14215445,yes
ILLUMINA-075005_0053_FC:3:1:16666:1253#0,3R,20672277,unique,3R,20672277,yes
ILLUMINA-075005_0053_FC:3:1:16991:1256#0,3L,27268377,unique,3L,27268377,yes
ILLUMINA-075005_0053_FC:3:1:17111:1247#0,3R,25684350,unique,3R,25684350,yes
ILLUMINA-075005_0053_FC:3:1:17279:1247#0,2R,23930524,unique,2R,23930524,yes
ILLUMINA-075005_0053_FC:3:1:18369:1253#0,X,6677398,unique,X,6677398,yes
ILLUMINA-075005_0053_FC:3:1:1419:1269#0,2R,13159549,unique,2R,13159549,yes
ILLUMINA-075005_0053_FC:3:1:1572:1261#0,2R,23386123,unique,2R,23386123,yes
ILLUMINA-075005_0053_FC:3:1:1770:1267#0,2R,14215398,unique,2R,14215398,yes
ILLUMINA-075005_0053_FC:3:1:1800:1269#0,X,18105930,unique,X,18105930,yes
ILLUMINA-075005_0053_FC:3:1:2186:1260#0,X,18105945,unique,X,18105945,yes
ILLUMINA-075005_0053_FC:3:1:2213:1264#0,2R,22640785,unique,2R,22640785,yes
ILLUMINA-075005_0053_FC:3:1:2831:1260#0,2R,22854687,unique,2R,22854687,yes
ILLUMINA-075005_0053_FC:3:1:3207:1267#0,3R,15440763,unique,3R,15440763,yes
ILLUMINA-075005_0053_FC:3:1:3389:1263#0,2L,13933457,unique,2L,13933457,yes
ILLUMINA-075005_0053_FC:3:1:3606:1264#0,3L,21827774,unique,3L,21827774,yes
ILLUMINA-075005_0053_FC:3:1:3833:1264#0,3R,31763582,unique,3R,31763582,yes
ILLUMINA-075005_0053_FC:3:1:3872:1261#0,3L,16963286,unique,3L,16963286,yes
ILLUMINA-075005_0053_FC:3:1:3959:1262#0,2R,17409783,unique,2R,17409783,yes
ILLUMINA-075005_0053_FC:3:1:5458:1262#0,2R,16773501,unique,2R,16773501,yes
ILLUMINA-075005_0053_FC:3:1:5522:1264#0,X,2235181,unique,X,2235181,yes
ILLUMINA-075005_0053_FC:3:1:5566:1259#0,3L,17955788,unique,3L,17955788,yes
ILLUMINA-075005_0053_FC:3:1:5778:1268#0,3L,21985715,multi,,,no
ILLUMINA-075005_0053_FC:3:1:5937:1269#0,X,6999317,unique,X,6999317,yes
ILLUMINA-075005_0053_FC:3:1:6410:1259#0,2L,1607059,unique,2L,1607059,yes
ILLUMINA-075005_0053_FC:3:1:6580:1263#0,X,15138710,unique,X,15138710,yes
ILLUMINA-075005_0053_FC:3:1:6995:1267#0,3R,31763548,unique,3R,31763548,yes
ILLUMINA-075005_0053_FC:3:1:7582:1264#0,3L,9509893,unique,3L,9509893,yes
ILLUMINA-075005_0053_FC:3:1:7659:1263#0,3L,11823269,unique,3L,11823269,yes
ILLUMINA-075005_0053_FC:3:1:7732:1267#0,3L,8326860,unique,3L,8326860,yes
ILLUMINA-075005_0053_FC:3:1:7883:1264#0,2R,24027412,unique,2R,24027412,yes
ILLUMINA-075005_0053_FC:3:1:8187:1268#0,2R,23999499,unique,2R,23999499,yes
ILLUMINA-075005_0053_FC:3:1:8213:1260#0,3L,8572087,unique,3L,8572087,yes
ILLUMINA-075005_0053_FC:3:1:8635:1264#0,3R,20578292,unique,3R,20578292,yes
ILLUMINA-075005_0053_FC:3:1:8676:1262#0,2L,5221291,unique,2L,5221291,yes
ILLUMINA-075005_0053_FC:3:1:8892:1261#0,3L,13043792,unique,3L,13043792,yes
ILLUMINA-075005_0053_FC:3:1:9035:1261#0,3R,29149753,unique,3R,29149753,yes
ILLUMINA-075005_0053_FC:3:1:9065:1264#0,2L,12063705,unique,2L,12063705,yes
ILLUMINA-075005_0053_FC:3:1:9088:1260#0,X,3949611,unique,X,3949611,yes
ILLUMINA-075005_0053_FC:3:1:9387:1265#0,2R,15858666,unique,2R,15858666,yes
ILLUMINA-075005_0053_FC:3:1:10193:1266#0,3R,7088334,multi,,,no
ILLUMINA-075005_0053_FC:3:1:10318:1270#0,3R,5625023,unique,3R,5625023,yes
ILLUMINA-075005_0053_FC:3:1:10875:1269#0,3R,30010498,unique,3R,30010498,yes
ILLUMINA-075005_0053_FC:3:1:11020:1261#0,2R,17546816,unique,2R,17546816,yes
ILLUMINA-075005_0053_FC:3:1:11115:1265#0,2R,22640734,unique,2R,22640734,yes
ILLUMINA-075005_0053_FC:3:1:11193:1266#0,2L,13921098,unique,2L,13921098,yes
ILLUMINA-075005_0053_FC:3:1:11522:1268#0,3L,19691125,unique,3L,19691125,yes
ILLUMINA-075005_0053_FC:3:1:11551:1261#0,2L,9968382,unique,2L,9968382,yes
ILLUMINA-075005_0053_FC:3:1:11646:1268#0,2R,8940871,unique,2R,8940871,yes
ILLUMINA-075005_0053_FC:3:1:11733:1268#0,3L,8957405,unique,3L,8957405,yes
ILLUMINA-075005_0053_FC:3:1:12080:1266#0,X,6741856,unique,X,6741856,yes
ILLUMINA-075005_0053_FC:3:1:12261:1269#0,3L,9510477,unique,3L,9510477,yes
ILLUMINA-075005_0053_FC:3:1:13017:1260#0,2L,10771111,unique,2L,10771111,yes
ILLUMINA-075005_0053_FC:3:1:13473:1268#0,2L,3036640,unique,2L,3036640,yes
ILLUMINA-075005_0053_FC:3:1:13875:1268#0,X,18426846,unique,X,18426846,yes
ILLUMINA-075005_0053_FC:3:1:13959:1267#0,2R,22640601,unique,2R,22640601,yes
ILLUMINA-075005_0053_FC:3:1:14308:1260#0,3L,8643477,unique,3L,8643477,yes
ILLUMINA-075005_0053_FC:3:1:15023:1259#0,2R,12404790,unique,2R,12404790,yes
ILLUMINA-075005_0053_FC:3:1:15409:1266#0,3R,25684081,unique,3R,25684081,yes
ILLUMINA-075005_0053_FC:3:1:15665:1262#0,2L,16786560,unique,2L,16786560,yes
ILLUMINA-075005_0053_FC:3:1:15742:1266#0,2R,22801644,unique,2R,22801644,yes
ILLUMINA-075005_0053_FC:3:1:15844:1259#0,2R,23867183,unique,2R,23867183,yes
ILLUMINA-075005_0053_FC:3:1:15940:1259#0,2R,5436135,unique,2R,5436135,yes
ILLUMINA-075005_0053_FC:3:1:15956:1270#0,X,12687364,unique,X,12687364,yes
ILLUMINA-075005_0053_FC:3:1:16071:1262#0,X,11110695,unique,X,11110695,yes
ILLUMINA-075005_0053_FC:3:1:16690:1259#0,X,11111048,unique,X,11111048,yes
ILLUMINA-075005_0053_FC:3:1:16742:1266#0,X,16387820,unique,X,16387820,yes
ILLUMINA-075005_0053_FC:3:1:17781:1268#0,3R,14892199,unique,3R,14892199,yes
ILLUMINA-075005_0053_FC:3:1:18342:1264#0,3R,31217841,unique,3R,31217841,yes
ILLUMINA-075005_0053_FC:3:1:18469:1263#0,2R,24263949,unique,2R,24263949,yes
ILLUMINA-075005_0053_FC:3:1:18679:1261#0,2L,900634,unique,2L,900634,yes
ILLUMINA-075005_0053_FC:3:1:18874:1270#0,X,11110096,unique,X,11110096,yes
ILLUMINA-075005_0053_FC:3:1:18897:1270#0,3L,15138097,unique,3L,15138097,yes
ILLUMINA-075005_0053_FC:3:1:19353:1269#0,3R,15440786,unique,3R,15440786,yes
ILLUMINA-075005_0053_FC:3:1:19412:1264#0,2R,11618231,unique,2R,11618231,yes
ILLUMINA-075005_0053_FC:3:1:19463:1270#0,2L,18530444,unique,2L,18530444,yes
ILLUMINA-075005_0053_FC:3:1:19726:1261#0,2L,5205396,unique,2L,5205396,yes
ILLUMINA-075005_0053_FC:3:1:1229:1273#0,3L,7720736,unique,3L,7720736,yes
ILLUMINA-075005_0053_FC:3:1:1749:1281#0,3L,21986700,multi,,,no
ILLUMINA-075005_0053_FC:3:1:2143:1281#0,3R,11986980,unique,3R,11986980,yes
ILLUMINA-075005_0053_FC:3:1:2595:1280#0,2L,20386734,unique,2L,20386734,yes
ILLUMINA-075005_0053_FC:3:1:3187:1271#0,2L,13370673,unique,2L,13370673,yes
ILLUMINA-075005_0053_FC:3:1:3349:1279#0,3R,13778580,unique,3R,13778580,yes
ILLUMINA-075005_0053_FC:3:1:3670:1273#0,2L,13922245,unique,2L,13922245,yes
ILLUMINA-075005_0053_FC:3:1:3720:1279#0,X,16387091,unique,X,16387091,yes
ILLUMINA-075005_0053_FC:3:1:4262:1279#0,2R,17409258,unique,2R,17409258,yes
ILLUMINA-075005_0053_FC:3:1:5061:1282#0,3R,11224130,unique,3R,11224130,yes
ILLUMINA-075005_0053_FC:3:1:5250:1272#0,4,860685,unique,4,860685,yes
ILLUMINA-075005_0053_FC:3:1:5333:1278#0,2R,17408402,unique,2R,17408402,yes
ILLUMINA-075005_0053_FC:3:1:5504:1279#0,X,20138363,unique,X,20138363,yes
ILLUMINA-075005_0053_FC:3:1:5537:1277#0,2R,17546809,unique,2R,17546809,yes
ILLUMINA-075005_0053_FC:3:1:5607:1279#0,2R,21658699,unique,2R,21658699,yes
ILLUMINA-075005_0053_FC:3:1:5758:1273#0,2L,9555419,unique,2L,9555419,yes
ILLUMINA-075005_0053_FC:3:1:5911:1271#0,X,10461138,unique,X,10461138,yes
ILLUMINA-075005_0053_FC:3:1:6465:1282#0,2L,16783198,unique,2L,16783198,yes
ILLUMINA-075005_0053_FC:3:1:7036:1282#0,2R,22130818,unique,2R,22130818,yes
ILLUMINA-075005_0053_FC:3:1:7398:1271#0,3R,13362335,unique,3R,13362335,yes
ILLUMINA-075005_0053_FC:3:1:7599:1274#0,3L,17849160,unique,3L,17849160,yes
ILLUMINA-075005_0053_FC:3:1:7960:1282#0,2L,12978009,unique,2L,12978009,yes
ILLUMINA-075005_0053_FC:3:1:8230:1270#0,2L,9427482,unique,2L,9427482,yes
ILLUMINA-075005_0053_FC:3:1:8603:1279#0,3R,31255613,unique,3R,31255613,yes
ILLUMINA-075005_0053_FC:3:1:8915:1280#0,2L,6934656,unique,2L,6934656,yes
ILLUMINA-075005_0053_FC:3:1:9000:1273#0,3R,29863417,unique,3R,29863417,yes
ILLUMINA-075005_0053_FC:3:1:9223:1279#0,2L,15036886,unique,2L,15036886,yes
ILLUMINA-075005_0053_FC:3:1:9290:1276#0,2R,24006755,unique,2R,24006755,yes
ILLUMINA-075005_0053_FC:3:1:10038:1282#0,X,657364,unique,X,657364,yes
ILLUMINA-075005_0053_FC:3:1:10214:1273#0,3R,7088334,unique,3R,7088334,yes
ILLUMINA-075005_0053_FC:3:1:10254:1273#0,3L,13995512,unique,3L,13995512,yes
ILLUMINA-075005_0053_FC:3:1:10692:1274#0,2L,4966380,unique,2L,4966380,yes
ILLUMINA-075005_0053_FC:3:1:10766:1280#0,3L,16126127,unique,3L,16126127,yes
ILLUMINA-075005_0053_FC:3:1:11691:1278#0,2R,21658615,unique,2R,21658615,yes
ILLUMINA-075005_0053_FC:3:1:12060:1271#0,3L,4209006,unique,3L,4209006,yes
ILLUMINA-075005_0053_FC:3:1:12177:1276#0,3R,5625579,unique,3R,5625579,yes
ILLUMINA-075005_0053_FC:3:1:12410:1274#0,X,6681658,unique,X,6681658,yes
ILLUMINA-075005_0053_FC:3:1:13534:1273#0,3L,13043787,unique,3L,13043787,yes
ILLUMINA-075005_0053_FC:3:1:14145:1271#0,2L,21717130,unique,2L,21717130,yes
ILLUMINA-075005_0053_FC:3:1:14464:1276#0,4,1032953,unique,4,1032953,yes
ILLUMINA-075005_0053_FC:3:1:14542:1276#0,2L,5046230,unique,2L,5046230,yes
ILLUMINA-075005_0053_FC:3:1:14707:1271#0,2R,9105231,unique,2R,9105231,yes
ILLUMINA-075005_0053_FC:3:1:15442:1282#0,3L,5798006,unique,3L,5798006,yes
ILLUMINA-075005_0053_FC:3:1:16017:1277#0,2L,22247150,unique,2L,22247150,yes
ILLUMINA-075005_0053_FC:3:1:16105:1278#0,2L,6933170,unique,2L,6933170,yes
ILLUMINA-075005_0053_FC:3:1:16158:1273#0,2R,17409783,unique,2R,17409783,yes
ILLUMINA-075005_0053_FC:3:1:16596:1272#0,2R,16570292,unique,2R,16570292,yes
ILLUMINA-075005_0053_FC:3:1:16905:1275#0,X,9607665,unique,X,9607665,yes
ILLUMINA-075005_0053_FC:3:1:17146:1271#0,3L,19691099,unique,3L,19691099,yes
ILLUMINA-075005_0053_FC:3:1:17173:1273#0,2R,7792653,unique,2R,7792653,yes
ILLUMINA-075005_0053_FC:3:1:17694:1281#0,X,18004117,unmapped,,,no
ILLUMINA-075005_0053_FC:3:1:18133:1275#0,2L,13920796,unique,2L,13920796,yes
ILLUMINA-075005_0053_FC:3:1:18239:1279#0,3L,3901275,multi,,,no
ILLUMINA-075005_0053_FC:3:1:18274:1280#0,2R,24311957,multi,,,no
ILLUMINA-075005_0053_FC:3:1:18916:1279#0,2R,21294316,unique,2R,21294316,yes
ILLUMINA-075005_0053_FC:3:1:18986:1276#0,2R,24077863,unique,2R,24077863,yes
ILLUMINA-075005_0053_FC:3:1:19512:1280#0,3L,1667385,unique,3L,1667385,yes
ILLUMINA-075005_0053_FC:3:1:1724:1292#0,3L,8640607,unique,3L,8640607,yes
ILLUMINA-075005_0053_FC:3:1:2004:1293#0,3L,21568446,unique,3L,21568446,yes
ILLUMINA-075005_0053_FC:3:1:2916:1293#0,X,4370131,unique,X,4370131,yes
ILLUMINA-075005_0053_FC:3:1:3550:1286#0,3R,30171991,unique,3R,30171991,yes
ILLUMINA-075005_0053_FC:3:1:5150:1287#0,3R,23626615,unique,3R,23626615,yes
ILLUMINA-075005_0053_FC:3:1:5174:1289#0,2R,17763394,unique,2R,17763394,yes
ILLUMINA-075005_0053_FC:3:1:5245:1292#0,3L,21263484,unique,3L,21263484,yes
ILLUMINA-075005_0053_FC:3:1:5727:1294#0,X,7899735,unique,X,7899735,yes
ILLUMINA-075005_0053_FC:3:1:5787:1290#0,2L,22247149,unique,2L,22247149,yes
ILLUMINA-075005_0053_FC:3:1:6082:1291#0,3R,30172915,unique,3R,30172915,yes
ILLUMINA-075005_0053_FC:3:1:6407:1291#0,3R,31741060,unique,3R,31741060,yes
ILLUMINA-075005_0053_FC:3:1:6442:1293#0,3R,15306635,unique,3R,15306635,yes
ILLUMINA-075005_0053_FC:3:1:7172:1288#0,3R,10263705,unique,3R,10263705,yes
ILLUMINA-075005_0053_FC:3:1:7939:1283#0,2L,4944622,unique,2L,4944622,yes
ILLUMINA-075005_0053_FC:3:1:8139:1288#0,2L,1984952,unique,2L,1984952,yes
ILLUMINA-075005_0053_FC:3:1:8210:1292#0,X,18426279,unique,X,18426279,yes
ILLUMINA-075005_0053_FC:3:1:8355:1288#0,2R,22800256,unique,2R,22800256,yes
ILLUMINA-075005_0053_FC:3:1:8698:1284#0,3R,31741730,unique,3R,31741730,yes
ILLUMINA-075005_0053_FC:3:1:8990:1293#0,3R,25891018,unique,3R,25891018,yes
ILLUMINA-075005_0053_FC:3:1:9133:1284#0,3L,8326216,unique,3L,8326216,yes
ILLUMINA-075005_0053_FC:3:1:9404:1291#0,3R,27691943,unique,3R,27691943,yes
ILLUMINA-075005_0053_FC:3:1:9475:1292#0,X,6367918,unique,X,6367918,yes
ILLUMINA-075005_0053_FC:3:1:10016:1290#0,2L,13922245,unique,2L,13922245,yes
ILLUMINA-075005_0053_FC:3:1:10097:1290#0,X,7899749,unique,X,7899749,yes
ILLUMINA-075005_0053_FC:3:1:10326:1288#0,2R,6080055,unique,2R,6080055,yes
ILLUMINA-075005_0053_FC:3:1:11351:1293#0,4,1034392,unique,4,1034392,yes
ILLUMINA-075005_0053_FC:3:1:11445:1294#0,2L,7744042,unique,2L,7744042,yes
ILLUMINA-075005_0053_FC:3:1:11466:1289#0,3R,11224771,unique,3R,11224771,yes
ILLUMINA-075005_0053_FC:3:1:11672:1288#0,3L,20779832,unique,3L,20779832,yes
ILLUMINA-075005_0053_FC:3:1:11934:1284#0,3R,21202185,unique,3R,21202185,yes
ILLUMINA-075005_0053_FC:3:1:12495:1283#0,2L,16777022,unique,2L,16777022,yes
ILLUMINA-075005_0053_FC:3:1:13243:1292#0,3R,26257819,unique,3R,26257819,yes
ILLUMINA-075005_0053_FC:3:1:13553:1293#0,3L,9048911,unique,3L,9048911,yes
ILLUMINA-075005_0053_FC:3:1:13607:1291#0,2L,9574229,unique,2L,9574229,yes
ILLUMINA-075005_0053_FC:3:1:13748:1287#0,3R,16186073,unique,3R,16186073,yes
ILLUMINA-075005_0053_FC:3:1:13844:1287#0,2R,16586385,unique,2R,16586385,yes
ILLUMINA-075005_0053_FC:3:1:13870:1285#0,3R,15440836,unique,3R,15440836,yes
ILLUMINA-075005_0053_FC:3:1:13992:1282#0,2L,9968348,unique,2L,9968348,yes
ILLUMINA-075005_0053_FC:3:1:14073:1290#0,3L,2042407,unique,3L,2042407,yes
ILLUMINA-075005_0053_FC:3:1:14108:1291#0,X,1452119,unique,X,1452119,yes
ILLUMINA-075005_0053_FC:3:1:14305:1284#0,3R,11209473,unique,3R,11209473,yes
ILLUMINA-075005_0053_FC:3:1:14428:1286#0,2L,6047625,unique,2L,6047625,yes
ILLUMINA-075005_0053_FC:3:1:14502:1292#0,3L,12807664,unique,3L,12807664,yes
ILLUMINA-075005_0053_FC:3:1:15402:1283#0,X,657189,unique,X,657189,yes
ILLUMINA-075005_0053_FC:3:1:15486:1291#0,X,6531313,unique,X,6531313,yes
ILLUMINA-075005_0053_FC:3:1:15822:1283#0,3L,2040331,unique,3L,2040331,yes
ILLUMINA-075005_0053_FC:3:1:16280:1292#0,3R,30173326,unique,3R,30173326,yes
ILLUMINA-075005_0053_FC:3:1:16305:1287#0,2R,12760119,unique,2R,12760119,yes
ILLUMINA-075005_0053_FC:3:1:16490:1286#0,X,6741806,unique,X,6741806,yes
ILLUMINA-075005_0053_FC:3:1:16852:1284#0,3L,16586026,unique,3L,16586026,yes
ILLUMINA-075005_0053_FC:3:1:16992:1293#0,3R,30385878,unique,3R,30385878,yes
ILLUMINA-075005_0053_FC:3:1:17088:1285#0,3L,1274048,unique,3L,1274048,yes
ILLUMINA-075005_0053_FC:3:1:17173:1291#0,X,6680949,unique,X,6680949,yes
ILLUMINA-075005_0053_FC:3:1:17667:1285#0,3L,16294723,unique,3L,16294723,yes
ILLUMINA-075005_0053_FC:3:1:18347:1285#0,3R,11960397,multi,,,no
ILLUMINA-075005_0053_FC:3:1:18420:1286#0,2R,7792115,unique,2R,7792115,yes
ILLUMINA-075005_0053_FC:3:1:18772:1288#0,X,16318482,unique,X,16318482,yes
ILLUMINA-075005_0053_FC:3:1:18862:1288#0,2R,15544795,unique,2R,15544795,yes
ILLUMINA-075005_0053_FC:3:1:1106:1297#0,3L,8601711,unique,3L,8601711,yes
ILLUMINA-075005_0053_FC:3:1:1600:1302#0,2R,7312870,unique,2R,7312870,yes
ILLUMINA-075005_0053_FC:3:1:1764:1299#0,X,16638802,unique,X,16638802,yes
ILLUMINA-075005_0053_FC:3:1:2134:1298#0,2R,17408616,unique,2R,17408616,yes
ILLUMINA-075005_0053_FC:3:1:2282:1302#0,3R,31216246,unique,3R,31216246,yes
ILLUMINA-075005_0053_FC:3:1:2764:1300#0,2L,13933502,unique,2L,13933502,yes
ILLUMINA-075005_0053_FC:3:1:2858:1303#0,3R,8296504,unique,3R,8296504,yes
ILLUMINA-075005_0053_FC:3:1:3200:1297#0,X,5684207,unique,X,5684207,yes
ILLUMINA-075005_0053_FC:3:1:3222:1303#0,2L,4228365,unique,2L,4228365,yes
ILLUMINA-075005_0053_FC:3:1:3633:1297#0,2L,11003608,unique,2L,11003608,yes
ILLUMINA-075005_0053_FC:3:1:3659:1302#0,3R,15298473,unique,3R,15298473,yes
ILLUMINA-075005_0053_FC:3:1:3684:1294#0,2R,22607858,unique,2R,22607858,yes
ILLUMINA-075005_0053_FC:3:1:4278:1295#0,2R,8621238,unique,2R,8621238,yes
ILLUMINA-075005_0053_FC:3:1:4464:1296#0,X,18423520,unique,X,18423520,yes
ILLUMINA-075005_0053_FC:3:1:4655:1299#0,3R,26257453,unique,3R,26257453,yes
ILLUMINA-075005_0053_FC:3:1:4888:1303#0,3L,9882772,unique,3L,9882772,yes
ILLUMINA-075005_0053_FC:3:1:4953:1301#0,2R,22645435,unique,2R,22645435,yes
ILLUMINA-075005_0053_FC:3:1:5277:1305#0,3L,11206875,unique,3L,11206875,yes
ILLUMINA-075005_0053_FC:3:1:5317:1299#0,3L,18899466,unique,3L,18899466,yes
ILLUMINA-075005_0053_FC:3:1:5562:1295#0,2R,17408722,unique,2R,17408722,yes
ILLUMINA-075005_0053_FC:3:1:7694:1302#0,4,1033649,unique,4,1033649,yes
ILLUMINA-075005_0053_FC:3:1:7954:1299#0,2R,15541994,unique,2R,15541994,yes
ILLUMINA-075005_0053_FC:3:1:7992:1299#0,3L,1667342,unique,3L,1667342,yes
ILLUMINA-075005_0053_FC:3:1:8263:1295#0,3L,2723834,unique,3L,2723834,yes
ILLUMINA-075005_0053_FC:3:1:8498:1298#0,2L,22247253,unique,2L,22247253,yes
ILLUMINA-075005_0053_FC:3:1:8712:1303#0,3L,365268,unique,3L,365268,yes
ILLUMINA-075005_0053_FC:3:1:9106:1297#0,2L,11157494,unique,2L,11157494,yes
ILLUMINA-075005_0053_FC:3:1:9360:1301#0,3R,31217008,unique,3R,31217008,yes
ILLUMINA-075005_0053_FC:3:1:9591:1300#0,X,4624523,unique,X,4624523,yes
ILLUMINA-075005_0053_FC:3:1:9729:1303#0,2L,9575323,unique,2L,9575323,yes
ILLUMINA-075005_0053_FC:3:1:10146:1301#0,X,19481637,unique,X,19481637,yes
ILLUMINA-075005_0053_FC:3:1:10485:1297#0,2L,561692,unique,2L,561692,yes
ILLUMINA-075005_0053_FC:3:1:10604:1297#0,3L,2566559,unique,3L,2566559,yes
ILLUMINA-075005_0053_FC:3:1:10648:1300#0,2R,13228633,unique,2R,13228633,yes
ILLUMINA-075005_0053_FC:3:1:10811:1296#0,3R,31216890,unique,3R,31216890,yes
ILLUMINA-075005_0053_FC:3:1:11010:1301#0,3L,11823716,unique,3L,11823716,yes
ILLUMINA-075005_0053_FC:3:1:11151:1300#0,2L,16785656,unique,2L,16785656,yes
ILLUMINA-075005_0053_FC:3:1:11940:1303#0,3R,31594857,unique,3R,31594857,yes
ILLUMINA-075005_0053_FC:3:1:12038:1304#0,X,19506714,unique,X,19506714,yes
ILLUMINA-075005_0053_FC:3:1:12642:1303#0,3R,11624118,unique,3R,11624118,yes
ILLUMINA-075005_0053_FC:3:1:12915:1302#0,3L,19537299,unique,3L,19537299,yes
ILLUMINA-075005_0053_FC:3:1:12951:1300#0,3R,13665776,unique,3R,13665776,yes
ILLUMINA-075005_0053_FC:3:1:12972:1299#0,3R,9625697,unique,3R,9625697,yes
ILLUMINA-075005_0053_FC:3:1:13022:1294#0,2R,7792161,unique,2R,7792161,yes
ILLUMINA-075005_0053_FC:3:1:13232:1306#0,2L,561170,unique,2L,561170,yes
ILLUMINA-075005_0053_FC:3:1:13516:1300#0,3L,1535132,unique,3L,1535132,yes
ILLUMINA-075005_0053_FC:3:1:14365:1298#0,3R,29150918,unique,3R,29150918,yes
ILLUMINA-075005_0053_FC:3:1:14783:1302#0,2R,17409144,unique,2R,17409144,yes
ILLUMINA-075005_0053_FC:3:1:15016:1299#0,3L,8326225,unique,3L,8326225,yes
ILLUMINA-075005_0053_FC:3:1:15071:1297#0,dmel_mitochondrion_genome,8689,unique,dmel_mitochondrion_genome,8689,yes
ILLUMINA-075005_0053_FC:3:1:15344:1300#0,3R,15441278,unique,3R,15441278,yes
ILLUMINA-075005_0053_FC:3:1:15518:1303#0,2L,4966789,unique,2L,4966789,yes
ILLUMINA-075005_0053_FC:3:1:15592:1299#0,X,1482309,unique,X,1482309,yes
ILLUMINA-075005_0053_FC:3:1:15891:1300#0,4,1033843,unique,4,1033843,yes
ILLUMINA-075005_0053_FC:3:1:16123:1299#0,2L,1725776,unique,2L,1725776,yes
ILLUMINA-075005_0053_FC:3:1:16820:1301#0,3R,15312682,unique,3R,15312682,yes
ILLUMINA-075005_0053_FC:3:1:17482:1301#0,2L,5071677,unique,2L,5071677,yes
ILLUMINA-075005_0053_FC:3:1:17501:1303#0,3R,5651527,unique,3R,5651527,yes
ILLUMINA-075005_0053_FC:3:1:17535:1302#0,3L,9049649,unique,3L,9049649,yes
ILLUMINA-075005_0053_FC:3:1:17552:1298#0,2L,10201833,unique,2L,10201833,yes
ILLUMINA-075005_0053_FC:3:1:18338:1302#0,2R,10897298,unique,2R,10897298,yes
ILLUMINA-075005_0053_FC:3:1:18385:1301#0,2R,23385838,unique,2R,23385838,yes
ILLUMINA-075005_0053_FC:3:1:19029:1297#0,2L,9968382,unique,2L,9968382,yes
ILLUMINA-075005_0053_FC:3:1:19108:1301#0,2R,24903466,unique,2R,24903466,yes
ILLUMINA-075005_0053_FC:3:1:19565:1296#0,3L,13024367,unique,3L,13024367,yes
ILLUMINA-075005_0053_FC:3:1:19598:1303#0,X,16638478,unique,X,16638478,yes
ILLUMINA-075005_0053_FC:3:1:1555:1312#0,3R,25684009,unique,3R,25684009,yes
ILLUMINA-075005_0053_FC:3:1:1584:1316#0,3L,16785416,unique,3L,16785416,yes
ILLUMINA-075005_0053_FC:3:1:1637:1310#0,2L,5985461,unique,2L,5985461,yes
ILLUMINA-075005_0053_FC:3:1:1685:1309#0,3L,9384757,unique,3L,9384757,yes
ILLUMINA-075005_0053_FC:3:1:2544:1306#0,2L,21678928,unique,2L,21678928,yes
ILLUMINA-075005_0053_FC:3:1:3392:1309#0,Y,3526398,unmapped,,,no
ILLUMINA-075005_0053_FC:3:1:3646:1317#0,X,16785009,unique,X,16785009,yes
ILLUMINA-075005_0053_FC:3:1:4087:1308#0,2L,21171992,unique,2L,21171992,yes
ILLUMINA-075005_0053_FC:3:1:4255:1317#0,3R,30173684,unique,3R,30173684,yes
ILLUMINA-075005_0053_FC:3:1:4477:1311#0,3R,24782741,unique,3R,24782741,yes
ILLUMINA-075005_0053_FC:3:1:4547:1310#0,2L,14166334,unique,2L,14166334,yes
ILLUMINA-075005_0053_FC:3:1:4690:1306#0,2L,16780720,unique,2L,16780720,yes
ILLUMINA-075005_0053_FC:3:1:4765:1312#0,X,6741762,unique,X,6741762,yes
ILLUMINA-075005_0053_FC:3:1:4793:1312#0,3R,19828272,unique,3R,19828272,yes
ILLUMINA-075005_0053_FC:3:1:5083:1313#0,3L,5567508,unique,3L,5567508,yes
ILLUMINA-075005_0053_FC:3:1:5202:1316#0,2R,9199584,unique,2R,9199584,yes
ILLUMINA-075005_0053_FC:3:1:5456:1313#0,3R,30172895,unique,3R,30172895,yes
ILLUMINA-075005_0053_FC:3:1:5910:1310#0,3R,15441035,multi,,,no
ILLUMINA-075005_0053_FC:3:1:5951:1317#0,2L,14617182,unique,2L,14617182,yes
ILLUMINA-075005_0053_FC:3:1:6655:1311#0,2L,6047531,unique,2L,6047531,yes
ILLUMINA-075005_0053_FC:3:1:6854:1312#0,X,2271833,unique,X,2271833,yes
ILLUMINA-075005_0053_FC:3:1:6932:1309#0,X,9159653,unique,X,9159653,yes
ILLUMINA-075005_0053_FC:3:1:7515:1309#0,X,9154529,unique,X,9154529,yes
ILLUMINA-075005_0053_FC:3:1:7774:1315#0,3L,3908076,unique,3L,3908076,yes
ILLUMINA-075005_0053_FC:3:1:8743:1310#0,2L,13933122,unique,2L,13933122,yes
ILLUMINA-075005_0053_FC:3:1:9315:1309#0,X,15868968,unique,X,15868968,yes
ILLUMINA-075005_0053_FC:3:1:9461:1311#0,3R,25684289,unique,3R,25684289,yes
ILLUMINA-075005_0053_FC:3:1:9487:1309#0,3L,7240517,unique,3L,7240517,yes
ILLUMINA-075005_0053_FC:3:1:9752:1316#0,3L,8641003,unique,3L,8641003,yes
ILLUMINA-075005_0053_FC:3:1:9983:1312#0,X,13593896,unique,X,13593896,yes
ILLUMINA-075005_0053_FC:3:1:10563:1310#0,2R,16793185,unique,2R,16793185,yes
ILLUMINA-075005_0053_FC:3:1:10686:1309#0,X,1482739,unique,X,1482739,yes
ILLUMINA-075005_0053_FC:3:1:10981:1308#0,3L,9428916,unique,3L,9428916,yes
ILLUMINA-075005_0053_FC:3:1:11803:1311#0,2R,13509152,unique,2R,13509152,yes
ILLUMINA-075005_0053_FC:3:1:12269:1306#0,2R,17408431,unique,2R,17408431,yes
ILLUMINA-075005_0053_FC:3:1:12304:1307#0,3R,27697667,unique,3R,27697667,yes
ILLUMINA-075005_0053_FC:3:1:12534:1317#0,3L,9049411,unique,3L,9049411,yes
ILLUMINA-075005_0053_FC:3:1:12581:1316#0,2R,8221150,unique,2R,8221150,yes
ILLUMINA-075005_0053_FC:3:1:12689:1308#0,3R,30208240,unique,3R,30208240,yes
ILLUMINA-075005_0053_FC:3:1:13107:1313#0,3L,19538100,unique,3L,19538100,yes
ILLUMINA-075005_0053_FC:3:1:13152:1316#0,3R,25684206,unique,3R,25684206,yes
ILLUMINA-075005_0053_FC:3:1:13398:1306#0,2L,13921079,unique,2L,13921079,yes
ILLUMINA-075005_0053_FC:3:1:13604:1317#0,3L,17466329,unique,3L,17466329,yes
ILLUMINA-075005_0053_FC:3:1:14003:1312#0,3R,17545364,unique,3R,17545364,yes
ILLUMINA-075005_0053_FC:3:1:15076:1315#0,3R,11765139,unique,3R,11765139,yes
ILLUMINA-075005_0053_FC:3:1:15369:1309#0,3L,23094918,unique,3L,23094918,yes
ILLUMINA-075005_0053_FC:3:1:15556:1315#0,X,5673293,unique,X,5673293,yes
ILLUMINA-075005_0053_FC:3:1:15654:1316#0,X,5722452,unique,X,5722452,yes
ILLUMINA-075005_0053_FC:3:1:15940:1315#0,3R,13679827,unique,3R,13679827,yes
ILLUMINA-075005_0053_FC:3:1:16106:1313#0,2R,17525900,unique,2R,17525900,yes
ILLUMINA-075005_0053_FC:3:1:16166:1314#0,2L,10409829,unique,2L,10409829,yes
ILLUMINA-075005_0053_FC:3:1:16575:1316#0,2L,21678572,unique,2L,21678572,yes
ILLUMINA-075005_0053_FC:3:1:17414:1317#0,3R,21626770,unique,3R,21626770,yes
ILLUMINA-075005_0053_FC:3:1:17715:1307#0,3R,27658784,unique,3R,27658784,yes
ILLUMINA-075005_0053_FC:3:1:19028:1315#0,3R,12355507,unique,3R,12355507,yes
ILLUMINA-075005_0053_FC:3:1:19162:1316#0,X,10781892,unique,X,10781892,yes
ILLUMINA-075005_0053_FC:3:1:19403:1311#0,3R,5624932,unique,3R,5624932,yes
ILLUMINA-075005_0053_FC:3:1:1281:1327#0,3R,5624998,unique,3R,5624998,yes
ILLUMINA-075005_0053_FC:3:1:1362:1325#0,X,1672726,unique,X,1672726,yes
ILLUMINA-075005_0053_FC:3:1:1529:1321#0,2R,22801493,unique,2R,22801493,yes
ILLUMINA-075005_0053_FC:3:1:1743:1323#0,2L,4480468,unique,2L,4480468,yes
ILLUMINA-075005_0053_FC:3:1:1811:1318#0,3L,16585963,unique,3L,16585963,yes
ILLUMINA-075005_0053_FC:3:1:2326:1327#0,2L,21679824,unique,2L,21679824,yes
ILLUMINA-075005_0053_FC:3:1:2587:1324#0,2L,13922233,unique,2L,13922233,yes
ILLUMINA-075005_0053_FC:3:1:2848:1324#0,X,1482211,unique,X,1482211,yes
ILLUMINA-075005_0053_FC:3:1:2968:1323#0,2R,11580290,unique,2R,11580290,yes
ILLUMINA-075005_0053_FC:3:1:3369:1325#0,3L,1566962,unique,3L,1566962,yes
ILLUMINA-075005_0053_FC:3:1:3835:1325#0,3R,25258568,unique,3R,25258568,yes
ILLUMINA-075005_0053_FC:3:1:4110:1321#0,2R,12414948,unique,2R,12414948,yes
ILLUMINA-075005_0053_FC:3:1:4273:1324#0,X,13593675,unique,X,13593675,yes
ILLUMINA-075005_0053_FC:3:1:4299:1320#0,3L,5562734,unique,3L,5562734,yes
ILLUMINA-075005_0053_FC:3:1:4417:1322#0,4,1033710,unique,4,1033710,yes
ILLUMINA-075005_0053_FC:3:1:4502:1321#0,3L,8327165,unique,3L,8327165,yes
ILLUMINA-075005_0053_FC:3:1:4541:1328#0,3R,13209088,unique,3R,13209088,yes
ILLUMINA-075005_0053_FC:3:1:4608:1327#0,2L,13945287,unique,2L,13945287,yes
ILLUMINA-075005_0053_FC:3:1:5103:1326#0,2R,24085182,unique,2R,24085182,yes
ILLUMINA-075005_0053_FC:3:1:5979:1319#0,3L,21705410,unique,3L,21705410,yes
ILLUMINA-075005_0053_FC:3:1:6239:1321#0,3R,15245045,unique,3R,15245045,yes
ILLUMINA-075005_0053_FC:3:1:6555:1319#0,3R,24326253,unique,3R,24326253,yes
ILLUMINA-075005_0053_FC:3:1:7115:1320#0,2R,22800709,unique,2R,22800709,yes
ILLUMINA-075005_0053_FC:3:1:7553:1326#0,3R,22029230,unique,3R,22029230,yes
ILLUMINA-075005_0053_FC:3:1:7654:1328#0,2R,18145192,unique,2R,18145192,yes
ILLUMINA-075005_0053_FC:3:1:7723:1318#0,X,9967426,unique,X,9967426,yes
ILLUMINA-075005_0053_FC:3:1:8462:1324#0,2R,8591864,unique,2R,8591864,yes
ILLUMINA-075005_0053_FC:3:1:8626:1317#0,X,5673240,unique,X,5673240,yes
ILLUMINA-075005_0053_FC:3:1:8792:1318#0,3L,10885717,unique,3L,10885717,yes
ILLUMINA-075005_0053_FC:3:1:9102:1323#0,2L,8363954,unique,2L,8363954,yes
ILLUMINA-075005_0053_FC:3:1:9178:1319#0,3L,11121895,unique,3L,11121895,yes
ILLUMINA-075005_0053_FC:3:1:9567:1325#0,2L,11003087,unique,2L,11003087,yes
ILLUMINA-075005_0053_FC:3:1:9793:1325#0,2R,19443430,unique,2R,19443430,yes
ILLUMINA-075005_0053_FC:3:1:10608:1320#0,2L,13922101,unique,2L,13922101,yes
ILLUMINA-075005_0053_FC:3:1:10678:1327#0,X,8069133,unique,X,8069133,yes
ILLUMINA-075005_0053_FC:3:1:11061:1320#0,2R,17408530,unique,2R,17408530,yes
ILLUMINA-075005_0053_FC:3:1:11846:1324#0,3R,27918073,unique,3R,27918073,yes
ILLUMINA-075005_0053_FC:3:1:11887:1325#0,2R,21012977,unique,2R,21012977,yes
ILLUMINA-075005_0053_FC:3:1:12449:1318#0,3R,7088262,unique,3R,7088262,yes
ILLUMINA-075005_0053_FC:3:1:12688:1328#0,3L,3177392,unique,3L,3177392,yes
ILLUMINA-075005_0053_FC:3:1:12881:1321#0,2L,13922215,unique,2L,13922215,yes
ILLUMINA-075005_0053_FC:3:1:14083:1320#0,2L,13945665,unique,2L,13945665,yes
ILLUMINA-075005_0053_FC:3:1:14361:1318#0,2R,6695993,unique,2R,6695993,yes
ILLUMINA-075005_0053_FC:3:1:15166:1318#0,3R,25246283,unique,3R,25246283,yes
ILLUMINA-075005_0053_FC:3:1:15233:1322#0,3L,17475474,unique,3L,17475474,yes
ILLUMINA-075005_0053_FC:3:1:15304:1329#0,2L,13945823,unique,2L,13945823,yes
ILLUMINA-075005_0053_FC:3:1:15348:1328#0,3R,31217841,unique,3R,31217841,yes
ILLUMINA-075005_0053_FC:3:1:16266:1323#0,X,3853667,unique,X,3853667,yes
ILLUMINA-075005_0053_FC:3:1:16411:1319#0,3R,31745239,unique,3R,31745239,yes
ILLUMINA-075005_0053_FC:3:1:16693:1326#0,2L,4479849,unique,2L,4479849,yes
ILLUMINA-075005_0053_FC:3:1:16877:1325#0,2R,22640605,unique,2R,22640605,yes
ILLUMINA-075005_0053_FC:3:1:17194:1326#0,2L,6977913,unique,2L,6977913,yes
ILLUMINA-075005_0053_FC:3:1:17295:1321#0,3R,22026759,unique,3R,22026759,yes
ILLUMINA-075005_0053_FC:3:1:17633:1327#0,2L,21171976,unique,2L,21171976,yes
ILLUMINA-075005_0053_FC:3:1:17659:1329#0,3R,30172913,unique,3R,30172913,yes
ILLUMINA-075005_0053_FC:3:1:18200:1320#0,2R,15544949,unique,2R,15544949,yes
ILLUMINA-075005_0053_FC:3:1:18492:1319#0,2L,22536139,unique,2L,22536139,yes
ILLUMINA-075005_0053_FC:3:1:18888:1324#0,3L,8326901,unique,3L,8326901,yes
ILLUMINA-075005_0053_FC:3:1:19415:1323#0,3L,12528327,unique,3L,12528327,yes
ILLUMINA-075005_0053_FC:3:1:19550:1322#0,X,6360600,unique,X,6360600,yes
ILLUMINA-075005_0053_FC:3:1:1045:1339#0,2R,7823281,unique,2R,7823281,yes
ILLUMINA-075005_0053_FC:3:1:1914:1338#0,2L,8430686,unique,2L,8430686,yes
ILLUMINA-075005_0053_FC:3:1:2087:1335#0,2L,8161884,unique,2L,8161884,yes
ILLUMINA-075005_0053_FC:3:1:2108:1337#0,X,13596615,unique,X,13596615,yes
ILLUMINA-075005_0053_FC:3:1:2569:1340#0,3L,1667578,unique,3L,1667578,yes
ILLUMINA-075005_0053_FC:3:1:2795:1337#0,2R,12871139,unique,2R,12871139,yes
ILLUMINA-075005_0053_FC:3:1:3170:1340#0,3R,24660207,unique,3R,24660207,yes
ILLUMINA-075005_0053_FC:3:1:3222:1334#0,3R,18165806,unique,3R,18165806,yes
ILLUMINA-075005_0053_FC:3:1:3556:1339#0,3R,29729663,unique,3R,29729663,yes
ILLUMINA-075005_0053_FC:3:1:3590:1330#0,3R,27050286,unique,3R,27050286,yes
ILLUMINA-075005_0053_FC:3:1:4235:1337#0,3L,8327893,unique,3L,8327893,yes
ILLUMINA-075005_0053_FC:3:1:4627:1336#0,3L,19811680,unique,3L,19811680,yes
ILLUMINA-075005_0053_FC:3:1:4719:1335#0,3L,13024522,unique,3L,13024522,yes
ILLUMINA-075005_0053_FC:3:1:4880:1336#0,2L,562228,unique,2L,562228,yes
ILLUMINA-075005_0053_FC:3:1:5052:1331#0,3R,8777475,unique,3R,8777475,yes
ILLUMINA-075005_0053_FC:3:1:5951:1339#0,3R,31216905,unique,3R,31216905,yes
ILLUMINA-075005_0053_FC:3:1:6123:1332#0,3L,5569204,unique,3L,5569204,yes
ILLUMINA-075005_0053_FC:3:1:6693:1336#0,2L,10409913,unique,2L,10409913,yes
ILLUMINA-075005_0053_FC:3:1:7277:1331#0,X,17923648,unique,X,17923648,yes
ILLUMINA-075005_0053_FC:3:1:7429:1338#0,2L,8042461,unique,2L,8042461,yes
ILLUMINA-075005_0053_FC:3:1:7678:1336#0,3L,1791355,unique,3L,1791355,yes
ILLUMINA-075005_0053_FC:3:1:7818:1332#0,X,624890,unique,X,624890,yes
ILLUMINA-075005_0053_FC:3:1:8263:1338#0,3R,15278148,unique,3R,15278148,yes
ILLUMINA-075005_0053_FC:3:1:8480:1337#0,2R,8591864,unique,2R,8591864,yes
ILLUMINA-075005_0053_FC:3:1:8655:1332#0,2L,13370354,unique,2L,13370354,yes
ILLUMINA-075005_0053_FC:3:1:8675:1330#0,3R,31763423,unique,3R,31763423,yes
ILLUMINA-075005_0053_FC:3:1:8917:1334#0,2L,6046782,unique,2L,6046782,yes
ILLUMINA-075005_0053_FC:3:1:9293:1332#0,2R,16014337,unique,2R,16014337,yes
ILLUMINA-075005_0053_FC:3:1:9847:1335#0,2R,9396740,unique,2R,9396740,yes
ILLUMINA-075005_0053_FC:3:1:9895:1338#0,2R,23707333,unique,2R,23707333,yes
ILLUMINA-075005_0053_FC:3:1:10325:1339#0,3R,30172940,unique,3R,30172940,yes
ILLUMINA-075005_0053_FC:3:1:10423:1340#0,3L,11823699,unique,3L,11823699,yes
ILLUMINA-075005_0053_FC:3:1:10618:1338#0,3R,15441729,unique,3R,15441729,yes
ILLUMINA-075005_0053_FC:3:1:11093:1331#0,3R,20823139,unique,3R,20823139,yes
ILLUMINA-075005_0053_FC:3:1:11148:1338#0,X,628554,unique,X,628554,yes
ILLUMINA-075005_0053_FC:3:1:11294:1330#0,3R,27050425,unique,3R,27050425,yes
ILLUMINA-075005_0053_FC:3:1:11316:1333#0,3R,18247800,unique,3R,18247800,yes
ILLUMINA-075005_0053_FC:3:1:11511:1341#0,2L,561419,unique,2L,561419,yes
ILLUMINA-075005_0053_FC:3:1:11587:1332#0,3L,13016726,unique,3L,13016726,yes
ILLUMINA-075005_0053_FC:3:1:12374:1339#0,2L,16785366,unique,2L,16785366,yes
ILLUMINA-075005_0053_FC:3:1:12414:1340#0,X,5673054,unique,X,5673054,yes
ILLUMINA-075005_0053_FC:3:1:12613:1330#0,X,18796100,unique,X,18796100,yes
ILLUMINA-075005_0053_FC:3:1:13035:1339#0,3L,9050221,unique,3L,9050221,yes
ILLUMINA-075005_0053_FC:3:1:13123:1341#0,2L,5531241,unique,2L,5531241,yes
ILLUMINA-075005_0053_FC:3:1:13752:1338#0,3R,20626305,unique,3R,20626305,yes
ILLUMINA-075005_0053_FC:3:1:14478:1340#0,3R,4380898,unique,3R,4380898,yes
ILLUMINA-075005_0053_FC:3:1:14826:1332#0,3R,15441151,unique,3R,15441151,yes
ILLUMINA-075005_0053_FC:3:1:14907:1336#0,2L,6061697,unique,2L,6061697,yes
ILLUMINA-075005_0053_FC:3:1:14996:1340#0,2R,16133001,unique,2R,16133001,yes
ILLUMINA-075005_0053_FC:3:1:15395:1339#0,2L,13922137,unique,2L,13922137,yes
ILLUMINA-075005_0053_FC:3:1:16011:1335#0,2R,22927017,unique,2R,22927017,yes
ILLUMINA-075005_0053_FC:3:1:16396:1336#0,2L,4228416,unique,2L,4228416,yes
ILLUMINA-075005_0053_FC:3:1:16507:1341#0,2R,19443353,unique,2R,19443353,yes
ILLUMINA-075005_0053_FC:3:1:16535:1335#0,3L,17425992,unique,3L,17425992,yes
ILLUMINA-075005_0053_FC:3:1:16844:1330#0,X,19698585,unique,X,19698585,yes
ILLUMINA-075005_0053_FC:3:1:17817:1336#0,X,6741844,unique,X,6741844,yes
ILLUMINA-075005_0053_FC:3:1:18014:1333#0,3L,17475676,unique,3L,17475676,yes
ILLUMINA-075005_0053_FC:3:1:18277:1333#0,3R,7088117,unique,3R,7088117,yes
ILLUMINA-075005_0053_FC:3:1:18300:1340#0,2R,24971089,unique,2R,24971089,yes
ILLUMINA-075005_0053_FC:3:1:18349:1338#0,2L,13921681,unique,2L,13921681,yes
ILLUMINA-075005_0053_FC:3:1:19272:1339#0,3R,27588051,unique,3R,27588051,yes
ILLUMINA-075005_0053_FC:3:1:19468:1330#0,3R,9679268,unique,3R,9679268,yes
ILLUMINA-075005_0053_FC:3:1:19675:1331#0,2R,17408297,unique,2R,17408297,yes
ILLUMINA-075005_0053_FC:3:1:19715:1332#0,3L,9049441,unique,3L,9049441,yes
ILLUMINA-075005_0053_FC:3:1:1219:1352#0,2R,13958676,unique,2R,13958676,yes
ILLUMINA-075005_0053_FC:3:1:1237:1347#0,3R,5625047,unique,3R,5625047,yes
ILLUMINA-075005_0053_FC:3:1:2018:1343#0,2R,23071039,unique,2R,23071039,yes
ILLUMINA-075005_0053_FC:3:1:2360:1341#0,3R,5400764,unique,3R,5400764,yes
ILLUMINA-075005_0053_FC:3:1:2751:1343#0,2L,10847358,unique,2L,10847358,yes
ILLUMINA-075005_0053_FC:3:1:2953:1345#0,2L,7744024,unique,2L,7744024,yes
ILLUMINA-075005_0053_FC:3:1:3696:1345#0,3L,7144789,unique,3L,7144789,yes
ILLUMINA-075005_0053_FC:3:1:4204:1351#0,3L,7240667,unique,3L,7240667,yes
ILLUMINA-075005_0053_FC:3:1:4705:1352#0,2L,18660550,unique,2L,18660550,yes
ILLUMINA-075005_0053_FC:3:1:5810:1352#0,3L,20800001,unique,3L,20800001,yes
ILLUMINA-075005_0053_FC:3:1:5835:1350#0,2L,10234122,unique,2L,10234122,yes
ILLUMINA-075005_0053_FC:3:1:6081:1347#0,2R,17408255,unique,2R,17408255,yes
ILLUMINA-075005_0053_FC:3:1:6349:1351#0,2L,6927115,unique,2L,6927115,yes
ILLUMINA-075005_0053_FC:3:1:6457:1342#0,X,6677378,unique,X,6677378,yes
ILLUMINA-075005_0053_FC:3:1:6747:1346#0,3L,14870688,unique,3L,14870688,yes
ILLUMINA-075005_0053_FC:3:1:8133:1345#0,2R,18417695,unique,2R,18417695,yes
ILLUMINA-075005_0053_FC:3:1:8376:1350#0,2L,22536139,unique,2L,22536139,yes
ILLUMINA-075005_0053_FC:3:1:8754:1341#0,3R,9400405,unique,3R,9400405,yes
ILLUMINA-075005_0053_FC:3:1:8881:1352#0,3L,2588768,unique,3L,2588768,yes
ILLUMINA-075005_0053_FC:3:1:8991:1349#0,2R,17094077,unique,2R,17094077,yes
ILLUMINA-075005_0053_FC:3:1:9536:1341#0,2L,13933126,unique,2L,13933126,yes
ILLUMINA-075005_0053_FC:3:1:10065:1345#0,3R,16339535,unique,3R,16339535,yes
ILLUMINA-075005_0053_FC:3:1:10160:1351#0,2R,10306216,unique,2R,10306216,yes
ILLUMINA-075005_0053_FC:3:1:10396:1351#0,2R,23548546,unique,2R,23548546,yes
ILLUMINA-075005_0053_FC:3:1:11234:1346#0,2L,18832974,unique,2L,18832974,yes
ILLUMINA-075005_0053_FC:3:1:11682:1351#0,2R,10304726,unique,2R,10304726,yes
ILLUMINA-075005_0053_FC:3:1:11734:1344#0,3R,7088594,unique,3R,7088594,yes
ILLUMINA-075005_0053_FC:3:1:12038:1346#0,2L,8363947,unique,2L,8363947,yes
ILLUMINA-075005_0053_FC:3:1:12928:1345#0,3L,9049653,unique,3L,9049653,yes
ILLUMINA-075005_0053_FC:3:1:13097:1350#0,2L,4228318,unique,2L,4228318,yes
ILLUMINA-075005_0053_FC:3:1:13688:1343#0,3R,15244412,unique,3R,15244412,yes
ILLUMINA-075005_0053_FC:3:1:13974:1347#0,dmel_mitochondrion_genome,5103,multi,,,no
ILLUMINA-075005_0053_FC:3:1:14058:1341#0,3R,31742597,unique,3R,31742597,yes
ILLUMINA-075005_0053_FC:3:1:14259:1344#0,2R,17409143,unique,2R,17409143,yes
ILLUMINA-075005_0053_FC:3:1:14439:1348#0,3R,26053029,unique,3R,26053029,yes
ILLUMINA-075005_0053_FC:3:1:14558:1343#0,3R,30172725,unique,3R,30172725,yes
ILLUMINA-075005_0053_FC:3:1:15032:1351#0,3R,8942007,unique,3R,8942007,yes
ILLUMINA-075005_0053_FC:3:1:15509:1346#0,2L,13272944,unique,2L,13272944,yes
ILLUMINA-075005_0053_FC:3:1:15732:1351#0,3R,6458648,unique,3R,6458648,yes
ILLUMINA-075005_0053_FC:3:1:15882:1350#0,3R,30172917,unique,3R,30172917,yes
ILLUMINA-075005_0053_FC:3:1:16373:1346#0,2R,18144749,unique,2R,18144749,yes
ILLUMINA-075005_0053_FC:3:1:16684:1353#0,3R,29201226,unique,3R,29201226,yes
ILLUMINA-075005_0053_FC:3:1:16823:1350#0,2R,12921161,unique,2R,12921161,yes
ILLUMINA-075005_0053_FC:3:1:17360:1349#0,2R,24903488,unique,2R,24903488,yes
ILLUMINA-075005_0053_FC:3:1:17548:1346#0,3L,2372689,unique,3L,2372689,yes
ILLUMINA-075005_0053_FC:3:1:17956:1346#0,3R,22487922,unique,3R,22487922,yes
ILLUMINA-075005_0053_FC:3:1:18051:1351#0,X,4370238,unique,X,4370238,yes
ILLUMINA-075005_0053_FC:3:1:18380:1351#0,2R,7017192,unique,2R,7017192,yes
ILLUMINA-075005_0053_FC:3:1:18891:1352#0,3R,30173070,unique,3R,30173070,yes
ILLUMINA-075005_0053_FC:3:1:18977:1351#0,X,764473,unique,X,764473,yes
ILLUMINA-075005_0053_FC:3:1:19304:1349#0,X,11111213,unique,X,11111213,yes
ILLUMINA-075005_0053_FC:3:1:19500:1350#0,3R,26044454,unique,3R,26044454,yes
ILLUMINA-075005_0053_FC:3:1:1869:1364#0,3R,31742722,unique,3R,31742722,yes
ILLUMINA-075005_0053_FC:3:1:1977:1360#0,2R,24903490,unique,2R,24903490,yes
ILLUMINA-075005_0053_FC:3:1:2587:1357#0,2L,9896977,unique,2L,9896977,yes
ILLUMINA-075005_0053_FC:3:1:2870:1353#0,3R,8783060,unique,3R,8783060,yes
ILLUMINA-075005_0053_FC:3:1:3769:1355#0,2R,17408744,unique,2R,17408744,yes
ILLUMINA-075005_0053_FC:3:1:4378:1356#0,2R,22800615,unique,2R,22800615,yes
ILLUMINA-075005_0053_FC:3:1:4513:1364#0,211000022279222,106,multi,,,no
ILLUMINA-075005_0053_FC:3:1:4585:1359#0,X,11112152,unique,X,11112152,yes
ILLUMINA-075005_0053_FC:3:1:4649:1359#0,X,16286740,unique,X,16286740,yes
ILLUMINA-075005_0053_FC:3:1:4843:1354#0,3R,29220938,unique,3R,29220938,yes
ILLUMINA-075005_0053_FC:3:1:4870:1361#0,3R,25684081,unique,3R,25684081,yes
ILLUMINA-075005_0053_FC:3:1:5109:1362#0,3L,19536991,unique,3L,19536991,yes
ILLUMINA-075005_0053_FC:3:1:5460:1357#0,2L,13933354,unique,2L,13933354,yes
ILLUMINA-075005_0053_FC:3:1:5530:1353#0,3L,1667571,unique,3L,1667571,yes
ILLUMINA-075005_0053_FC:3:1:6403:1364#0,3R,20578609,unique,3R,20578609,yes
ILLUMINA-075005_0053_FC:3:1:6688:1357#0,3L,19097004,unique,3L,19097004,yes
ILLUMINA-075005_0053_FC:3:1:6887:1356#0,3R,15441388,unique,3R,15441388,yes
ILLUMINA-075005_0053_FC:3:1:7003:1364#0,3R,27050460,unique,3R,27050460,yes
ILLUMINA-075005_0053_FC:3:1:7226:1357#0,X,4648580,unique,X,4648580,yes
ILLUMINA-075005_0053_FC:3:1:7358:1358#0,3R,14327541,unmapped,,,no
ILLUMINA-075005_0053_FC:3:1:8345:1355#0,3L,4207760,unique,3L,4207760,yes
ILLUMINA-075005_0053_FC:3:1:8814:1361#0,2R,17572334,unique,2R,17572334,yes
ILLUMINA-075005_0053_FC:3:1:9321:1356#0,2L,21171958,unique,2L,21171958,yes
ILLUMINA-075005_0053_FC:3:1:9359:1356#0,3L,1331339,unique,3L,1331339,yes
ILLUMINA-075005_0053_FC:3:1:9869:1358#0,3R,9432115,unique,3R,9432115,yes
ILLUMINA-075005_0053_FC:3:1:9925:1363#0,3L,21986815,unique,3L,21986815,yes
ILLUMINA-075005_0053_FC:3:1:10217:1359#0,2R,13508268,unique,2R,13508268,yes
ILLUMINA-075005_0053_FC:3:1:11055:1363#0,2R,8164133,unique,2R,8164133,yes
ILLUMINA-075005_0053_FC:3:1:11108:1361#0,3R,31217812,unique,3R,31217812,yes
ILLUMINA-075005_0053_FC:3:1:11475:1355#0,3L,2588719,unique,3L,2588719,yes
ILLUMINA-075005_0053_FC:3:1:11933:1357#0,X,15762588,unique,X,15762588,yes
ILLUMINA-075005_0053_FC:3:1:11983:1360#0,X,18105917,unique,X,18105917,yes
ILLUMINA-075005_0053_FC:3:1:13016:1359#0,3R,30173659,unique,3R,30173659,yes
ILLUMINA-075005_0053_FC:3:1:13746:1360#0,X,1481837,unique,X,1481837,yes
ILLUMINA-075005_0053_FC:3:1:14154:1360#0,3R,9011428,unique,3R,9011428,yes
ILLUMINA-075005_0053_FC:3:1:14552:1360#0,3R,30172725,unique,3R,30172725,yes
ILLUMINA-075005_0053_FC:3:1:14635:1358#0,3L,21985707,multi,,,no
ILLUMINA-075005_0053_FC:3:1:14827:1355#0,2R,17094551,unique,2R,17094551,yes
ILLUMINA-075005_0053_FC:3:1:15013:1357#0,3R,8942007,unique,3R,8942007,yes
ILLUMINA-075005_0053_FC:3:1:15373:1354#0,2L,13922708,unique,2L,13922708,yes
ILLUMINA-075005_0053_FC:3:1:15685:1358#0,X,19598937,unique,X,19598937,yes
ILLUMINA-075005_0053_FC:3:1:15774:1358#0,3R,11752884,unique,3R,11752884,yes
ILLUMINA-075005_0053_FC:3:1:16924:1353#0,2R,24903431,unique,2R,24903431,yes
ILLUMINA-075005_0053_FC:3:1:17337:1357#0,3L,21632322,unique,3L,21632322,yes
ILLUMINA-075005_0053_FC:3:1:17419:1356#0,3L,5568141,unique,3L,5568141,yes
ILLUMINA-075005_0053_FC:3:1:17533:1364#0,3R,30171553,unique,3R,30171553,yes
ILLUMINA-075005_0053_FC:3:1:17656:1359#0,3R,31217788,unique,3R,31217788,yes
ILLUMINA-075005_0053_FC:3:1:17838:1354#0,2R,23385917,unique,2R,23385917,yes
ILLUMINA-075005_0053_FC:3:1:17933:1363#0,3R,31216472,unique,3R,31216472,yes
ILLUMINA-075005_0053_FC:3:1:18098:1360#0,dmel_mitochondrion_genome,1987,unique,dmel_mitochondrion_genome,1987,yes
ILLUMINA-075005_0053_FC:3:1:19219:1356#0,3R,31742697,unique,3R,31742697,yes
ILLUMINA-075005_0053_FC:3:1:19533:1360#0,2R,24903503,unique,2R,24903503,yes
ILLUMINA-075005_0053_FC:3:1:19552:1362#0,3R,15306926,unique,3R,15306926,yes
ILLUMINA-075005_0053_FC:3:1:1634:1368#0,2L,18442742,unique,2L,18442742,yes
ILLUMINA-075005_0053_FC:3:1:2497:1366#0,2L,21679086,unique,2L,21679086,yes
ILLUMINA-075005_0053_FC:3:1:2786:1371#0,2R,24058570,unique,2R,24058570,yes
ILLUMINA-075005_0053_FC:3:1:3027:1374#0,2R,14215600,unique,2R,14215600,yes
ILLUMINA-075005_0053_FC:3:1:3072:1376#0,3R,23359390,unique,3R,23359390,yes
ILLUMINA-075005_0053_FC:3:1:3136:1368#0,2R,17408863,unique,2R,17408863,yes
ILLUMINA-075005_0053_FC:3:1:3226:1365#0,3R,15441463,unique,3R,15441463,yes
ILLUMINA-075005_0053_FC:3:1:3427:1369#0,2L,900676,unique,2L,900676,yes
ILLUMINA-075005_0053_FC:3:1:3711:1367#0,2L,21679552,unique,2L,21679552,yes
ILLUMINA-075005_0053_FC:3:1:4561:1372#0,2L,561308,unique,2L,561308,yes
ILLUMINA-075005_0053_FC:3:1:4729:1374#0,X,9095688,unique,X,9095688,yes
ILLUMINA-075005_0053_FC:3:1:4823:1374#0,2R,24968499,unique,2R,24968499,yes
ILLUMINA-075005_0053_FC:3:1:4998:1373#0,3L,12137565,unique,3L,12137565,yes
ILLUMINA-075005_0053_FC:3:1:5059:1372#0,3L,3091929,unique,3L,3091929,yes
ILLUMINA-075005_0053_FC:3:1:5596:1375#0,2L,39368,unique,2L,39368,yes
ILLUMINA-075005_0053_FC:3:1:5807:1373#0,X,11111974,unique,X,11111974,yes
ILLUMINA-075005_0053_FC:3:1:6140:1374#0,3R,31216784,unique,3R,31216784,yes
ILLUMINA-075005_0053_FC:3:1:7162:1373#0,3L,16584839,unique,3L,16584839,yes
ILLUMINA-075005_0053_FC:3:1:7529:1373#0,X,4537356,unique,X,4537356,yes
ILLUMINA-075005_0053_FC:3:1:7623:1366#0,3L,1821823,unique,3L,1821823,yes
ILLUMINA-075005_0053_FC:3:1:8128:1368#0,2R,15956305,unique,2R,15956305,yes
ILLUMINA-075005_0053_FC:3:1:9181:1368#0,2L,1725305,unique,2L,1725305,yes
ILLUMINA-075005_0053_FC:3:1:9349:1375#0,2L,13945367,unique,2L,13945367,yes
ILLUMINA-075005_0053_FC:3:1:9710:1366#0,2L,1707510,unique,2L,1707510,yes
ILLUMINA-075005_0053_FC:3:1:9964:1365#0,3L,8326859,unique,3L,8326859,yes
ILLUMINA-075005_0053_FC:3:1:10011:1368#0,3L,21986046,unique,3L,21986046,yes
ILLUMINA-075005_0053_FC:3:1:10269:1374#0,2L,21172063,unique,2L,21172063,yes
ILLUMINA-075005_0053_FC:3:1:10344:1372#0,3L,2588522,unique,3L,2588522,yes
ILLUMINA-075005_0053_FC:3:1:10426:1374#0,2L,6062208,unique,2L,6062208,yes
ILLUMINA-075005_0053_FC:3:1:10499:1370#0,2R,12759886,unique,2R,12759886,yes
ILLUMINA-075005_0053_FC:3:1:11266:1371#0,3L,3158842,unique,3L,3158842,yes
ILLUMINA-075005_0053_FC:3:1:11320:1374#0,2R,22801744,unique,2R,22801744,yes
ILLUMINA-075005_0053_FC:3:1:11445:1368#0,2L,16328563,unique,2L,16328563,yes
ILLUMINA-075005_0053_FC:3:1:11631:1370#0,3R,31216355,unique,3R,31216355,yes
ILLUMINA-075005_0053_FC:3:1:11856:1374#0,211000022278876,243,multi,,,no
ILLUMINA-075005_0053_FC:3:1:13207:1373#0,2L,4331753,unique,2L,4331753,yes
ILLUMINA-075005_0053_FC:3:1:13586:1365#0,3R,31742573,unique,3R,31742573,yes
ILLUMINA-075005_0053_FC:3:1:13810:1375#0,3L,17475514,unique,3L,17475514,yes
ILLUMINA-075005_0053_FC:3:1:14393:1369#0,3L,9376967,unique,3L,9376967,yes
ILLUMINA-075005_0053_FC:3:1:14924:1375#0,3R,25339334,unique,3R,25339334,yes
ILLUMINA-075005_0053_FC:3:1:15215:1366#0,X,16387450,unique,X,16387450,yes
ILLUMINA-075005_0053_FC:3:1:15529:1365#0,2R,19443353,unique,2R,19443353,yes
ILLUMINA-075005_0053_FC:3:1:15583:1375#0,3L,7709567,unique,3L,7709567,yes
ILLUMINA-075005_0053_FC:3:1:15934:1366#0,3L,9050199,unique,3L,9050199,yes
ILLUMINA-075005_0053_FC:3:1:16120:1368#0,3R,31787264,unique,3R,31787264,yes
ILLUMINA-075005_0053_FC:3:1:16328:1369#0,X,15074251,unique,X,15074251,yes
ILLUMINA-075005_0053_FC:3:1:16360:1366#0,2R,17409876,unique,2R,17409876,yes
ILLUMINA-075005_0053_FC:3:1:16729:1370#0,3R,27657826,unique,3R,27657826,yes
ILLUMINA-075005_0053_FC:3:1:17260:1369#0,X,21048705,unique,X,21048705,yes
ILLUMINA-075005_0053_FC:3:1:17489:1368#0,3L,2122884,unique,3L,2122884,yes
ILLUMINA-075005_0053_FC:3:1:17773:1366#0,3L,9048866,unique,3L,9048866,yes
ILLUMINA-075005_0053_FC:3:1:17996:1366#0,2L,562360,unique,2L,562360,yes
ILLUMINA-075005_0053_FC:3:1:18345:1369#0,3R,31740816,unique,3R,31740816,yes
ILLUMINA-075005_0053_FC:3:1:18501:1365#0,2R,7792105,unique,2R,7792105,yes
ILLUMINA-075005_0053_FC:3:1:18725:1365#0,3L,3168058,unique,3L,3168058,yes
ILLUMINA-075005_0053_FC:3:1:18768:1373#0,dmel_mitochondrion_genome,2586,unique,dmel_mitochondrion_genome,2586,yes
ILLUMINA-075005_0053_FC:3:1:19295:1369#0,3R,29748185,unique,3R,29748185,yes
ILLUMINA-075005_0053_FC:3:1:19456:1368#0,X,17637751,unique,X,17637751,yes
ILLUMINA-075005_0053_FC:3:1:19514:1368#0,2R,9991504,unique,2R,9991504,yes
ILLUMINA-075005_0053_FC:3:1:1370:1379#0,2L,8379457,unique,2L,8379457,yes
ILLUMINA-075005_0053_FC:3:1:1407:1387#0,2R,17408632,unique,2R,17408632,yes
ILLUMINA-075005_0053_FC:3:1:1582:1386#0,2L,19959408,unique,2L,19959408,yes
ILLUMINA-075005_0053_FC:3:1:2374:1384#0,3R,18982392,unique,3R,18982392,yes
ILLUMINA-075005_0053_FC:3:1:2536:1378#0,X,7900209,unique,X,7900209,yes
ILLUMINA-075005_0053_FC:3:1:2663:1383#0,3R,15203243,unique,3R,15203243,yes
ILLUMINA-075005_0053_FC:3:1:2766:1381#0,2R,8872993,unique,2R,8872993,yes
ILLUMINA-075005_0053_FC:3:1:2967:1377#0,3R,15836354,unique,3R,15836354,yes
ILLUMINA-075005_0053_FC:3:1:3149:1381#0,X,7899919,unique,X,7899919,yes
ILLUMINA-075005_0053_FC:3:1:3377:1385#0,X,16318512,unique,X,16318512,yes
ILLUMINA-075005_0053_FC:3:1:3622:1387#0,2L,9903685,unique,2L,9903685,yes
ILLUMINA-075005_0053_FC:3:1:3952:1382#0,3L,2772559,unique,3L,2772559,yes
ILLUMINA-075005_0053_FC:3:1:4378:1378#0,2L,21678914,unique,2L,21678914,yes
ILLUMINA-075005_0053_FC:3:1:5433:1385#0,3R,15440639,unique,3R,15440639,yes
ILLUMINA-075005_0053_FC:3:1:5547:1379#0,3R,8674374,unique,3R,8674374,yes
ILLUMINA-075005_0053_FC:3:1:6368:1378#0,2R,22801744,unique,2R,22801744,yes
ILLUMINA-075005_0053_FC:3:1:6688:1381#0,3R,8346993,unique,3R,8346993,yes
ILLUMINA-075005_0053_FC:3:1:6843:1383#0,3R,30133849,unique,3R,30133849,yes
ILLUMINA-075005_0053_FC:3:1:7434:1382#0,3L,9428904,unique,3L,9428904,yes
ILLUMINA-075005_0053_FC:3:1:7843:1388#0,2L,13921123,unique,2L,13921123,yes
ILLUMINA-075005_0053_FC:3:1:8319:1385#0,3R,22028547,unique,3R,22028547,yes
ILLUMINA-075005_0053_FC:3:1:8452:1386#0,3R,8016717,unique,3R,8016717,yes
ILLUMINA-075005_0053_FC:3:1:8779:1387#0,2L,10847561,unique,2L,10847561,yes
ILLUMINA-075005_0053_FC:3:1:9457:1386#0,2R,12427111,unique,2R,12427111,yes
ILLUMINA-075005_0053_FC:3:1:9544:1383#0,2R,22801706,unique,2R,22801706,yes
ILLUMINA-075005_0053_FC:3:1:9603:1383#0,X,762568,unique,X,762568,yes
ILLUMINA-075005_0053_FC:3:1:9684:1377#0,2R,22855474,unique,2R,22855474,yes
ILLUMINA-075005_0053_FC:3:1:10362:1386#0,2L,1725588,unique,2L,1725588,yes
ILLUMINA-075005_0053_FC:3:1:10715:1377#0,2R,22931541,unique,2R,22931541,yes
ILLUMINA-075005_0053_FC:3:1:10788:1379#0,2R,6864660,unique,2R,6864660,yes
ILLUMINA-075005_0053_FC:3:1:10822:1378#0,3L,18899388,unique,3L,18899388,yes
ILLUMINA-075005_0053_FC:3:1:10979:1378#0,3R,27658476,unique,3R,27658476,yes
ILLUMINA-075005_0053_FC:3:1:11002:1385#0,3L,22076499,unique,3L,22076499,yes
ILLUMINA-075005_0053_FC:3:1:11563:1383#0,3R,27050882,unique,3R,27050882,yes
ILLUMINA-075005_0053_FC:3:1:11595:1378#0,2L,21678298,unique,2L,21678298,yes
ILLUMINA-075005_0053_FC:3:1:11940:1381#0,2L,6935133,unique,2L,6935133,yes
ILLUMINA-075005_0053_FC:3:1:12565:1385#0,2R,14215472,unique,2R,14215472,yes
ILLUMINA-075005_0053_FC:3:1:13111:1379#0,X,16387521,unique,X,16387521,yes
ILLUMINA-075005_0053_FC:3:1:13893:1381#0,X,10781062,unique,X,10781062,yes
ILLUMINA-075005_0053_FC:3:1:14115:1379#0,3L,17475661,unique,3L,17475661,yes
ILLUMINA-075005_0053_FC:3:1:14361:1381#0,3R,19897897,unique,3R,19897897,yes
ILLUMINA-075005_0053_FC:3:1:14581:1380#0,2L,16742828,unique,2L,16742828,yes
ILLUMINA-075005_0053_FC:3:1:14734:1386#0,2R,12414839,unique,2R,12414839,yes
ILLUMINA-075005_0053_FC:3:1:15377:1381#0,3R,10004824,unique,3R,10004824,yes
ILLUMINA-075005_0053_FC:3:1:15441:1382#0,2L,13922819,unique,2L,13922819,yes
ILLUMINA-075005_0053_FC:3:1:16029:1388#0,3L,9374631,unique,3L,9374631,yes
ILLUMINA-075005_0053_FC:3:1:16471:1387#0,2R,7393563,unique,2R,7393563,yes
ILLUMINA-075005_0053_FC:3:1:16642:1378#0,4,1032970,unique,4,1032970,yes
ILLUMINA-075005_0053_FC:3:1:16666:1382#0,3L,3221139,unique,3L,3221139,yes
ILLUMINA-075005_0053_FC:3:1:17373:1388#0,3R,27090229,unique,3R,27090229,yes
ILLUMINA-075005_0053_FC:3:1:17677:1379#0,2L,10975863,unique,2L,10975863,yes
ILLUMINA-075005_0053_FC:3:1:18208:1381#0,3R,25684257,unique,3R,25684257,yes
ILLUMINA-075005_0053_FC:3:1:18483:1388#0,2L,9896331,unique,2L,9896331,yes
ILLUMINA-075005_0053_FC:3:1:18506:1388#0,3R,7901818,unique,3R,7901818,yes
ILLUMINA-075005_0053_FC:3:1:18915:1382#0,3R,27924477,unique,3R,27924477,yes
ILLUMINA-075005_0053_FC:3:1:19232:1385#0,X,764639,unique,X,764639,yes
ILLUMINA-075005_0053_FC:3:1:19424:1387#0,2L,19959517,unique,2L,19959517,yes
ILLUMINA-075005_0053_FC:3:1:1267:1396#0,2L,5327835,unique,2L,5327835,yes
ILLUMINA-075005_0053_FC:3:1:1486:1396#0,X,7899624,unique,X,7899624,yes
ILLUMINA-075005_0053_FC:3:1:1598:1394#0,3R,27050208,unique,3R,27050208,yes
ILLUMINA-075005_0053_FC:3:1:1825:1395#0,3L,12192664,unique,3L,12192664,yes
ILLUMINA-075005_0053_FC:3:1:1988:1392#0,2R,17409890,unique,2R,17409890,yes
ILLUMINA-075005_0053_FC:3:1:2593:1388#0,3L,9049334,unique,3L,9049334,yes
ILLUMINA-075005_0053_FC:3:1:3534:1399#0,3R,9625492,unique,3R,9625492,yes
ILLUMINA-075005_0053_FC:3:1:4204:1396#0,X,6349946,unique,X,6349946,yes
ILLUMINA-075005_0053_FC:3:1:4552:1388#0,2L,9896310,unique,2L,9896310,yes
ILLUMINA-075005_0053_FC:3:1:5178:1398#0,2L,13923364,unique,2L,13923364,yes
ILLUMINA-075005_0053_FC:3:1:5729:1394#0,3R,14891176,unique,3R,14891176,yes
ILLUMINA-075005_0053_FC:3:1:6094:1394#0,3R,11976302,unique,3R,11976302,yes
ILLUMINA-075005_0053_FC:3:1:6129:1389#0,3R,31216784,unique,3R,31216784,yes
ILLUMINA-075005_0053_FC:3:1:6388:1390#0,3R,29863451,unique,3R,29863451,yes
ILLUMINA-075005_0053_FC:3:1:7015:1394#0,2R,8630824,unique,2R,8630824,yes
ILLUMINA-075005_0053_FC:3:1:7744:1388#0,3L,8187828,unique,3L,8187828,yes
ILLUMINA-075005_0053_FC:3:1:8094:1398#0,2R,10108089,unique,2R,10108089,yes
ILLUMINA-075005_0053_FC:3:1:8379:1393#0,3L,3158535,unique,3L,3158535,yes
ILLUMINA-075005_0053_FC:3:1:8741:1398#0,3R,30173627,unique,3R,30173627,yes
ILLUMINA-075005_0053_FC:3:1:9161:1391#0,3L,1841095,unique,3L,1841095,yes
ILLUMINA-075005_0053_FC:3:1:9298:1388#0,3L,8326201,unique,3L,8326201,yes
ILLUMINA-075005_0053_FC:3:1:9329:1391#0,3R,15347286,unique,3R,15347286,yes
ILLUMINA-075005_0053_FC:3:1:10176:1398#0,3R,20851049,unique,3R,20851049,yes
ILLUMINA-075005_0053_FC:3:1:10213:1395#0,2R,19545032,unique,2R,19545032,yes
ILLUMINA-075005_0053_FC:3:1:10265:1393#0,2L,21172063,unique,2L,21172063,yes
ILLUMINA-075005_0053_FC:3:1:10383:1391#0,X,17070191,unique,X,17070191,yes
ILLUMINA-075005_0053_FC:3:1:10492:1396#0,X,13593814,unique,X,13593814,yes
ILLUMINA-075005_0053_FC:3:1:10523:1396#0,2R,24599268,multi,,,no
ILLUMINA-075005_0053_FC:3:1:10727:1390#0,2R,22931541,unique,2R,22931541,yes
ILLUMINA-075005_0053_FC:3:1:10946:1392#0,3L,16584877,unique,3L,16584877,yes
ILLUMINA-075005_0053_FC:3:1:11075:1393#0,3L,18880279,unique,3L,18880279,yes
ILLUMINA-075005_0053_FC:3:1:11482:1394#0,2L,21170479,unique,2L,21170479,yes
ILLUMINA-075005_0053_FC:3:1:11503:1395#0,3L,19917296,unique,3L,19917296,yes
ILLUMINA-075005_0053_FC:3:1:11604:1398#0,2L,21678233,unique,2L,21678233,yes
ILLUMINA-075005_0053_FC:3:1:11779:1399#0,3L,13043785,unique,3L,13043785,yes
ILLUMINA-075005_0053_FC:3:1:12043:1388#0,2R,10066994,unique,2R,10066994,yes
ILLUMINA-075005_0053_FC:3:1:13189:1391#0,X,628407,unique,X,628407,yes
ILLUMINA-075005_0053_FC:3:1:13405:1393#0,2L,15064623,unique,2L,15064623,yes
ILLUMINA-075005_0053_FC:3:1:13422:1399#0,2R,21025442,unique,2R,21025442,yes
ILLUMINA-075005_0053_FC:3:1:13580:1398#0,3L,8326276,unique,3L,8326276,yes
ILLUMINA-075005_0053_FC:3:1:13622:1394#0,3L,21985655,unique,3L,21985655,yes
ILLUMINA-075005_0053_FC:3:1:14190:1398#0,2L,21170946,unique,2L,21170946,yes
ILLUMINA-075005_0053_FC:3:1:15034:1399#0,2R,6732521,unique,2R,6732521,yes
ILLUMINA-075005_0053_FC:3:1:15189:1391#0,3R,13981601,unique,3R,13981601,yes
ILLUMINA-075005_0053_FC:3:1:15466:1395#0,3R,5401678,unique,3R,5401678,yes
ILLUMINA-075005_0053_FC:3:1:16090:1391#0,3L,21029715,unique,3L,21029715,yes
ILLUMINA-075005_0053_FC:3:1:16263:1391#0,3L,20496844,unique,3L,20496844,yes
ILLUMINA-075005_0053_FC:3:1:17269:1389#0,X,16286867,unique,X,16286867,yes
ILLUMINA-075005_0053_FC:3:1:17444:1390#0,X,17632649,unique,X,17632649,yes
ILLUMINA-075005_0053_FC:3:1:17692:1393#0,3R,29685940,unique,3R,29685940,yes
ILLUMINA-075005_0053_FC:3:1:17721:1396#0,3R,17783615,unique,3R,17783615,yes
ILLUMINA-075005_0053_FC:3:1:17802:1397#0,3R,17545335,unique,3R,17545335,yes
ILLUMINA-075005_0053_FC:3:1:18306:1391#0,dmel_mitochondrion_genome,2769,unique,dmel_mitochondrion_genome,2769,yes
ILLUMINA-075005_0053_FC:3:1:18529:1394#0,4,1033127,unique,4,1033127,yes
ILLUMINA-075005_0053_FC:3:1:18836:1392#0,2R,15999820,unique,2R,15999820,yes
ILLUMINA-075005_0053_FC:3:1:19409:1395#0,2L,19959517,unique,2L,19959517,yes
ILLUMINA-075005_0053_FC:3:1:1127:1407#0,3R,7088145,unique,3R,7088145,yes
ILLUMINA-075005_0053_FC:3:1:2413:1408#0,3L,3194839,unique,3L,3194839,yes
ILLUMINA-075005_0053_FC:3:1:2916:1403#0,X,13593728,unique,X,13593728,yes
ILLUMINA-075005_0053_FC:3:1:3032:1406#0,2L,16788034,unique,2L,16788034,yes
ILLUMINA-075005_0053_FC:3:1:3628:1411#0,2R,16586478,unique,2R,16586478,yes
ILLUMINA-075005_0053_FC:3:1:4149:1407#0,3R,27049493,unique,3R,27049493,yes
ILLUMINA-075005_0053_FC:3:1:4793:1409#0,X,13814471,unique,X,13814471,yes
ILLUMINA-075005_0053_FC:3:1:4972:1403#0,2R,22607908,unique,2R,22607908,yes
ILLUMINA-075005_0053_FC:3:1:5688:1410#0,X,15787894,unique,X,15787894,yes
ILLUMINA-075005_0053_FC:3:1:5976:1408#0,2L,13923361,unique,2L,13923361,yes
ILLUMINA-075005_0053_FC:3:1:6516:1401#0,3R,30173696,unique,3R,30173696,yes
ILLUMINA-075005_0053_FC:3:1:6804:1402#0,2L,15037233,unique,2L,15037233,yes
ILLUMINA-075005_0053_FC:3:1:6848:1402#0,X,18423647,unique,X,18423647,yes
ILLUMINA-075005_0053_FC:3:1:7225:1402#0,2L,10222000,unique,2L,10222000,yes
ILLUMINA-075005_0053_FC:3:1:7243:1407#0,3R,22376526,unique,3R,22376526,yes
ILLUMINA-075005_0053_FC:3:1:7289:1408#0,2R,24968520,unique,2R,24968520,yes
ILLUMINA-075005_0053_FC:3:1:7509:1402#0,3L,11824061,unique,3L,11824061,yes
ILLUMINA-075005_0053_FC:3:1:8126:1410#0,2R,8591622,unique,2R,8591622,yes
ILLUMINA-075005_0053_FC:3:1:8260:1408#0,3L,9365076,unique,3L,9365076,yes
ILLUMINA-075005_0053_FC:3:1:8284:1410#0,3R,10780605,unique,3R,10780605,yes
ILLUMINA-075005_0053_FC:3:1:8629:1403#0,2R,8591811,unique,2R,8591811,yes
ILLUMINA-075005_0053_FC:3:1:9155:1409#0,3L,9869101,unique,3L,9869101,yes
ILLUMINA-075005_0053_FC:3:1:9384:1403#0,2R,18821192,unique,2R,18821192,yes
ILLUMINA-075005_0053_FC:3:1:9845:1410#0,2L,9896300,unique,2L,9896300,yes
ILLUMINA-075005_0053_FC:3:1:10570:1405#0,2L,18442514,unique,2L,18442514,yes
ILLUMINA-075005_0053_FC:3:1:10727:1410#0,2L,13394356,unique,2L,13394356,yes
ILLUMINA-075005_0053_FC:3:1:11220:1401#0,3R,18226782,unique,3R,18226782,yes
ILLUMINA-075005_0053_FC:3:1:12000:1403#0,3L,13024682,unique,3L,13024682,yes
ILLUMINA-075005_0053_FC:3:1:12424:1411#0,2L,13922805,unique,2L,13922805,yes
ILLUMINA-075005_0053_FC:3:1:12447:1401#0,3L,21985714,multi,,,no
ILLUMINA-075005_0053_FC:3:1:12560:1406#0,2R,10287121,unique,2R,10287121,yes
ILLUMINA-075005_0053_FC:3:1:12760:1408#0,3L,5361910,unique,3L,5361910,yes
ILLUMINA-075005_0053_FC:3:1:12884:1405#0,3R,15441716,unique,3R,15441716,yes
ILLUMINA-075005_0053_FC:3:1:12985:1410#0,X,5978845,unique,X,5978845,yes
ILLUMINA-075005_0053_FC:3:1:13030:1408#0,2L,10201851,unique,2L,10201851,yes
ILLUMINA-075005_0053_FC:3:1:13099:1403#0,2L,18442949,unique,2L,18442949,yes
ILLUMINA-075005_0053_FC:3:1:13324:1405#0,4,1034395,unique,4,1034395,yes
ILLUMINA-075005_0053_FC:3:1:13840:1401#0,2L,9896307,unique,2L,9896307,yes
ILLUMINA-075005_0053_FC:3:1:14118:1404#0,3L,8327393,unique,3L,8327393,yes
ILLUMINA-075005_0053_FC:3:1:14225:1401#0,3L,3816997,unique,3L,3816997,yes
ILLUMINA-075005_0053_FC:3:1:14802:1402#0,2R,18538181,unique,2R,18538181,yes
ILLUMINA-075005_0053_FC:3:1:14895:1405#0,3L,21987110,unique,3L,21987110,yes
ILLUMINA-075005_0053_FC:3:1:14971:1400#0,3R,30208219,unique,3R,30208219,yes
ILLUMINA-075005_0053_FC:3:1:15088:1405#0,3L,16599999,multi,,,no
ILLUMINA-075005_0053_FC:3:1:15189:1409#0,2R,17408753,unique,2R,17408753,yes
ILLUMINA-075005_0053_FC:3:1:15526:1411#0,2L,4797310,unique,2L,4797310,yes
ILLUMINA-075005_0053_FC:3:1:15575:1411#0,X,19598473,unique,X,19598473,yes
ILLUMINA-075005_0053_FC:3:1:15712:1403#0,2R,7792906,unique,2R,7792906,yes
ILLUMINA-075005_0053_FC:3:1:15810:1403#0,3R,30172917,unique,3R,30172917,yes
ILLUMINA-075005_0053_FC:3:1:15888:1403#0,X,7934492,unique,X,7934492,yes
ILLUMINA-075005_0053_FC:3:1:16479:1404#0,2R,23974059,unique,2R,23974059,yes
ILLUMINA-075005_0053_FC:3:1:16594:1408#0,2R,15859813,unique,2R,15859813,yes
ILLUMINA-075005_0053_FC:3:1:16825:1403#0,2L,17472130,unique,2L,17472130,yes
ILLUMINA-075005_0053_FC:3:1:17309:1402#0,3L,22077102,unique,3L,22077102,yes
ILLUMINA-075005_0053_FC:3:1:17632:1406#0,2R,9397386,unique,2R,9397386,yes
ILLUMINA-075005_0053_FC:3:1:17929:1409#0,3L,19701545,unique,3L,19701545,yes
ILLUMINA-075005_0053_FC:3:1:17980:1410#0,3R,31595052,unique,3R,31595052,yes
ILLUMINA-075005_0053_FC:3:1:18180:1403#0,2R,11689355,unique,2R,11689355,yes
ILLUMINA-075005_0053_FC:3:1:18257:1410#0,2R,17409145,unique,2R,17409145,yes
ILLUMINA-075005_0053_FC:3:1:18659:1401#0,2L,8363955,unique,2L,8363955,yes
ILLUMINA-075005_0053_FC:3:1:18703:1409#0,2R,21143772,unique,2R,21143772,yes
ILLUMINA-075005_0053_FC:3:1:18976:1407#0,3R,23359710,unique,3R,23359710,yes
ILLUMINA-075005_0053_FC:3:1:19769:1400#0,X,13621831,unique,X,13621831,yes
ILLUMINA-075005_0053_FC:3:1:1816:1417#0,3R,31218970,unique,3R,31218970,yes
ILLUMINA-075005_0053_FC:3:1:2120:1418#0,3R,12446682,unique,3R,12446682,yes
ILLUMINA-075005_0053_FC:3:1:2860:1421#0,X,7283224,unique,X,7283224,yes
ILLUMINA-075005_0053_FC:3:1:3185:1422#0,3R,24277019,unique,3R,24277019,yes
ILLUMINA-075005_0053_FC:3:1:3222:1415#0,3R,27658777,unique,3R,27658777,yes
ILLUMINA-075005_0053_FC:3:1:3431:1415#0,2R,6015016,unique,2R,6015016,yes
ILLUMINA-075005_0053_FC:3:1:3459:1417#0,2R,8940824,unique,2R,8940824,yes
ILLUMINA-075005_0053_FC:3:1:3603:1419#0,3R,30173041,unique,3R,30173041,yes
ILLUMINA-075005_0053_FC:3:1:5376:1423#0,X,11893662,unique,X,11893662,yes
ILLUMINA-075005_0053_FC:3:1:5834:1415#0,2R,18821652,unique,2R,18821652,yes
ILLUMINA-075005_0053_FC:3:1:6193:1413#0,2L,11523606,unique,2L,11523606,yes
ILLUMINA-075005_0053_FC:3:1:6323:1412#0,3R,30173683,unique,3R,30173683,yes
ILLUMINA-075005_0053_FC:3:1:6341:1418#0,3L,7243263,unique,3L,7243263,yes
ILLUMINA-075005_0053_FC:3:1:6665:1416#0,3L,9428911,unique,3L,9428911,yes
ILLUMINA-075005_0053_FC:3:1:7321:1416#0,2L,10201715,unique,2L,10201715,yes
ILLUMINA-075005_0053_FC:3:1:7406:1420#0,X,7899735,unique,X,7899735,yes
ILLUMINA-075005_0053_FC:3:1:7784:1415#0,2R,12760162,unique,2R,12760162,yes
ILLUMINA-075005_0053_FC:3:1:7877:1421#0,3L,9428986,unique,3L,9428986,yes
ILLUMINA-075005_0053_FC:3:1:8083:1417#0,3R,31763719,unique,3R,31763719,yes
ILLUMINA-075005_0053_FC:3:1:8677:1418#0,X,628408,unique,X,628408,yes
ILLUMINA-075005_0053_FC:3:1:8821:1416#0,3R,17445334,unique,3R,17445334,yes
ILLUMINA-075005_0053_FC:3:1:8961:1423#0,2R,23385903,unique,2R,23385903,yes
ILLUMINA-075005_0053_FC:3:1:9121:1415#0,2L,10038424,unique,2L,10038424,yes
ILLUMINA-075005_0053_FC:3:1:9287:1421#0,2R,22801628,unique,2R,22801628,yes
ILLUMINA-075005_0053_FC:3:1:9489:1419#0,X,1397260,unique,X,1397260,yes
ILLUMINA-075005_0053_FC:3:1:9515:1417#0,2L,19008459,unique,2L,19008459,yes
ILLUMINA-075005_0053_FC:3:1:9996:1422#0,2L,10201814,unique,2L,10201814,yes
ILLUMINA-075005_0053_FC:3:1:10817:1418#0,3R,15440885,unique,3R,15440885,yes
ILLUMINA-075005_0053_FC:3:1:11190:1421#0,2L,2382633,unique,2L,2382633,yes
ILLUMINA-075005_0053_FC:3:1:11505:1419#0,2R,15935550,unique,2R,15935550,yes
ILLUMINA-075005_0053_FC:3:1:11834:1418#0,2R,9111850,unique,2R,9111850,yes
ILLUMINA-075005_0053_FC:3:1:12133:1417#0,3L,16375460,unique,3L,16375460,yes
ILLUMINA-075005_0053_FC:3:1:12360:1419#0,3L,15138587,unique,3L,15138587,yes
ILLUMINA-075005_0053_FC:3:1:12532:1414#0,3R,11209211,unique,3R,11209211,yes
ILLUMINA-075005_0053_FC:3:1:12626:1414#0,X,9967727,unique,X,9967727,yes
ILLUMINA-075005_0053_FC:3:1:13120:1417#0,2L,13921303,unique,2L,13921303,yes
ILLUMINA-075005_0053_FC:3:1:13887:1414#0,3R,29716367,unique,3R,29716367,yes
ILLUMINA-075005_0053_FC:3:1:14232:1423#0,3R,24332299,unique,3R,24332299,yes
ILLUMINA-075005_0053_FC:3:1:14646:1422#0,2R,20264550,unique,2R,20264550,yes
ILLUMINA-075005_0053_FC:3:1:14852:1423#0,3R,30171694,unique,3R,30171694,yes
ILLUMINA-075005_0053_FC:3:1:15836:1412#0,2R,22800342,unique,2R,22800342,yes
ILLUMINA-075005_0053_FC:3:1:15992:1416#0,3L,4628336,unique,3L,4628336,yes
ILLUMINA-075005_0053_FC:3:1:16144:1413#0,2L,13921941,unique,2L,13921941,yes
ILLUMINA-075005_0053_FC:3:1:16209:1421#0,3R,21507215,unique,3R,21507215,yes
ILLUMINA-075005_0053_FC:3:1:16396:1415#0,3R,15305225,unique,3R,15305225,yes
ILLUMINA-075005_0053_FC:3:1:16740:1421#0,3L,9048960,unique,3L,9048960,yes
ILLUMINA-075005_0053_FC:3:1:16843:1415#0,3L,19690696,unique,3L,19690696,yes
ILLUMINA-075005_0053_FC:3:1:17666:1423#0,2L,21171683,unique,2L,21171683,yes
ILLUMINA-075005_0053_FC:3:1:17830:1416#0,3L,8790702,unique,3L,8790702,yes
ILLUMINA-075005_0053_FC:3:1:17879:1416#0,2R,17409318,unique,2R,17409318,yes
ILLUMINA-075005_0053_FC:3:1:18009:1414#0,2R,20264335,unique,2R,20264335,yes
ILLUMINA-075005_0053_FC:3:1:18038:1414#0,2R,7826692,unique,2R,7826692,yes
ILLUMINA-075005_0053_FC:3:1:19177:1423#0,3L,21987112,unique,3L,21987112,yes
ILLUMINA-075005_0053_FC:3:1:19304:1417#0,X,9779159,unique,X,9779159,yes
ILLUMINA-075005_0053_FC:3:1:19642:1414#0,2L,13921669,unique,2L,13921669,yes
ILLUMINA-075005_0053_FC:3:1:1296:1429#0,X,5683329,unique,X,5683329,yes
ILLUMINA-075005_0053_FC:3:1:1394:1431#0,2L,8191560,unique,2L,8191560,yes
ILLUMINA-075005_0053_FC:3:1:2081:1429#0,2R,10292534,unique,2R,10292534,yes
ILLUMINA-075005_0053_FC:3:1:2194:1425#0,3R,31216471,unique,3R,31216471,yes
ILLUMINA-075005_0053_FC:3:1:3008:1431#0,3L,21985540,unique,3L,21985540,yes
ILLUMINA-075005_0053_FC:3:1:3222:1433#0,3R,25246453,unique,3R,25246453,yes
ILLUMINA-075005_0053_FC:3:1:3774:1423#0,X,15787889,unique,X,15787889,yes
ILLUMINA-075005_0053_FC:3:1:3842:1430#0,3L,5759802,unique,3L,5759802,yes
ILLUMINA-075005_0053_FC:3:1:4068:1426#0,3L,5901924,unique,3L,5901924,yes
ILLUMINA-075005_0053_FC:3:1:4108:1428#0,3R,14891120,unique,3R,14891120,yes
ILLUMINA-075005_0053_FC:3:1:4355:1435#0,2R,10136976,unique,2R,10136976,yes
ILLUMINA-075005_0053_FC:3:1:4411:1432#0,X,7899733,unique,X,7899733,yes
ILLUMINA-075005_0053_FC:3:1:4532:1434#0,X,1378894,unique,X,1378894,yes
ILLUMINA-075005_0053_FC:3:1:4669:1428#0,3L,9049157,unique,3L,9049157,yes
ILLUMINA-075005_0053_FC:3:1:5331:1431#0,X,8250233,unmapped,,,no
ILLUMINA-075005_0053_FC:3:1:5443:1434#0,3R,17444983,unique,3R,17444983,yes
ILLUMINA-075005_0053_FC:3:1:5603:1427#0,2L,18856628,unique,2L,18856628,yes
ILLUMINA-075005_0053_FC:3:1:6154:1429#0,2L,12045641,unique,2L,12045641,yes
ILLUMINA-075005_0053_FC:3:1:6264:1430#0,2R,14215607,unique,2R,14215607,yes
ILLUMINA-075005_0053_FC:3:1:6754:1432#0,3L,11710483,unique,3L,11710483,yes
ILLUMINA-075005_0053_FC:3:1:7192:1434#0,2L,4228465,unique,2L,4228465,yes
ILLUMINA-075005_0053_FC:3:1:7509:1425#0,3L,11824061,unique,3L,11824061,yes
ILLUMINA-075005_0053_FC:3:1:7581:1424#0,3L,16277689,unique,3L,16277689,yes
ILLUMINA-075005_0053_FC:3:1:7913:1434#0,3R,31740491,unique,3R,31740491,yes
ILLUMINA-075005_0053_FC:3:1:8863:1435#0,3R,19643496,unique,3R,19643496,yes
ILLUMINA-075005_0053_FC:3:1:9103:1434#0,3R,30208240,unique,3R,30208240,yes
ILLUMINA-075005_0053_FC:3:1:9247:1430#0,3L,16905680,unique,3L,16905680,yes
ILLUMINA-075005_0053_FC:3:1:9557:1434#0,3R,31217021,unique,3R,31217021,yes
ILLUMINA-075005_0053_FC:3:1:9690:1429#0,3L,9724230,unique,3L,9724230,yes
ILLUMINA-075005_0053_FC:3:1:10442:1432#0,3L,16308183,unique,3L,16308183,yes
ILLUMINA-075005_0053_FC:3:1:10736:1428#0,2L,19543828,unique,2L,19543828,yes
ILLUMINA-075005_0053_FC:3:1:11105:1428#0,X,7900176,unique,X,7900176,yes
ILLUMINA-075005_0053_FC:3:1:11431:1434#0,3L,18899780,unique,3L,18899780,yes
ILLUMINA-075005_0053_FC:3:1:11553:1432#0,3R,27049505,unique,3R,27049505,yes
ILLUMINA-075005_0053_FC:3:1:12378:1429#0,2R,19503270,unique,2R,19503270,yes
ILLUMINA-075005_0053_FC:3:1:12497:1430#0,2R,17538894,unique,2R,17538894,yes
ILLUMINA-075005_0053_FC:3:1:12973:1432#0,X,6349748,unique,X,6349748,yes
ILLUMINA-075005_0053_FC:3:1:13158:1425#0,dmel_mitochondrion_genome,12764,unique,dmel_mitochondrion_genome,12764,yes
ILLUMINA-075005_0053_FC:3:1:14378:1432#0,3R,30172929,unique,3R,30172929,yes
ILLUMINA-075005_0053_FC:3:1:14761:1427#0,2L,13394356,unique,2L,13394356,yes
ILLUMINA-075005_0053_FC:3:1:14809:1432#0,2L,3145332,unique,2L,3145332,yes
ILLUMINA-075005_0053_FC:3:1:15440:1430#0,3L,8326951,unique,3L,8326951,yes
ILLUMINA-075005_0053_FC:3:1:15697:1425#0,3R,25246453,unique,3R,25246453,yes
ILLUMINA-075005_0053_FC:3:1:16113:1427#0,X,16387172,unique,X,16387172,yes
ILLUMINA-075005_0053_FC:3:1:16494:1426#0,3R,24895715,unique,3R,24895715,yes
ILLUMINA-075005_0053_FC:3:1:16525:1426#0,X,16361954,unique,X,16361954,yes
ILLUMINA-075005_0053_FC:3:1:16688:1433#0,2R,7792051,unique,2R,7792051,yes
ILLUMINA-075005_0053_FC:3:1:17058:1425#0,2L,13922162,unique,2L,13922162,yes
ILLUMINA-075005_0053_FC:3:1:17233:1430#0,2R,8217456,unique,2R,8217456,yes
ILLUMINA-075005_0053_FC:3:1:17256:1431#0,2L,17440609,unique,2L,17440609,yes
ILLUMINA-075005_0053_FC:3:1:17280:1424#0,X,16846319,unique,X,16846319,yes
ILLUMINA-075005_0053_FC:3:1:17444:1427#0,2R,20533614,unique,2R,20533614,yes
ILLUMINA-075005_0053_FC:3:1:17747:1434#0,2L,10847808,unique,2L,10847808,yes
ILLUMINA-075005_0053_FC:3:1:17853:1430#0,3R,15441959,unique,3R,15441959,yes
ILLUMINA-075005_0053_FC:3:1:18684:1431#0,2L,1726239,unique,2L,1726239,yes
ILLUMINA-075005_0053_FC:3:1:18797:1427#0,3R,14891617,unique,3R,14891617,yes
ILLUMINA-075005_0053_FC:3:1:18964:1428#0,3R,26257442,unique,3R,26257442,yes
ILLUMINA-075005_0053_FC:3:1:19400:1429#0,3R,9778820,unique,3R,9778820,yes
ILLUMINA-075005_0053_FC:3:1:2137:1438#0,3L,17044753,unique,3L,17044753,yes
ILLUMINA-075005_0053_FC:3:1:3242:1445#0,3L,8103639,unique,3L,8103639,yes
ILLUMINA-075005_0053_FC:3:1:3292:1439#0,3L,22077082,unique,3L,22077082,yes
ILLUMINA-075005_0053_FC:3:1:4375:1441#0,3R,6281554,unique,3R,6281554,yes
ILLUMINA-075005_0053_FC:3:1:4497:1443#0,3L,19535272,unique,3L,19535272,yes
ILLUMINA-075005_0053_FC:3:1:4793:1437#0,3R,23359731,unique,3R,23359731,yes
ILLUMINA-075005_0053_FC:3:1:5053:1443#0,2R,17546857,unique,2R,17546857,yes
ILLUMINA-075005_0053_FC:3:1:5085:1440#0,3L,22076641,unique,3L,22076641,yes
ILLUMINA-075005_0053_FC:3:1:5354:1445#0,2R,9587610,unique,2R,9587610,yes
ILLUMINA-075005_0053_FC:3:1:5640:1445#0,2R,24061326,unique,2R,24061326,yes
ILLUMINA-075005_0053_FC:3:1:5736:1442#0,3R,29716524,unique,3R,29716524,yes
ILLUMINA-075005_0053_FC:3:1:6060:1443#0,2L,9968374,unique,2L,9968374,yes
ILLUMINA-075005_0053_FC:3:1:6534:1437#0,3R,16145737,unique,3R,16145737,yes
ILLUMINA-075005_0053_FC:3:1:7293:1440#0,X,2791060,unique,X,2791060,yes
ILLUMINA-075005_0053_FC:3:1:7352:1440#0,2R,24903420,unique,2R,24903420,yes
ILLUMINA-075005_0053_FC:3:1:7809:1435#0,2L,19008379,unique,2L,19008379,yes
ILLUMINA-075005_0053_FC:3:1:8029:1441#0,2L,8363990,unique,2L,8363990,yes
ILLUMINA-075005_0053_FC:3:1:8712:1436#0,2R,14619264,unique,2R,14619264,yes
ILLUMINA-075005_0053_FC:3:1:9192:1441#0,2R,24970882,unique,2R,24970882,yes
ILLUMINA-075005_0053_FC:3:1:9286:1445#0,2L,12744051,unique,2L,12744051,yes
ILLUMINA-075005_0053_FC:3:1:9939:1444#0,3R,15441779,unique,3R,15441779,yes
ILLUMINA-075005_0053_FC:3:1:10503:1445#0,2R,6080369,unique,2R,6080369,yes
ILLUMINA-075005_0053_FC:3:1:10580:1444#0,3R,20571560,unique,3R,20571560,yes
ILLUMINA-075005_0053_FC:3:1:10914:1441#0,2L,155662,unique,2L,155662,yes
ILLUMINA-075005_0053_FC:3:1:12353:1439#0,3R,7088402,unique,3R,7088402,yes
ILLUMINA-075005_0053_FC:3:1:12437:1440#0,3R,15266210,unique,3R,15266210,yes
ILLUMINA-075005_0053_FC:3:1:12524:1439#0,2R,12199868,unique,2R,12199868,yes
ILLUMINA-075005_0053_FC:3:1:13652:1441#0,2R,16793165,unique,2R,16793165,yes
ILLUMINA-075005_0053_FC:3:1:13770:1437#0,2L,13921143,unique,2L,13921143,yes
ILLUMINA-075005_0053_FC:3:1:13993:1435#0,2R,16570255,unique,2R,16570255,yes
ILLUMINA-075005_0053_FC:3:1:14081:1440#0,3R,14327542,unique,3R,14327542,yes
ILLUMINA-075005_0053_FC:3:1:14215:1444#0,3R,7088749,unique,3R,7088749,yes
ILLUMINA-075005_0053_FC:3:1:14255:1441#0,3R,18226804,unique,3R,18226804,yes
ILLUMINA-075005_0053_FC:3:1:14460:1445#0,3L,16963378,unique,3L,16963378,yes
ILLUMINA-075005_0053_FC:3:1:15007:1439#0,3L,3158611,unique,3L,3158611,yes
ILLUMINA-075005_0053_FC:3:1:15471:1445#0,2L,13922137,unique,2L,13922137,yes
ILLUMINA-075005_0053_FC:3:1:16094:1446#0,X,16387172,unique,X,16387172,yes
ILLUMINA-075005_0053_FC:3:1:16276:1437#0,3R,25684359,unique,3R,25684359,yes
ILLUMINA-075005_0053_FC:3:1:16297:1436#0,X,14241891,unique,X,14241891,yes
ILLUMINA-075005_0053_FC:3:1:16923:1441#0,3R,31745186,unique,3R,31745186,yes
ILLUMINA-075005_0053_FC:3:1:17186:1446#0,X,9157708,unique,X,9157708,yes
ILLUMINA-075005_0053_FC:3:1:17704:1442#0,2R,22800354,unique,2R,22800354,yes
ILLUMINA-075005_0053_FC:3:1:18303:1440#0,3R,7087474,multi,,,no
ILLUMINA-075005_0053_FC:3:1:18370:1446#0,2R,17572367,unique,2R,17572367,yes
ILLUMINA-075005_0053_FC:3:1:18576:1439#0,3R,31216412,unique,3R,31216412,yes
ILLUMINA-075005_0053_FC:3:1:19282:1444#0,2R,24312359,unique,2R,24312359,yes
ILLUMINA-075005_0053_FC:3:1:19648:1436#0,3R,21298042,unique,3R,21298042,yes
ILLUMINA-075005_0053_FC:3:1:1111:1449#0,3L,17954937,unique,3L,17954937,yes
ILLUMINA-075005_0053_FC:3:1:1340:1447#0,3R,14892175,unique,3R,14892175,yes
ILLUMINA-075005_0053_FC:3:1:1371:1457#0,X,11570933,unique,X,11570933,yes
ILLUMINA-075005_0053_FC:3:1:1506:1450#0,3R,15244530,unique,3R,15244530,yes
ILLUMINA-075005_0053_FC:3:1:1755:1448#0,3R,12368228,unique,3R,12368228,yes
ILLUMINA-075005_0053_FC:3:1:1986:1456#0,3L,12747039,unique,3L,12747039,yes
ILLUMINA-075005_0053_FC:3:1:2041:1457#0,2R,22938810,unique,2R,22938810,yes
ILLUMINA-075005_0053_FC:3:1:2370:1448#0,2L,4228360,unique,2L,4228360,yes
ILLUMINA-075005_0053_FC:3:1:2771:1456#0,2L,10491238,unique,2L,10491238,yes
ILLUMINA-075005_0053_FC:3:1:2907:1449#0,3R,11223900,unique,3R,11223900,yes
ILLUMINA-075005_0053_FC:3:1:2962:1449#0,2L,6558424,unique,2L,6558424,yes
ILLUMINA-075005_0053_FC:3:1:3179:1458#0,X,12008199,unique,X,12008199,yes
ILLUMINA-075005_0053_FC:3:1:3575:1451#0,3L,13024377,unique,3L,13024377,yes
ILLUMINA-075005_0053_FC:3:1:4836:1454#0,3R,15337550,unique,3R,15337550,yes
ILLUMINA-075005_0053_FC:3:1:5068:1451#0,3R,30133225,unique,3R,30133225,yes
ILLUMINA-075005_0053_FC:3:1:5096:1455#0,3L,11824057,unique,3L,11824057,yes
ILLUMINA-075005_0053_FC:3:1:5268:1450#0,3R,5466210,unique,3R,5466210,yes
ILLUMINA-075005_0053_FC:3:1:5608:1450#0,X,6277133,unique,X,6277133,yes
ILLUMINA-075005_0053_FC:3:1:5872:1455#0,2R,11894252,unique,2R,11894252,yes
ILLUMINA-075005_0053_FC:3:1:6150:1457#0,3L,9382241,unique,3L,9382241,yes
ILLUMINA-075005_0053_FC:3:1:7233:1448#0,3R,31742291,unique,3R,31742291,yes
ILLUMINA-075005_0053_FC:3:1:7460:1453#0,dmel_mitochondrion_genome,12769,unique,dmel_mitochondrion_genome,12769,yes
ILLUMINA-075005_0053_FC:3:1:7577:1451#0,X,4921482,unique,X,4921482,yes
ILLUMINA-075005_0053_FC:3:1:8227:1455#0,X,15064469,unique,X,15064469,yes
ILLUMINA-075005_0053_FC:3:1:8317:1449#0,2R,13874889,unique,2R,13874889,yes
ILLUMINA-075005_0053_FC:3:1:9015:1448#0,3L,1667559,unique,3L,1667559,yes
ILLUMINA-075005_0053_FC:3:1:9225:1448#0,2R,24305999,unique,2R,24305999,yes
