read_id,star_pos,star_strand,star_nM,my_status,my_pos,my_strand,my_mismatches,match
ILLUMINA-075005_0053_FC:3:1:7383:1059#0,21172619,-,0,unique,21172619,-,1,yes
ILLUMINA-075005_0053_FC:3:1:8862:1058#0,13922144,+,1,unique,13922144,+,2,yes
ILLUMINA-075005_0053_FC:3:1:9517:1059#0,3517025,-,1,unique,3517025,-,1,yes
ILLUMINA-075005_0053_FC:3:1:15199:1059#0,13922109,+,0,unique,13922109,+,1,yes
ILLUMINA-075005_0053_FC:3:1:17829:1059#0,6478340,+,0,unique,6478340,+,1,yes
ILLUMINA-075005_0053_FC:3:1:4021:1080#0,13921637,+,0,unique,13921637,+,0,yes
ILLUMINA-075005_0053_FC:3:1:5106:1078#0,9700181,-,1,unique,9700181,-,1,yes
ILLUMINA-075005_0053_FC:3:1:5567:1078#0,13933381,+,1,unique,13933381,+,1,yes
ILLUMINA-075005_0053_FC:3:1:7528:1082#0,10241659,-,0,unique,10241659,-,0,yes
ILLUMINA-075005_0053_FC:3:1:9949:1074#0,14741411,+,0,multi,,,,no
ILLUMINA-075005_0053_FC:3:1:10560:1079#0,6934091,+,3,unique,6934091,+,3,yes
ILLUMINA-075005_0053_FC:3:1:11201:1080#0,561031,+,0,unique,561031,+,0,yes
ILLUMINA-075005_0053_FC:3:1:12221:1076#0,16777347,-,0,unique,16777347,-,0,yes
ILLUMINA-075005_0053_FC:3:1:12315:1080#0,13922244,+,1,unique,13922244,+,1,yes
ILLUMINA-075005_0053_FC:3:1:14163:1075#0,2746910,+,0,unique,2746910,+,0,yes
ILLUMINA-075005_0053_FC:3:1:14506:1073#0,8126215,+,1,unique,8126215,+,1,yes
ILLUMINA-075005_0053_FC:3:1:1808:1091#0,13945109,+,0,unique,13945109,+,0,yes
ILLUMINA-075005_0053_FC:3:1:2420:1084#0,1606875,-,0,unique,1606875,-,0,yes
ILLUMINA-075005_0053_FC:3:1:4433:1091#0,22247148,+,0,unique,22247148,+,0,yes
ILLUMINA-075005_0053_FC:3:1:4893:1087#0,11003680,-,0,unique,11003680,-,0,yes
ILLUMINA-075005_0053_FC:3:1:7561:1094#0,10847434,+,0,unique,10847434,+,0,yes
ILLUMINA-075005_0053_FC:3:1:10464:1088#0,21678272,+,0,unique,21678272,+,0,yes
ILLUMINA-075005_0053_FC:3:1:10977:1093#0,12106018,-,0,unique,12106018,-,0,yes
ILLUMINA-075005_0053_FC:3:1:11743:1083#0,13945532,+,0,unique,13945532,+,0,yes
ILLUMINA-075005_0053_FC:3:1:13123:1091#0,13945862,+,1,unique,13945862,+,1,yes
ILLUMINA-075005_0053_FC:3:1:13743:1093#0,3378387,-,1,unique,3378387,-,1,yes
ILLUMINA-075005_0053_FC:3:1:14759:1087#0,4228316,-,1,unique,4228316,-,1,yes
ILLUMINA-075005_0053_FC:3:1:18794:1091#0,19959323,-,0,unique,19959323,-,0,yes
ILLUMINA-075005_0053_FC:3:1:3887:1103#0,16777320,-,0,unique,16777320,-,0,yes
ILLUMINA-075005_0053_FC:3:1:5008:1098#0,13922349,+,0,unique,13922349,+,0,yes
ILLUMINA-075005_0053_FC:3:1:5085:1104#0,9953782,+,0,unique,9953782,+,0,yes
ILLUMINA-075005_0053_FC:3:1:5406:1105#0,6666618,+,0,unique,6666618,+,0,yes
ILLUMINA-075005_0053_FC:3:1:11555:1095#0,7826868,+,0,unique,7826868,+,0,yes
ILLUMINA-075005_0053_FC:3:1:11864:1103#0,16788654,-,0,unique,16788654,-,0,yes
ILLUMINA-075005_0053_FC:3:1:18088:1101#0,18442741,+,1,unique,18442741,+,1,yes
ILLUMINA-075005_0053_FC:3:1:18603:1097#0,8042028,+,0,unique,8042028,+,0,yes
ILLUMINA-075005_0053_FC:3:1:1126:1117#0,2579319,+,0,unique,2579319,+,0,yes
ILLUMINA-075005_0053_FC:3:1:2763:1116#0,1726243,+,0,unique,1726243,+,0,yes
ILLUMINA-075005_0053_FC:3:1:5501:1109#0,9543387,-,0,unique,9543387,-,0,yes
ILLUMINA-075005_0053_FC:3:1:7791:1115#0,560906,+,0,unique,560906,+,0,yes
ILLUMINA-075005_0053_FC:3:1:8133:1106#0,16788654,-,0,unique,16788654,-,0,yes
ILLUMINA-075005_0053_FC:3:1:8335:1107#0,9968388,-,1,unique,9968388,-,1,yes
ILLUMINA-075005_0053_FC:3:1:10273:1118#0,10201328,-,0,unique,10201328,-,0,yes
ILLUMINA-075005_0053_FC:3:1:11453:1116#0,5529206,-,0,unique,5529206,-,0,yes
ILLUMINA-075005_0053_FC:3:1:13073:1116#0,13945750,+,0,unique,13945750,+,0,yes
ILLUMINA-075005_0053_FC:3:1:18707:1115#0,13922347,+,0,unique,13922347,+,0,yes
ILLUMINA-075005_0053_FC:3:1:18862:1106#0,13945393,+,0,unique,13945393,+,0,yes
ILLUMINA-075005_0053_FC:3:1:2817:1128#0,13945658,+,0,unique,13945658,+,0,yes
ILLUMINA-075005_0053_FC:3:1:3669:1128#0,16777283,-,0,unique,16777283,-,0,yes
ILLUMINA-075005_0053_FC:3:1:9848:1125#0,9709714,+,0,unique,9709714,+,0,yes
ILLUMINA-075005_0053_FC:3:1:11668:1125#0,16782879,-,1,unique,16782879,-,1,yes
ILLUMINA-075005_0053_FC:3:1:11870:1124#0,14741487,+,0,multi,,,,no
ILLUMINA-075005_0053_FC:3:1:11916:1123#0,10201736,-,1,unique,10201736,-,1,yes
ILLUMINA-075005_0053_FC:3:1:12285:1122#0,6558420,-,2,unique,6558420,-,2,yes
ILLUMINA-075005_0053_FC:3:1:12466:1119#0,13782017,-,0,unique,13782017,-,0,yes
ILLUMINA-075005_0053_FC:3:1:14548:1127#0,21170193,-,0,unique,21170193,-,0,yes
ILLUMINA-075005_0053_FC:3:1:15021:1121#0,13921094,+,0,unique,13921094,+,0,yes
ILLUMINA-075005_0053_FC:3:1:16232:1124#0,16327258,-,0,unique,16327258,-,0,yes
ILLUMINA-075005_0053_FC:3:1:16270:1129#0,13921079,+,0,unique,13921079,+,0,yes
ILLUMINA-075005_0053_FC:3:1:16510:1129#0,10224763,+,0,unique,10224763,+,0,yes
ILLUMINA-075005_0053_FC:3:1:16620:1129#0,13920974,+,0,unique,13920974,+,0,yes
ILLUMINA-075005_0053_FC:3:1:17661:1127#0,420380,-,1,unique,420380,-,1,yes
ILLUMINA-075005_0053_FC:3:1:17992:1122#0,19959423,-,0,unique,19959423,-,0,yes
ILLUMINA-075005_0053_FC:3:1:1494:1134#0,21170193,-,0,unique,21170193,-,0,yes
ILLUMINA-075005_0053_FC:3:1:9320:1131#0,23312956,+,1,unique,23312956,+,1,yes
ILLUMINA-075005_0053_FC:3:1:10734:1139#0,13945537,+,0,unique,13945537,+,0,yes
ILLUMINA-075005_0053_FC:3:1:12944:1137#0,7825950,+,0,unique,7825950,+,0,yes
ILLUMINA-075005_0053_FC:3:1:13002:1138#0,13921130,+,0,unique,13921130,+,0,yes
ILLUMINA-075005_0053_FC:3:1:14079:1135#0,14186770,+,1,unique,14186770,+,1,yes
ILLUMINA-075005_0053_FC:3:1:15971:1134#0,21170922,-,0,unique,21170922,-,0,yes
ILLUMINA-075005_0053_FC:3:1:17307:1133#0,21678387,+,0,unique,21678387,+,0,yes
ILLUMINA-075005_0053_FC:3:1:17697:1132#0,6979980,+,2,unique,6979980,+,2,yes
ILLUMINA-075005_0053_FC:3:1:17904:1136#0,8686754,-,0,unique,8686754,-,0,yes
ILLUMINA-075005_0053_FC:3:1:18495:1134#0,13945856,+,2,unique,13945856,+,2,yes
ILLUMINA-075005_0053_FC:3:1:4012:1147#0,13923364,+,0,unique,13923364,+,0,yes
ILLUMINA-075005_0053_FC:3:1:6193:1151#0,642816,+,1,unique,642816,+,1,yes
ILLUMINA-075005_0053_FC:3:1:7404:1148#0,8042021,+,0,unique,8042021,+,0,yes
ILLUMINA-075005_0053_FC:3:1:7600:1150#0,10358511,+,0,unique,10358511,+,0,yes
ILLUMINA-075005_0053_FC:3:1:8044:1145#0,13921023,+,1,unique,13921023,+,1,yes
ILLUMINA-075005_0053_FC:3:1:8372:1148#0,7231035,+,2,unique,7231035,+,2,yes
ILLUMINA-075005_0053_FC:3:1:10901:1144#0,18706519,+,0,unique,18706519,+,0,yes
ILLUMINA-075005_0053_FC:3:1:11777:1152#0,19008379,+,0,unique,19008379,+,0,yes
ILLUMINA-075005_0053_FC:3:1:13912:1144#0,13922711,+,0,unique,13922711,+,0,yes
ILLUMINA-075005_0053_FC:3:1:18619:1150#0,9767989,-,1,unique,9767989,-,1,yes
ILLUMINA-075005_0053_FC:3:1:1386:1154#0,10848084,+,1,unique,10848084,+,1,yes
ILLUMINA-075005_0053_FC:3:1:1428:1162#0,21678485,+,0,unique,21678485,+,0,yes
ILLUMINA-075005_0053_FC:3:1:4462:1160#0,5984265,-,1,unique,5984265,-,1,yes
ILLUMINA-075005_0053_FC:3:1:4555:1160#0,4447369,+,0,unique,4447369,+,0,yes
ILLUMINA-075005_0053_FC:3:1:6655:1158#0,10847434,+,0,unique,10847434,+,0,yes
ILLUMINA-075005_0053_FC:3:1:8391:1164#0,7802244,+,0,unique,7802244,+,0,yes
ILLUMINA-075005_0053_FC:3:1:8596:1155#0,10410360,-,0,unique,10410360,-,0,yes
ILLUMINA-075005_0053_FC:3:1:8740:1162#0,5196128,-,0,unique,5196128,-,0,yes
ILLUMINA-075005_0053_FC:3:1:8758:1159#0,19762154,+,0,unique,19762154,+,0,yes
ILLUMINA-075005_0053_FC:3:1:8809:1161#0,13933453,+,1,unique,13933453,+,1,yes
ILLUMINA-075005_0053_FC:3:1:10378:1157#0,13933316,+,0,unique,13933316,+,0,yes
ILLUMINA-075005_0053_FC:3:1:16509:1159#0,10274477,+,0,unique,10274477,+,0,yes
ILLUMINA-075005_0053_FC:3:1:17813:1161#0,5525420,-,0,unique,5525420,-,0,yes
ILLUMINA-075005_0053_FC:3:1:18381:1165#0,7825699,+,0,unique,7825699,+,0,yes
ILLUMINA-075005_0053_FC:3:1:19229:1163#0,13945337,+,0,unique,13945337,+,0,yes
ILLUMINA-075005_0053_FC:3:1:19435:1156#0,10221666,-,1,unique,10221666,-,1,yes
ILLUMINA-075005_0053_FC:3:1:3616:1165#0,12299201,-,0,unique,12299201,-,0,yes
ILLUMINA-075005_0053_FC:3:1:3947:1169#0,13933323,+,0,unique,13933323,+,0,yes
ILLUMINA-075005_0053_FC:3:1:8316:1176#0,18442510,+,0,unique,18442510,+,0,yes
ILLUMINA-075005_0053_FC:3:1:9842:1169#0,18442959,+,0,unique,18442959,+,0,yes
ILLUMINA-075005_0053_FC:3:1:12663:1175#0,14409140,-,0,unique,14409140,-,0,yes
ILLUMINA-075005_0053_FC:3:1:13237:1175#0,3466857,-,1,unique,3466857,-,1,yes
ILLUMINA-075005_0053_FC:3:1:14914:1165#0,7826798,+,1,unique,7826798,+,1,yes
ILLUMINA-075005_0053_FC:3:1:16110:1168#0,4797230,+,1,unique,4797230,+,1,yes
ILLUMINA-075005_0053_FC:3:1:16957:1172#0,21172705,-,1,unique,21172705,-,1,yes
ILLUMINA-075005_0053_FC:3:1:18219:1169#0,9896583,+,0,unique,9896583,+,0,yes
ILLUMINA-075005_0053_FC:3:1:2320:1178#0,3516866,-,0,unique,3516866,-,0,yes
ILLUMINA-075005_0053_FC:3:1:2630:1184#0,19053244,-,0,unique,19053244,-,0,yes
ILLUMINA-075005_0053_FC:3:1:3671:1181#0,9896814,+,0,unique,9896814,+,0,yes
ILLUMINA-075005_0053_FC:3:1:4280:1184#0,10201296,-,0,unique,10201296,-,0,yes
ILLUMINA-075005_0053_FC:3:1:5118:1181#0,21678830,+,1,unique,21678830,+,1,yes
ILLUMINA-075005_0053_FC:3:1:5171:1181#0,16788641,-,0,unique,16788641,-,0,yes
ILLUMINA-075005_0053_FC:3:1:7426:1186#0,16786043,-,0,unique,16786043,-,0,yes
ILLUMINA-075005_0053_FC:3:1:10272:1186#0,16786229,-,0,unique,16786229,-,0,yes
ILLUMINA-075005_0053_FC:3:1:10643:1183#0,6343858,-,2,unique,6343858,-,2,yes
ILLUMINA-075005_0053_FC:3:1:13614:1184#0,420538,-,1,unique,420538,-,1,yes
ILLUMINA-075005_0053_FC:3:1:16341:1182#0,5071705,-,0,unique,5071705,-,0,yes
ILLUMINA-075005_0053_FC:3:1:16463:1177#0,16774631,-,0,unique,16774631,-,0,yes
ILLUMINA-075005_0053_FC:3:1:17988:1184#0,10316654,-,0,unique,10316654,-,0,yes
ILLUMINA-075005_0053_FC:3:1:18849:1179#0,10318258,+,0,unique,10318258,+,0,yes
ILLUMINA-075005_0053_FC:3:1:1671:1190#0,2216550,+,0,unique,2216550,+,0,yes
ILLUMINA-075005_0053_FC:3:1:3724:1192#0,22535874,+,0,unique,22535874,+,0,yes
ILLUMINA-075005_0053_FC:3:1:4502:1191#0,13921968,+,1,unique,13921968,+,1,yes
ILLUMINA-075005_0053_FC:3:1:7031:1193#0,4469275,+,0,unique,4469275,+,0,yes
ILLUMINA-075005_0053_FC:3:1:10557:1194#0,10410338,-,0,unique,10410338,-,0,yes
ILLUMINA-075005_0053_FC:3:1:11360:1197#0,16786561,-,0,unique,16786561,-,0,yes
ILLUMINA-075005_0053_FC:3:1:11887:1195#0,13922215,+,1,unique,13922215,+,1,yes
ILLUMINA-075005_0053_FC:3:1:15120:1193#0,9696537,+,0,unique,9696537,+,0,yes
ILLUMINA-075005_0053_FC:3:1:16177:1195#0,1725587,+,0,unique,1725587,+,0,yes
ILLUMINA-075005_0053_FC:3:1:16792:1191#0,13366984,-,0,unique,13366984,-,0,yes
ILLUMINA-075005_0053_FC:3:1:18352:1192#0,19554805,-,0,unique,19554805,-,0,yes
ILLUMINA-075005_0053_FC:3:1:19161:1189#0,9896337,+,0,unique,9896337,+,0,yes
ILLUMINA-075005_0053_FC:3:1:19767:1191#0,16786710,-,1,unique,16786710,-,1,yes
ILLUMINA-075005_0053_FC:3:1:7622:1206#0,4344352,-,0,unique,4344352,-,0,yes
ILLUMINA-075005_0053_FC:3:1:11033:1210#0,13921204,+,0,unique,13921204,+,0,yes
ILLUMINA-075005_0053_FC:3:1:13206:1207#0,13933097,+,0,unique,13933097,+,0,yes
ILLUMINA-075005_0053_FC:3:1:15681:1210#0,1726100,+,0,unique,1726100,+,0,yes
ILLUMINA-075005_0053_FC:3:1:15969:1206#0,10975932,+,0,unique,10975932,+,0,yes
ILLUMINA-075005_0053_FC:3:1:16346:1211#0,3481535,+,0,unique,3481535,+,0,yes
ILLUMINA-075005_0053_FC:3:1:18769:1205#0,22247547,+,0,unique,22247547,+,0,yes
ILLUMINA-075005_0053_FC:3:1:5596:1223#0,16788659,-,0,unique,16788659,-,0,yes
ILLUMINA-075005_0053_FC:3:1:12746:1213#0,5051306,+,1,unique,5051306,+,1,yes
ILLUMINA-075005_0053_FC:3:1:12845:1213#0,9573577,+,0,unique,9573577,+,0,yes
ILLUMINA-075005_0053_FC:3:1:14154:1223#0,13921023,+,0,unique,13921023,+,0,yes
ILLUMINA-075005_0053_FC:3:1:14275:1213#0,16781105,-,1,unique,16781105,-,1,yes
ILLUMINA-075005_0053_FC:3:1:15805:1217#0,4994875,+,0,unique,4994875,+,0,yes
ILLUMINA-075005_0053_FC:3:1:1076:1229#0,7206418,+,1,unique,7206418,+,1,yes
ILLUMINA-075005_0053_FC:3:1:3932:1231#0,16774623,-,0,unique,16774623,-,0,yes
ILLUMINA-075005_0053_FC:3:1:11516:1226#0,9549453,+,0,unique,9549453,+,0,yes
ILLUMINA-075005_0053_FC:3:1:14632:1224#0,10303598,+,0,unique,10303598,+,0,yes
ILLUMINA-075005_0053_FC:3:1:14843:1225#0,14165981,+,1,unique,14165981,+,1,yes
ILLUMINA-075005_0053_FC:3:1:2373:1243#0,7744493,+,0,unique,7744493,+,0,yes
ILLUMINA-075005_0053_FC:3:1:5825:1236#0,561031,+,0,unique,561031,+,0,yes
ILLUMINA-075005_0053_FC:3:1:6435:1238#0,6937238,+,3,unique,6937238,+,3,yes
ILLUMINA-075005_0053_FC:3:1:7000:1235#0,13945298,+,0,unique,13945298,+,0,yes
ILLUMINA-075005_0053_FC:3:1:7034:1239#0,10771107,-,0,unique,10771107,-,0,yes
ILLUMINA-075005_0053_FC:3:1:7076:1246#0,561004,+,0,unique,561004,+,0,yes
ILLUMINA-075005_0053_FC:3:1:7427:1246#0,19008432,+,1,unique,19008432,+,1,yes
ILLUMINA-075005_0053_FC:3:1:8089:1244#0,21679045,+,1,unique,21679045,+,1,yes
ILLUMINA-075005_0053_FC:3:1:9306:1237#0,12105529,-,0,unique,12105529,-,0,yes
ILLUMINA-075005_0053_FC:3:1:9701:1244#0,18988220,-,0,unique,18988220,-,0,yes
ILLUMINA-075005_0053_FC:3:1:10263:1246#0,13945533,+,0,unique,13945533,+,0,yes
ILLUMINA-075005_0053_FC:3:1:10281:1241#0,10410305,-,0,unique,10410305,-,0,yes
ILLUMINA-075005_0053_FC:3:1:11212:1240#0,10848070,+,1,unique,10848070,+,1,yes
ILLUMINA-075005_0053_FC:3:1:11293:1238#0,10848386,+,1,unique,10848386,+,1,yes
ILLUMINA-075005_0053_FC:3:1:12495:1240#0,12106635,-,0,unique,12106635,-,0,yes
ILLUMINA-075005_0053_FC:3:1:15697:1243#0,3467184,-,4,unmapped,,,,no
ILLUMINA-075005_0053_FC:3:1:3491:1258#0,19959407,-,0,unique,19959407,-,0,yes
ILLUMINA-075005_0053_FC:3:1:3979:1255#0,1725672,+,0,unique,1725672,+,0,yes
ILLUMINA-075005_0053_FC:3:1:4370:1256#0,13933620,+,0,unique,13933620,+,0,yes
ILLUMINA-075005_0053_FC:3:1:6091:1258#0,21725228,-,0,unique,21725228,-,0,yes
ILLUMINA-075005_0053_FC:3:1:7751:1249#0,4228432,-,0,unique,4228432,-,0,yes
ILLUMINA-075005_0053_FC:3:1:8287:1251#0,13394184,+,0,unique,13394184,+,0,yes
ILLUMINA-075005_0053_FC:3:1:8835:1256#0,6978214,+,0,unique,6978214,+,0,yes
ILLUMINA-075005_0053_FC:3:1:9524:1254#0,9896309,+,0,unique,9896309,+,0,yes
ILLUMINA-075005_0053_FC:3:1:9903:1254#0,18715965,+,0,unique,18715965,+,0,yes
ILLUMINA-075005_0053_FC:3:1:10084:1250#0,9390641,-,0,unique,9390641,-,0,yes
ILLUMINA-075005_0053_FC:3:1:12973:1250#0,8161798,+,1,unique,8161798,+,1,yes
ILLUMINA-075005_0053_FC:3:1:13275:1255#0,21678809,+,0,unique,21678809,+,0,yes
ILLUMINA-075005_0053_FC:3:1:3389:1263#0,13933457,+,0,unique,13933457,+,0,yes
ILLUMINA-075005_0053_FC:3:1:6410:1259#0,1607059,-,0,unique,1607059,-,0,yes
ILLUMINA-075005_0053_FC:3:1:8676:1262#0,5221291,+,1,unique,5221291,+,1,yes
ILLUMINA-075005_0053_FC:3:1:9065:1264#0,12063705,+,2,unique,12063705,+,2,yes
ILLUMINA-075005_0053_FC:3:1:11193:1266#0,13921098,+,0,unique,13921098,+,0,yes
ILLUMINA-075005_0053_FC:3:1:11551:1261#0,9968382,-,0,unique,9968382,-,0,yes
ILLUMINA-075005_0053_FC:3:1:13017:1260#0,10771111,-,0,unique,10771111,-,0,yes
ILLUMINA-075005_0053_FC:3:1:13473:1268#0,3036640,+,0,unique,3036640,+,0,yes
ILLUMINA-075005_0053_FC:3:1:15665:1262#0,16786560,-,0,unique,16786560,-,0,yes
ILLUMINA-075005_0053_FC:3:1:18679:1261#0,900634,-,0,unique,900634,-,0,yes
ILLUMINA-075005_0053_FC:3:1:19463:1270#0,18530444,-,1,unique,18530444,-,1,yes
ILLUMINA-075005_0053_FC:3:1:19726:1261#0,5205396,-,0,unique,5205396,-,0,yes
ILLUMINA-075005_0053_FC:3:1:2595:1280#0,20386734,+,0,unique,20386734,+,0,yes
ILLUMINA-075005_0053_FC:3:1:3187:1271#0,13370673,+,0,unique,13370673,+,0,yes
ILLUMINA-075005_0053_FC:3:1:3670:1273#0,13922245,+,0,unique,13922245,+,0,yes
ILLUMINA-075005_0053_FC:3:1:5758:1273#0,9555419,+,0,unique,9555419,+,0,yes
ILLUMINA-075005_0053_FC:3:1:6465:1282#0,16783198,-,0,unique,16783198,-,0,yes
ILLUMINA-075005_0053_FC:3:1:7960:1282#0,12978009,-,1,unique,12978009,-,1,yes
ILLUMINA-075005_0053_FC:3:1:8230:1270#0,9427482,-,0,unique,9427482,-,0,yes
ILLUMINA-075005_0053_FC:3:1:8915:1280#0,6934656,+,0,unique,6934656,+,0,yes
ILLUMINA-075005_0053_FC:3:1:9223:1279#0,15036886,-,0,unique,15036886,-,0,yes
ILLUMINA-075005_0053_FC:3:1:10692:1274#0,4966380,+,0,unique,4966380,+,0,yes
ILLUMINA-075005_0053_FC:3:1:14145:1271#0,21717130,-,1,unique,21717130,-,1,yes
ILLUMINA-075005_0053_FC:3:1:14542:1276#0,5046230,-,0,unique,5046230,-,0,yes
ILLUMINA-075005_0053_FC:3:1:16017:1277#0,22247150,+,0,unique,22247150,+,0,yes
ILLUMINA-075005_0053_FC:3:1:16105:1278#0,6933170,+,1,unique,6933170,+,1,yes
ILLUMINA-075005_0053_FC:3:1:18133:1275#0,13920796,+,0,unique,13920796,+,0,yes
ILLUMINA-075005_0053_FC:3:1:5787:1290#0,22247149,+,1,unique,22247149,+,1,yes
ILLUMINA-075005_0053_FC:3:1:7939:1283#0,4944622,+,0,unique,4944622,+,0,yes
ILLUMINA-075005_0053_FC:3:1:8139:1288#0,1984952,+,1,unique,1984952,+,1,yes
ILLUMINA-075005_0053_FC:3:1:10016:1290#0,13922245,+,0,unique,13922245,+,0,yes
ILLUMINA-075005_0053_FC:3:1:11445:1294#0,7744042,+,0,unique,7744042,+,0,yes
ILLUMINA-075005_0053_FC:3:1:12495:1283#0,16777022,-,0,unique,16777022,-,0,yes
ILLUMINA-075005_0053_FC:3:1:13607:1291#0,9574229,+,0,unique,9574229,+,0,yes
ILLUMINA-075005_0053_FC:3:1:13992:1282#0,9968348,-,0,unique,9968348,-,0,yes
ILLUMINA-075005_0053_FC:3:1:14428:1286#0,6047625,+,0,unique,6047625,+,0,yes
ILLUMINA-075005_0053_FC:3:1:2764:1300#0,13933502,+,0,unique,13933502,+,0,yes
ILLUMINA-075005_0053_FC:3:1:3222:1303#0,4228365,-,0,unique,4228365,-,0,yes
ILLUMINA-075005_0053_FC:3:1:3633:1297#0,11003608,+,1,unique,11003608,+,1,yes
ILLUMINA-075005_0053_FC:3:1:8498:1298#0,22247253,+,0,unique,22247253,+,0,yes
ILLUMINA-075005_0053_FC:3:1:9106:1297#0,11157494,+,2,unique,11157494,+,2,yes
ILLUMINA-075005_0053_FC:3:1:9729:1303#0,9575323,+,2,unique,9575323,+,2,yes
ILLUMINA-075005_0053_FC:3:1:10485:1297#0,561692,+,1,unique,561692,+,1,yes
ILLUMINA-075005_0053_FC:3:1:11151:1300#0,16785656,-,1,unique,16785656,-,1,yes
ILLUMINA-075005_0053_FC:3:1:13232:1306#0,561170,+,0,unique,561170,+,0,yes
ILLUMINA-075005_0053_FC:3:1:15518:1303#0,4966789,+,0,unique,4966789,+,0,yes
ILLUMINA-075005_0053_FC:3:1:16123:1299#0,1725776,+,0,unique,1725776,+,0,yes
ILLUMINA-075005_0053_FC:3:1:17482:1301#0,5071677,-,0,unique,5071677,-,0,yes
ILLUMINA-075005_0053_FC:3:1:17552:1298#0,10201833,-,0,unique,10201833,-,0,yes
ILLUMINA-075005_0053_FC:3:1:19029:1297#0,9968382,-,0,unique,9968382,-,0,yes
ILLUMINA-075005_0053_FC:3:1:1637:1310#0,5985461,-,1,unique,5985461,-,1,yes
ILLUMINA-075005_0053_FC:3:1:2544:1306#0,21678928,+,0,unique,21678928,+,0,yes
ILLUMINA-075005_0053_FC:3:1:4087:1308#0,21171992,-,0,unique,21171992,-,0,yes
ILLUMINA-075005_0053_FC:3:1:4547:1310#0,14166334,+,0,unique,14166334,+,0,yes
ILLUMINA-075005_0053_FC:3:1:4690:1306#0,16780720,-,0,unique,16780720,-,0,yes
ILLUMINA-075005_0053_FC:3:1:5951:1317#0,14617182,-,0,unique,14617182,-,0,yes
ILLUMINA-075005_0053_FC:3:1:6655:1311#0,6047531,+,1,unique,6047531,+,1,yes
ILLUMINA-075005_0053_FC:3:1:8743:1310#0,13933122,+,0,unique,13933122,+,0,yes
ILLUMINA-075005_0053_FC:3:1:13398:1306#0,13921079,+,0,unique,13921079,+,0,yes
ILLUMINA-075005_0053_FC:3:1:16166:1314#0,10409829,-,0,unique,10409829,-,0,yes
ILLUMINA-075005_0053_FC:3:1:16575:1316#0,21678572,+,0,unique,21678572,+,0,yes
ILLUMINA-075005_0053_FC:3:1:1743:1323#0,4480468,+,0,unique,4480468,+,0,yes
ILLUMINA-075005_0053_FC:3:1:2326:1327#0,21679824,+,0,unique,21679824,+,0,yes
ILLUMINA-075005_0053_FC:3:1:2587:1324#0,13922233,+,0,unique,13922233,+,0,yes
ILLUMINA-075005_0053_FC:3:1:4608:1327#0,13945287,+,0,unique,13945287,+,0,yes
ILLUMINA-075005_0053_FC:3:1:9102:1323#0,8363954,+,0,unique,8363954,+,0,yes
ILLUMINA-075005_0053_FC:3:1:9567:1325#0,11003087,+,0,unique,11003087,+,0,yes
ILLUMINA-075005_0053_FC:3:1:10608:1320#0,13922101,+,0,unique,13922101,+,0,yes
ILLUMINA-075005_0053_FC:3:1:12881:1321#0,13922215,+,2,unique,13922215,+,2,yes
ILLUMINA-075005_0053_FC:3:1:14083:1320#0,13945665,+,0,unique,13945665,+,0,yes
ILLUMINA-075005_0053_FC:3:1:15304:1329#0,13945823,+,1,unique,13945823,+,1,yes
ILLUMINA-075005_0053_FC:3:1:16693:1326#0,4479849,+,1,unique,4479849,+,1,yes
ILLUMINA-075005_0053_FC:3:1:17194:1326#0,6977913,+,1,unique,6977913,+,1,yes
ILLUMINA-075005_0053_FC:3:1:17633:1327#0,21171976,-,0,unique,21171976,-,0,yes
ILLUMINA-075005_0053_FC:3:1:18492:1319#0,22536139,+,0,unique,22536139,+,0,yes
ILLUMINA-075005_0053_FC:3:1:1914:1338#0,8430686,-,0,unique,8430686,-,0,yes
ILLUMINA-075005_0053_FC:3:1:2087:1335#0,8161884,+,0,unique,8161884,+,0,yes
ILLUMINA-075005_0053_FC:3:1:4880:1336#0,562228,+,0,unique,562228,+,0,yes
ILLUMINA-075005_0053_FC:3:1:6693:1336#0,10409913,-,0,unique,10409913,-,0,yes
ILLUMINA-075005_0053_FC:3:1:7429:1338#0,8042461,+,0,unique,8042461,+,0,yes
ILLUMINA-075005_0053_FC:3:1:8655:1332#0,13370354,+,0,unique,13370354,+,0,yes
ILLUMINA-075005_0053_FC:3:1:8917:1334#0,6046782,+,0,unique,6046782,+,0,yes
ILLUMINA-075005_0053_FC:3:1:11511:1341#0,561419,+,0,unique,561419,+,0,yes
ILLUMINA-075005_0053_FC:3:1:12374:1339#0,16785366,-,1,unique,16785366,-,1,yes
ILLUMINA-075005_0053_FC:3:1:13123:1341#0,5531241,+,1,unique,5531241,+,1,yes
ILLUMINA-075005_0053_FC:3:1:14907:1336#0,6061697,+,0,unique,6061697,+,0,yes
ILLUMINA-075005_0053_FC:3:1:15395:1339#0,13922137,+,1,unique,13922137,+,1,yes
ILLUMINA-075005_0053_FC:3:1:16396:1336#0,4228416,-,1,unique,4228416,-,1,yes
ILLUMINA-075005_0053_FC:3:1:18349:1338#0,13921681,+,0,unique,13921681,+,0,yes
ILLUMINA-075005_0053_FC:3:1:2751:1343#0,10847358,+,0,unique,10847358,+,0,yes
ILLUMINA-075005_0053_FC:3:1:2953:1345#0,7744024,+,0,unique,7744024,+,0,yes
ILLUMINA-075005_0053_FC:3:1:4705:1352#0,18660550,+,0,unique,18660550,+,0,yes
ILLUMINA-075005_0053_FC:3:1:5835:1350#0,10234122,-,0,unique,10234122,-,0,yes
ILLUMINA-075005_0053_FC:3:1:6349:1351#0,6927115,-,0,unique,6927115,-,0,yes
ILLUMINA-075005_0053_FC:3:1:8376:1350#0,22536139,+,0,unique,22536139,+,0,yes
ILLUMINA-075005_0053_FC:3:1:9536:1341#0,13933126,+,0,unique,13933126,+,0,yes
ILLUMINA-075005_0053_FC:3:1:11234:1346#0,18832974,-,0,unique,18832974,-,0,yes
ILLUMINA-075005_0053_FC:3:1:12038:1346#0,8363947,+,0,unique,8363947,+,0,yes
ILLUMINA-075005_0053_FC:3:1:13097:1350#0,4228318,-,0,unique,4228318,-,0,yes
ILLUMINA-075005_0053_FC:3:1:15509:1346#0,13272944,-,0,unique,13272944,-,0,yes
ILLUMINA-075005_0053_FC:3:1:2587:1357#0,9896977,+,1,unique,9896977,+,1,yes
ILLUMINA-075005_0053_FC:3:1:5460:1357#0,13933354,+,1,unique,13933354,+,1,yes
ILLUMINA-075005_0053_FC:3:1:9321:1356#0,21171958,-,0,unique,21171958,-,0,yes
ILLUMINA-075005_0053_FC:3:1:15373:1354#0,13922708,+,0,unique,13922708,+,0,yes
ILLUMINA-075005_0053_FC:3:1:1634:1368#0,18442742,+,2,unique,18442742,+,2,yes
ILLUMINA-075005_0053_FC:3:1:2497:1366#0,21679086,+,0,unique,21679086,+,0,yes
ILLUMINA-075005_0053_FC:3:1:3427:1369#0,900676,-,0,unique,900676,-,0,yes
ILLUMINA-075005_0053_FC:3:1:3711:1367#0,21679552,+,1,unique,21679552,+,1,yes
ILLUMINA-075005_0053_FC:3:1:4561:1372#0,561308,+,1,unique,561308,+,1,yes
ILLUMINA-075005_0053_FC:3:1:5596:1375#0,39368,+,0,unique,39368,+,0,yes
ILLUMINA-075005_0053_FC:3:1:9181:1368#0,1725305,+,0,unique,1725305,+,0,yes
ILLUMINA-075005_0053_FC:3:1:9349:1375#0,13945367,+,0,unique,13945367,+,0,yes
ILLUMINA-075005_0053_FC:3:1:9710:1366#0,1707510,+,0,unique,1707510,+,0,yes
ILLUMINA-075005_0053_FC:3:1:10269:1374#0,21172063,-,0,unique,21172063,-,0,yes
ILLUMINA-075005_0053_FC:3:1:10426:1374#0,6062208,+,1,unique,6062208,+,1,yes
ILLUMINA-075005_0053_FC:3:1:11445:1368#0,16328563,+,0,unique,16328563,+,0,yes
ILLUMINA-075005_0053_FC:3:1:13207:1373#0,4331753,-,1,unique,4331753,-,1,yes
ILLUMINA-075005_0053_FC:3:1:17996:1366#0,562360,+,0,unique,562360,+,0,yes
ILLUMINA-075005_0053_FC:3:1:1370:1379#0,8379457,+,0,unique,8379457,+,0,yes
ILLUMINA-075005_0053_FC:3:1:1582:1386#0,19959408,-,1,unique,19959408,-,1,yes
ILLUMINA-075005_0053_FC:3:1:3622:1387#0,9903685,+,3,unique,9903685,+,3,yes
ILLUMINA-075005_0053_FC:3:1:4378:1378#0,21678914,+,0,unique,21678914,+,0,yes
ILLUMINA-075005_0053_FC:3:1:7843:1388#0,13921123,+,1,unique,13921123,+,1,yes
ILLUMINA-075005_0053_FC:3:1:8779:1387#0,10847561,+,0,unique,10847561,+,0,yes
ILLUMINA-075005_0053_FC:3:1:10362:1386#0,1725588,+,0,unique,1725588,+,0,yes
ILLUMINA-075005_0053_FC:3:1:11595:1378#0,21678298,+,0,unique,21678298,+,0,yes
ILLUMINA-075005_0053_FC:3:1:11940:1381#0,6935133,+,0,unique,6935133,+,0,yes
ILLUMINA-075005_0053_FC:3:1:14581:1380#0,16742828,+,0,unique,16742828,+,0,yes
ILLUMINA-075005_0053_FC:3:1:15441:1382#0,13922819,+,1,unique,13922819,+,1,yes
ILLUMINA-075005_0053_FC:3:1:17677:1379#0,10975863,+,1,unique,10975863,+,1,yes
ILLUMINA-075005_0053_FC:3:1:18483:1388#0,9896331,+,1,unique,9896331,+,1,yes
ILLUMINA-075005_0053_FC:3:1:19424:1387#0,19959517,-,0,unique,19959517,-,0,yes
ILLUMINA-075005_0053_FC:3:1:1267:1396#0,5327835,-,1,unique,5327835,-,1,yes
ILLUMINA-075005_0053_FC:3:1:4552:1388#0,9896310,+,0,unique,9896310,+,0,yes
ILLUMINA-075005_0053_FC:3:1:5178:1398#0,13923364,+,0,unique,13923364,+,0,yes
ILLUMINA-075005_0053_FC:3:1:10265:1393#0,21172063,-,0,unique,21172063,-,0,yes
ILLUMINA-075005_0053_FC:3:1:11482:1394#0,21170479,-,0,unique,21170479,-,0,yes
ILLUMINA-075005_0053_FC:3:1:11604:1398#0,21678233,+,0,unique,21678233,+,0,yes
ILLUMINA-075005_0053_FC:3:1:13405:1393#0,15064623,+,0,unique,15064623,+,0,yes
ILLUMINA-075005_0053_FC:3:1:14190:1398#0,21170946,-,0,unique,21170946,-,0,yes
ILLUMINA-075005_0053_FC:3:1:19409:1395#0,19959517,-,1,unique,19959517,-,1,yes
ILLUMINA-075005_0053_FC:3:1:3032:1406#0,16788034,-,0,unique,16788034,-,0,yes
ILLUMINA-075005_0053_FC:3:1:5976:1408#0,13923361,+,0,unique,13923361,+,0,yes
ILLUMINA-075005_0053_FC:3:1:6804:1402#0,15037233,-,0,unique,15037233,-,0,yes
ILLUMINA-075005_0053_FC:3:1:7225:1402#0,10222000,-,2,unique,10222000,-,2,yes
ILLUMINA-075005_0053_FC:3:1:9845:1410#0,9896300,+,0,unique,9896300,+,0,yes
ILLUMINA-075005_0053_FC:3:1:10570:1405#0,18442514,+,0,unique,18442514,+,0,yes
ILLUMINA-075005_0053_FC:3:1:10727:1410#0,13394356,+,0,unique,13394356,+,0,yes
ILLUMINA-075005_0053_FC:3:1:12424:1411#0,13922805,+,1,unique,13922805,+,1,yes
ILLUMINA-075005_0053_FC:3:1:13030:1408#0,10201851,-,0,unique,10201851,-,0,yes
ILLUMINA-075005_0053_FC:3:1:13099:1403#0,18442949,+,0,unique,18442949,+,0,yes
ILLUMINA-075005_0053_FC:3:1:13840:1401#0,9896307,+,0,unique,9896307,+,0,yes
ILLUMINA-075005_0053_FC:3:1:15526:1411#0,4797310,+,0,unique,4797310,+,0,yes
ILLUMINA-075005_0053_FC:3:1:16825:1403#0,17472130,+,0,unique,17472130,+,0,yes
ILLUMINA-075005_0053_FC:3:1:18659:1401#0,8363955,+,0,unique,8363955,+,0,yes
ILLUMINA-075005_0053_FC:3:1:6193:1413#0,11523606,+,0,unique,11523606,+,0,yes
ILLUMINA-075005_0053_FC:3:1:7321:1416#0,10201715,-,0,unique,10201715,-,0,yes
ILLUMINA-075005_0053_FC:3:1:9121:1415#0,10038424,-,0,unique,10038424,-,0,yes
ILLUMINA-075005_0053_FC:3:1:9515:1417#0,19008459,+,0,unique,19008459,+,0,yes
ILLUMINA-075005_0053_FC:3:1:9996:1422#0,10201814,-,0,unique,10201814,-,0,yes
ILLUMINA-075005_0053_FC:3:1:11190:1421#0,2382633,-,1,unique,2382633,-,1,yes
ILLUMINA-075005_0053_FC:3:1:13120:1417#0,13921303,+,0,unique,13921303,+,0,yes
ILLUMINA-075005_0053_FC:3:1:16144:1413#0,13921941,+,0,unique,13921941,+,0,yes
ILLUMINA-075005_0053_FC:3:1:17666:1423#0,21171683,-,0,unique,21171683,-,0,yes
ILLUMINA-075005_0053_FC:3:1:19642:1414#0,13921669,+,0,unique,13921669,+,0,yes
ILLUMINA-075005_0053_FC:3:1:1394:1431#0,8191560,+,0,unique,8191560,+,0,yes
ILLUMINA-075005_0053_FC:3:1:5603:1427#0,18856628,+,0,unique,18856628,+,0,yes
ILLUMINA-075005_0053_FC:3:1:6154:1429#0,12045641,+,0,unique,12045641,+,0,yes
ILLUMINA-075005_0053_FC:3:1:7192:1434#0,4228465,-,0,unique,4228465,-,0,yes
ILLUMINA-075005_0053_FC:3:1:10736:1428#0,19543828,-,0,unique,19543828,-,0,yes
ILLUMINA-075005_0053_FC:3:1:14761:1427#0,13394356,+,0,unique,13394356,+,0,yes
ILLUMINA-075005_0053_FC:3:1:14809:1432#0,3145332,+,0,unique,3145332,+,0,yes
ILLUMINA-075005_0053_FC:3:1:17058:1425#0,13922162,+,0,unique,13922162,+,0,yes
ILLUMINA-075005_0053_FC:3:1:17256:1431#0,17440609,+,0,unique,17440609,+,0,yes
ILLUMINA-075005_0053_FC:3:1:17747:1434#0,10847808,+,0,unique,10847808,+,0,yes
ILLUMINA-075005_0053_FC:3:1:18684:1431#0,1726239,+,1,unique,1726239,+,1,yes
ILLUMINA-075005_0053_FC:3:1:6060:1443#0,9968374,-,0,unique,9968374,-,0,yes
ILLUMINA-075005_0053_FC:3:1:7809:1435#0,19008379,+,0,unique,19008379,+,0,yes
ILLUMINA-075005_0053_FC:3:1:8029:1441#0,8363990,+,1,unique,8363990,+,1,yes
ILLUMINA-075005_0053_FC:3:1:9286:1445#0,12744051,-,0,unique,12744051,-,0,yes
ILLUMINA-075005_0053_FC:3:1:10914:1441#0,155662,-,0,unique,155662,-,0,yes
ILLUMINA-075005_0053_FC:3:1:13770:1437#0,13921143,+,0,unique,13921143,+,0,yes
ILLUMINA-075005_0053_FC:3:1:15471:1445#0,13922137,+,1,unique,13922137,+,1,yes
ILLUMINA-075005_0053_FC:3:1:2370:1448#0,4228360,-,0,unique,4228360,-,0,yes
ILLUMINA-075005_0053_FC:3:1:2771:1456#0,10491238,+,0,unique,10491238,+,0,yes
ILLUMINA-075005_0053_FC:3:1:2962:1449#0,6558424,-,2,unique,6558424,-,2,yes
ILLUMINA-075005_0053_FC:3:1:11719:1454#0,10848672,+,0,unique,10848672,+,0,yes
ILLUMINA-075005_0053_FC:3:1:12816:1457#0,20751360,+,2,unique,20751360,+,2,yes
ILLUMINA-075005_0053_FC:3:1:13382:1453#0,10806658,+,0,unique,10806658,+,0,yes
ILLUMINA-075005_0053_FC:3:1:15736:1455#0,1613057,+,1,unique,1613057,+,1,yes
ILLUMINA-075005_0053_FC:3:1:16588:1451#0,19403093,+,0,unique,19403093,+,0,yes
ILLUMINA-075005_0053_FC:3:1:18227:1455#0,4457877,+,0,unique,4457877,+,0,yes
ILLUMINA-075005_0053_FC:3:1:19036:1451#0,4975187,-,0,unique,4975187,-,0,yes
ILLUMINA-075005_0053_FC:3:1:2437:1463#0,9555986,+,2,unique,9555986,+,2,yes
ILLUMINA-075005_0053_FC:3:1:4607:1463#0,8363741,+,1,unique,8363741,+,1,yes
ILLUMINA-075005_0053_FC:3:1:5291:1467#0,3579079,+,0,unique,3579079,+,0,yes
ILLUMINA-075005_0053_FC:3:1:5947:1468#0,16783338,-,0,unique,16783338,-,0,yes
ILLUMINA-075005_0053_FC:3:1:6274:1464#0,5327794,-,1,unique,5327794,-,1,yes
ILLUMINA-075005_0053_FC:3:1:6681:1470#0,21170234,-,0,unique,21170234,-,0,yes
ILLUMINA-075005_0053_FC:3:1:7827:1466#0,21171526,-,0,unique,21171526,-,0,yes
ILLUMINA-075005_0053_FC:3:1:7879:1464#0,18442566,+,0,unique,18442566,+,0,yes
ILLUMINA-075005_0053_FC:3:1:8030:1469#0,6934217,+,0,unique,6934217,+,0,yes
ILLUMINA-075005_0053_FC:3:1:8158:1469#0,13394630,+,0,unique,13394630,+,0,yes
ILLUMINA-075005_0053_FC:3:1:10825:1459#0,7825692,+,0,unique,7825692,+,0,yes
ILLUMINA-075005_0053_FC:3:1:11449:1459#0,562758,-,4,unmapped,,,,no
ILLUMINA-075005_0053_FC:3:1:11996:1465#0,2856554,-,0,unique,2856554,-,0,yes
ILLUMINA-075005_0053_FC:3:1:12392:1464#0,2770684,-,0,unique,2770684,-,0,yes
ILLUMINA-075005_0053_FC:3:1:12834:1461#0,20751360,+,2,unique,20751360,+,2,yes
ILLUMINA-075005_0053_FC:3:1:16487:1460#0,561390,+,0,unique,561390,+,0,yes
ILLUMINA-075005_0053_FC:3:1:17421:1459#0,19954688,-,0,unique,19954688,-,0,yes
ILLUMINA-075005_0053_FC:3:1:19662:1462#0,13921933,+,1,unique,13921933,+,1,yes
ILLUMINA-075005_0053_FC:3:1:19690:1466#0,561647,+,1,unique,561647,+,1,yes
ILLUMINA-075005_0053_FC:3:1:1607:1471#0,10848595,+,0,unique,10848595,+,0,yes
ILLUMINA-075005_0053_FC:3:1:1710:1480#0,13921082,+,0,unique,13921082,+,0,yes
ILLUMINA-075005_0053_FC:3:1:1835:1480#0,10410359,-,0,unique,10410359,-,0,yes
ILLUMINA-075005_0053_FC:3:1:5238:1471#0,16774618,-,1,unique,16774618,-,1,yes
ILLUMINA-075005_0053_FC:3:1:9656:1478#0,13933005,+,8,unmapped,,,,no
ILLUMINA-075005_0053_FC:3:1:10608:1479#0,2747870,+,0,unique,2747870,+,0,yes
ILLUMINA-075005_0053_FC:3:1:11332:1472#0,9967945,-,0,unique,9967945,-,0,yes
ILLUMINA-075005_0053_FC:3:1:15943:1476#0,21172645,-,0,unique,21172645,-,0,yes
ILLUMINA-075005_0053_FC:3:1:17675:1479#0,13933053,+,1,unique,13933053,+,1,yes
ILLUMINA-075005_0053_FC:3:1:18793:1479#0,10848650,+,0,unique,10848650,+,0,yes
ILLUMINA-075005_0053_FC:3:1:3282:1490#0,10234142,-,1,unique,10234142,-,1,yes
ILLUMINA-075005_0053_FC:3:1:4451:1488#0,16786561,-,0,unique,16786561,-,0,yes
ILLUMINA-075005_0053_FC:3:1:6057:1490#0,18442566,+,2,unique,18442566,+,2,yes
ILLUMINA-075005_0053_FC:3:1:8030:1488#0,2962615,-,0,unique,2962615,-,0,yes
ILLUMINA-075005_0053_FC:3:1:10584:1489#0,7818688,-,1,unique,7818688,-,1,yes
ILLUMINA-075005_0053_FC:3:1:11794:1487#0,10847806,-,0,unique,10847806,-,0,yes
ILLUMINA-075005_0053_FC:3:1:13378:1492#0,19123230,+,0,unique,19123230,+,0,yes
ILLUMINA-075005_0053_FC:3:1:17745:1486#0,5174913,-,0,multi,,,,no
ILLUMINA-075005_0053_FC:3:1:18541:1488#0,9967741,-,0,unique,9967741,-,0,yes
ILLUMINA-075005_0053_FC:3:1:18701:1491#0,11523935,+,0,unique,11523935,+,0,yes
ILLUMINA-075005_0053_FC:3:1:1973:1500#0,1606787,-,1,unique,1606787,-,1,yes
ILLUMINA-075005_0053_FC:3:1:3805:1504#0,8379900,+,0,unique,8379900,+,0,yes
ILLUMINA-075005_0053_FC:3:1:6036:1496#0,13945749,+,1,unique,13945749,+,1,yes
ILLUMINA-075005_0053_FC:3:1:7251:1503#0,16786463,-,0,unique,16786463,-,0,yes
ILLUMINA-075005_0053_FC:3:1:11816:1498#0,22247149,+,1,unique,22247149,+,1,yes
ILLUMINA-075005_0053_FC:3:1:13244:1500#0,9940438,-,0,unique,9940438,-,0,yes
ILLUMINA-075005_0053_FC:3:1:15037:1501#0,13933656,+,0,unique,13933656,+,0,yes
ILLUMINA-075005_0053_FC:3:1:2170:1515#0,13933574,+,2,unique,13933574,+,2,yes
ILLUMINA-075005_0053_FC:3:1:5871:1509#0,18442567,+,0,unique,18442567,+,0,yes
ILLUMINA-075005_0053_FC:3:1:12509:1507#0,13922083,+,0,unique,13922083,+,0,yes
ILLUMINA-075005_0053_FC:3:1:14694:1509#0,21172596,-,0,unique,21172596,-,0,yes
ILLUMINA-075005_0053_FC:3:1:2150:1520#0,16785070,-,1,unique,16785070,-,1,yes
ILLUMINA-075005_0053_FC:3:1:2314:1527#0,13921108,+,0,unique,13921108,+,0,yes
ILLUMINA-075005_0053_FC:3:1:2436:1527#0,864062,+,0,unique,864062,+,0,yes
ILLUMINA-075005_0053_FC:3:1:2599:1524#0,10854152,-,0,unique,10854152,-,0,yes
ILLUMINA-075005_0053_FC:3:1:2676:1520#0,13394473,+,0,unique,13394473,+,0,yes
ILLUMINA-075005_0053_FC:3:1:2812:1524#0,16785354,-,0,unique,16785354,-,0,yes
ILLUMINA-075005_0053_FC:3:1:4262:1519#0,10771066,-,0,unique,10771066,-,0,yes
ILLUMINA-075005_0053_FC:3:1:6448:1522#0,3621309,-,0,unique,3621309,-,0,yes
ILLUMINA-075005_0053_FC:3:1:9493:1526#0,7825691,+,0,unique,7825691,+,0,yes
ILLUMINA-075005_0053_FC:3:1:9608:1523#0,9765273,-,1,unique,9765273,-,1,yes
ILLUMINA-075005_0053_FC:3:1:9713:1521#0,561006,+,1,unique,561006,+,1,yes
ILLUMINA-075005_0053_FC:3:1:12613:1522#0,16783492,-,1,unique,16783492,-,1,yes
ILLUMINA-075005_0053_FC:3:1:13961:1518#0,9767950,-,2,unique,9767950,-,2,yes
ILLUMINA-075005_0053_FC:3:1:14612:1523#0,21100272,+,0,unique,21100272,+,0,yes
ILLUMINA-075005_0053_FC:3:1:16854:1520#0,13945165,+,1,unique,13945165,+,1,yes
ILLUMINA-075005_0053_FC:3:1:19228:1523#0,1725170,+,0,unique,1725170,+,0,yes
ILLUMINA-075005_0053_FC:3:1:6865:1533#0,7825676,+,0,unique,7825676,+,0,yes
ILLUMINA-075005_0053_FC:3:1:7175:1536#0,22534948,+,0,unique,22534948,+,0,yes
ILLUMINA-075005_0053_FC:3:1:9089:1535#0,10332964,-,0,unique,10332964,-,0,yes
ILLUMINA-075005_0053_FC:3:1:9735:1531#0,9919396,-,0,unique,9919396,-,0,yes
ILLUMINA-075005_0053_FC:3:1:12573:1540#0,4228432,-,0,unique,4228432,-,0,yes
ILLUMINA-075005_0053_FC:3:1:13033:1536#0,8405205,-,0,unique,8405205,-,0,yes
ILLUMINA-075005_0053_FC:3:1:14241:1539#0,19959959,-,0,unique,19959959,-,0,yes
ILLUMINA-075005_0053_FC:3:1:16279:1533#0,9390701,-,0,unique,9390701,-,0,yes
ILLUMINA-075005_0053_FC:3:1:18646:1534#0,561860,+,1,unique,561860,+,1,yes
ILLUMINA-075005_0053_FC:3:1:18753:1536#0,15749608,+,0,unique,15749608,+,0,yes
ILLUMINA-075005_0053_FC:3:1:19619:1537#0,7825893,+,0,unique,7825893,+,0,yes
ILLUMINA-075005_0053_FC:3:1:3582:1546#0,10848079,+,1,unique,10848079,+,1,yes
ILLUMINA-075005_0053_FC:3:1:3719:1543#0,10202081,-,0,unique,10202081,-,0,yes
ILLUMINA-075005_0053_FC:3:1:4138:1551#0,11799321,+,0,unique,11799321,+,0,yes
ILLUMINA-075005_0053_FC:3:1:6181:1549#0,5206484,-,0,unique,5206484,-,0,yes
ILLUMINA-075005_0053_FC:3:1:7647:1547#0,14616649,-,0,unique,14616649,-,0,yes
ILLUMINA-075005_0053_FC:3:1:8558:1543#0,9896764,+,0,unique,9896764,+,0,yes
ILLUMINA-075005_0053_FC:3:1:8581:1542#0,10410346,-,0,unique,10410346,-,0,yes
ILLUMINA-075005_0053_FC:3:1:8601:1543#0,13945967,+,0,unique,13945967,+,0,yes
ILLUMINA-075005_0053_FC:3:1:12469:1545#0,18383847,-,1,unique,18383847,-,1,yes
ILLUMINA-075005_0053_FC:3:1:12815:1542#0,8132087,-,0,unique,8132087,-,0,yes
ILLUMINA-075005_0053_FC:3:1:13534:1552#0,10853902,-,0,unique,10853902,-,0,yes
ILLUMINA-075005_0053_FC:3:1:13560:1541#0,3466968,-,0,unique,3466968,-,0,yes
ILLUMINA-075005_0053_FC:3:1:14278:1549#0,16450364,-,2,unique,16450364,-,2,yes
ILLUMINA-075005_0053_FC:3:1:15561:1545#0,7408171,-,0,unique,7408171,-,0,yes
ILLUMINA-075005_0053_FC:3:1:18296:1542#0,3070999,+,0,unique,3070999,+,0,yes
ILLUMINA-075005_0053_FC:3:1:2207:1557#0,16785659,-,0,unique,16785659,-,0,yes
ILLUMINA-075005_0053_FC:3:1:2764:1559#0,10201301,-,1,unique,10201301,-,1,yes
ILLUMINA-075005_0053_FC:3:1:3759:1554#0,9736781,-,1,unique,9736781,-,1,yes
ILLUMINA-075005_0053_FC:3:1:4760:1563#0,13921666,+,0,unique,13921666,+,0,yes
ILLUMINA-075005_0053_FC:3:1:5258:1564#0,13933097,+,0,unique,13933097,+,0,yes
ILLUMINA-075005_0053_FC:3:1:5725:1554#0,10201377,-,0,unique,10201377,-,0,yes
ILLUMINA-075005_0053_FC:3:1:7509:1557#0,5182164,-,0,multi,,,,no
ILLUMINA-075005_0053_FC:3:1:9965:1562#0,18442754,+,1,unique,18442754,+,1,yes
ILLUMINA-075005_0053_FC:3:1:10045:1562#0,4457816,+,1,unique,4457816,+,1,yes
ILLUMINA-075005_0053_FC:3:1:14400:1564#0,9552014,+,0,unique,9552014,+,0,yes
ILLUMINA-075005_0053_FC:3:1:14672:1564#0,19959444,-,0,unique,19959444,-,0,yes
ILLUMINA-075005_0053_FC:3:1:14952:1560#0,9163358,-,1,unique,9163358,-,1,yes
ILLUMINA-075005_0053_FC:3:1:15214:1561#0,12738826,-,0,unique,12738826,-,0,yes
ILLUMINA-075005_0053_FC:3:1:16064:1562#0,5071647,-,2,unique,5071647,-,2,yes
ILLUMINA-075005_0053_FC:3:1:16951:1555#0,5984382,-,0,unique,5984382,-,0,yes
ILLUMINA-075005_0053_FC:3:1:18496:1556#0,16887547,+,0,unique,16887547,+,0,yes
ILLUMINA-075005_0053_FC:3:1:18546:1554#0,212456,+,0,unique,212456,+,0,yes
ILLUMINA-075005_0053_FC:3:1:1903:1566#0,16785114,-,0,unique,16785114,-,0,yes
ILLUMINA-075005_0053_FC:3:1:3821:1574#0,218061,+,0,unique,218061,+,0,yes
ILLUMINA-075005_0053_FC:3:1:5124:1569#0,18705387,+,0,unique,18705387,+,0,yes
ILLUMINA-075005_0053_FC:3:1:5420:1568#0,2856482,-,0,unique,2856482,-,0,yes
ILLUMINA-075005_0053_FC:3:1:10607:1566#0,2579489,+,1,unique,2579489,+,1,yes
ILLUMINA-075005_0053_FC:3:1:12353:1572#0,9555990,+,0,unique,9555990,+,0,yes
ILLUMINA-075005_0053_FC:3:1:13525:1573#0,20073892,+,0,unique,20073892,+,0,yes
ILLUMINA-075005_0053_FC:3:1:14815:1566#0,2373260,+,2,unique,2373260,+,2,yes
ILLUMINA-075005_0053_FC:3:1:17202:1567#0,8363824,+,0,unique,8363824,+,0,yes
ILLUMINA-075005_0053_FC:3:1:19041:1573#0,5953600,-,0,unique,5953600,-,0,yes
ILLUMINA-075005_0053_FC:3:1:19402:1573#0,16780658,-,0,unique,16780658,-,0,yes
ILLUMINA-075005_0053_FC:3:1:2121:1583#0,9896990,+,0,unique,9896990,+,0,yes
ILLUMINA-075005_0053_FC:3:1:3471:1581#0,9967777,-,1,unique,9967777,-,1,yes
ILLUMINA-075005_0053_FC:3:1:7952:1586#0,2746886,+,0,unique,2746886,+,0,yes
ILLUMINA-075005_0053_FC:3:1:8977:1584#0,16784691,-,0,unique,16784691,-,0,yes
ILLUMINA-075005_0053_FC:3:1:9640:1587#0,18442518,+,0,unique,18442518,+,0,yes
ILLUMINA-075005_0053_FC:3:1:10375:1581#0,562773,+,0,unique,562773,+,0,yes
ILLUMINA-075005_0053_FC:3:1:11289:1581#0,8042014,+,0,unique,8042014,+,0,yes
ILLUMINA-075005_0053_FC:3:1:11370:1587#0,18450531,+,0,unique,18450531,+,0,yes
ILLUMINA-075005_0053_FC:3:1:12682:1586#0,205113,+,0,unique,205113,+,0,yes
ILLUMINA-075005_0053_FC:3:1:14682:1583#0,10848639,+,0,unique,10848639,+,0,yes
ILLUMINA-075005_0053_FC:3:1:15031:1584#0,7858404,+,0,unique,7858404,+,0,yes
ILLUMINA-075005_0053_FC:3:1:15821:1576#0,10410301,-,0,unique,10410301,-,0,yes
ILLUMINA-075005_0053_FC:3:1:19085:1587#0,5147126,-,0,unique,5147126,-,0,yes
ILLUMINA-075005_0053_FC:3:1:19281:1585#0,13933172,+,1,unique,13933172,+,1,yes
ILLUMINA-075005_0053_FC:3:1:1563:1597#0,16786704,-,0,unique,16786704,-,0,yes
ILLUMINA-075005_0053_FC:3:1:2693:1594#0,8363770,+,0,unique,8363770,+,0,yes
ILLUMINA-075005_0053_FC:3:1:3507:1599#0,8363771,+,0,unique,8363771,+,0,yes
ILLUMINA-075005_0053_FC:3:1:4434:1598#0,13217204,+,1,unique,13217204,+,1,yes
ILLUMINA-075005_0053_FC:3:1:6263:1594#0,6061790,+,2,unique,6061790,+,2,yes
ILLUMINA-075005_0053_FC:3:1:7069:1599#0,12311027,-,0,unique,12311027,-,0,yes
ILLUMINA-075005_0053_FC:3:1:7654:1598#0,19122498,+,0,unique,19122498,+,0,yes
ILLUMINA-075005_0053_FC:3:1:7674:1590#0,4228431,-,0,unique,4228431,-,0,yes
ILLUMINA-075005_0053_FC:3:1:9657:1594#0,5206357,-,0,unique,5206357,-,0,yes
ILLUMINA-075005_0053_FC:3:1:10643:1592#0,1725170,+,0,unique,1725170,+,0,yes
ILLUMINA-075005_0053_FC:3:1:11412:1591#0,9896632,+,0,unique,9896632,+,0,yes
ILLUMINA-075005_0053_FC:3:1:12379:1599#0,13921201,+,0,unique,13921201,+,0,yes
ILLUMINA-075005_0053_FC:3:1:13305:1592#0,13921123,+,1,unique,13921123,+,1,yes
ILLUMINA-075005_0053_FC:3:1:14599:1594#0,13922828,+,2,unique,13922828,+,2,yes
ILLUMINA-075005_0053_FC:3:1:15014:1593#0,7858404,+,0,unique,7858404,+,0,yes
ILLUMINA-075005_0053_FC:3:1:19398:1594#0,4399694,-,0,unique,4399694,-,0,yes
ILLUMINA-075005_0053_FC:3:1:19590:1595#0,10800924,+,0,unique,10800924,+,0,yes
ILLUMINA-075005_0053_FC:3:1:3040:1605#0,4228360,-,1,unique,4228360,-,1,yes
ILLUMINA-075005_0053_FC:3:1:4072:1606#0,9787539,+,0,unique,9787539,+,0,yes
ILLUMINA-075005_0053_FC:3:1:4257:1605#0,22536132,+,0,unique,22536132,+,0,yes
ILLUMINA-075005_0053_FC:3:1:8828:1604#0,18069013,-,0,unique,18069013,-,0,yes
ILLUMINA-075005_0053_FC:3:1:10769:1611#0,13394450,+,2,unique,13394450,+,2,yes
ILLUMINA-075005_0053_FC:3:1:11092:1608#0,4228318,-,1,unique,4228318,-,1,yes
ILLUMINA-075005_0053_FC:3:1:12576:1608#0,22534940,+,0,unique,22534940,+,0,yes
ILLUMINA-075005_0053_FC:3:1:13466:1608#0,4228316,-,0,unique,4228316,-,0,yes
ILLUMINA-075005_0053_FC:3:1:15474:1603#0,10201990,-,0,unique,10201990,-,0,yes
ILLUMINA-075005_0053_FC:3:1:15503:1603#0,4457767,+,0,unique,4457767,+,0,yes
ILLUMINA-075005_0053_FC:3:1:17335:1605#0,13933064,+,1,unique,13933064,+,1,yes
ILLUMINA-075005_0053_FC:3:1:3886:1612#0,13945448,+,0,unique,13945448,+,0,yes
ILLUMINA-075005_0053_FC:3:1:3957:1622#0,16786220,-,1,unique,16786220,-,1,yes
ILLUMINA-075005_0053_FC:3:1:4161:1614#0,3149112,+,0,unique,3149112,+,0,yes
ILLUMINA-075005_0053_FC:3:1:9472:1621#0,16785644,-,0,unique,16785644,-,0,yes
ILLUMINA-075005_0053_FC:3:1:9800:1619#0,13933694,+,0,unique,13933694,+,0,yes
ILLUMINA-075005_0053_FC:3:1:15298:1612#0,21172310,-,0,unique,21172310,-,0,yes
ILLUMINA-075005_0053_FC:3:1:18584:1617#0,2856524,-,0,unique,2856524,-,0,yes
ILLUMINA-075005_0053_FC:3:1:18836:1623#0,21678159,+,0,unique,21678159,+,0,yes
ILLUMINA-075005_0053_FC:3:1:19689:1621#0,13921881,+,1,unique,13921881,+,1,yes
ILLUMINA-075005_0053_FC:3:1:9834:1633#0,13922365,+,3,unique,13922365,+,3,yes
ILLUMINA-075005_0053_FC:3:1:10507:1624#0,1985567,+,0,unique,1985567,+,0,yes
ILLUMINA-075005_0053_FC:3:1:11826:1624#0,13921652,+,0,unique,13921652,+,0,yes
ILLUMINA-075005_0053_FC:3:1:18157:1628#0,13933104,+,0,unique,13933104,+,0,yes
ILLUMINA-075005_0053_FC:3:1:18231:1626#0,11003120,+,0,unique,11003120,+,0,yes
ILLUMINA-075005_0053_FC:3:1:1571:1643#0,12298835,-,0,unique,12298835,-,0,yes
ILLUMINA-075005_0053_FC:3:1:2311:1635#0,7826087,+,0,unique,7826087,+,0,yes
ILLUMINA-075005_0053_FC:3:1:4472:1641#0,3145145,+,0,unique,3145145,+,0,yes
ILLUMINA-075005_0053_FC:3:1:4660:1640#0,16782450,-,0,unique,16782450,-,0,yes
ILLUMINA-075005_0053_FC:3:1:5699:1640#0,3517026,-,0,unique,3517026,-,0,yes
ILLUMINA-075005_0053_FC:3:1:10944:1645#0,1725776,+,0,unique,1725776,+,0,yes
ILLUMINA-075005_0053_FC:3:1:10996:1637#0,13922763,+,1,unique,13922763,+,1,yes
ILLUMINA-075005_0053_FC:3:1:12605:1642#0,4457816,+,0,unique,4457816,+,0,yes
ILLUMINA-075005_0053_FC:3:1:12821:1645#0,2579292,+,0,unique,2579292,+,0,yes
ILLUMINA-075005_0053_FC:3:1:13223:1645#0,19053314,-,0,unique,19053314,-,0,yes
ILLUMINA-075005_0053_FC:3:1:14318:1640#0,16873154,-,3,unique,16873154,-,3,yes
ILLUMINA-075005_0053_FC:3:1:14551:1639#0,4974726,-,0,unique,4974726,-,0,yes
ILLUMINA-075005_0053_FC:3:1:14634:1640#0,21171441,-,0,unique,21171441,-,0,yes
ILLUMINA-075005_0053_FC:3:1:17568:1637#0,3036359,+,0,unique,3036359,+,0,yes
ILLUMINA-075005_0053_FC:3:1:18331:1637#0,11003068,+,0,unique,11003068,+,0,yes
ILLUMINA-075005_0053_FC:3:1:19039:1645#0,1176501,-,0,unique,1176501,-,0,yes
ILLUMINA-075005_0053_FC:3:1:19099:1642#0,13920926,+,0,unique,13920926,+,0,yes
ILLUMINA-075005_0053_FC:3:1:19688:1640#0,10241646,-,0,unique,10241646,-,0,yes
ILLUMINA-075005_0053_FC:3:1:2616:1656#0,13001305,+,1,unique,13001305,+,1,yes
ILLUMINA-075005_0053_FC:3:1:5688:1657#0,10410297,-,0,unique,10410297,-,0,yes
ILLUMINA-075005_0053_FC:3:1:7114:1655#0,1725254,+,0,unique,1725254,+,0,yes
ILLUMINA-075005_0053_FC:3:1:9674:1655#0,21172511,-,0,unique,21172511,-,0,yes
ILLUMINA-075005_0053_FC:3:1:15439:1649#0,13920952,+,0,unique,13920952,+,0,yes
ILLUMINA-075005_0053_FC:3:1:15924:1649#0,10234049,-,0,unique,10234049,-,0,yes
ILLUMINA-075005_0053_FC:3:1:16462:1654#0,13922246,+,1,unique,13922246,+,1,yes
ILLUMINA-075005_0053_FC:3:1:18613:1655#0,13922918,+,0,unique,13922918,+,0,yes
ILLUMINA-075005_0053_FC:3:1:19424:1654#0,8041984,+,0,unique,8041984,+,0,yes
ILLUMINA-075005_0053_FC:3:1:19798:1648#0,22247529,+,0,unique,22247529,+,0,yes
ILLUMINA-075005_0053_FC:3:1:2175:1670#0,8024778,-,0,unique,8024778,-,0,yes
ILLUMINA-075005_0053_FC:3:1:2875:1662#0,4228206,-,0,unique,4228206,-,0,yes
ILLUMINA-075005_0053_FC:3:1:3534:1669#0,3639220,+,0,unique,3639220,+,0,yes
ILLUMINA-075005_0053_FC:3:1:4184:1659#0,6036032,+,0,unique,6036032,+,0,yes
ILLUMINA-075005_0053_FC:3:1:4310:1670#0,10847519,+,0,unique,10847519,+,0,yes
ILLUMINA-075005_0053_FC:3:1:4572:1666#0,16785607,-,3,unique,16785607,-,3,yes
ILLUMINA-075005_0053_FC:3:1:7440:1669#0,13921869,+,0,unique,13921869,+,0,yes
ILLUMINA-075005_0053_FC:3:1:8277:1659#0,16829149,-,1,unique,16829149,-,1,yes
ILLUMINA-075005_0053_FC:3:1:8812:1660#0,9787934,+,1,unique,9787934,+,1,yes
ILLUMINA-075005_0053_FC:3:1:9283:1663#0,16783002,-,0,unique,16783002,-,0,yes
ILLUMINA-075005_0053_FC:3:1:9378:1662#0,10847809,+,1,unique,10847809,+,1,yes
ILLUMINA-075005_0053_FC:3:1:10186:1659#0,6918146,+,1,unique,6918146,+,1,yes
ILLUMINA-075005_0053_FC:3:1:11298:1660#0,6478517,+,1,unique,6478517,+,1,yes
ILLUMINA-075005_0053_FC:3:1:13026:1663#0,10975883,+,1,unique,10975883,+,1,yes
ILLUMINA-075005_0053_FC:3:1:14869:1661#0,13945516,+,0,unique,13945516,+,0,yes
ILLUMINA-075005_0053_FC:3:1:19264:1669#0,19959454,-,0,unique,19959454,-,0,yes
ILLUMINA-075005_0053_FC:3:1:1094:1679#0,16784770,-,1,unique,16784770,-,1,yes
ILLUMINA-075005_0053_FC:3:1:2386:1675#0,1606647,-,0,unique,1606647,-,0,yes
ILLUMINA-075005_0053_FC:3:1:5474:1677#0,8428874,-,0,unique,8428874,-,0,yes
ILLUMINA-075005_0053_FC:3:1:5636:1674#0,7826831,+,0,unique,7826831,+,0,yes
ILLUMINA-075005_0053_FC:3:1:5856:1673#0,21678297,+,0,unique,21678297,+,0,yes
ILLUMINA-075005_0053_FC:3:1:6911:1681#0,13921003,+,0,unique,13921003,+,0,yes
ILLUMINA-075005_0053_FC:3:1:9124:1675#0,10847246,+,0,unique,10847246,+,0,yes
ILLUMINA-075005_0053_FC:3:1:10227:1677#0,16780663,-,1,unique,16780663,-,1,yes
ILLUMINA-075005_0053_FC:3:1:10291:1676#0,16785437,-,0,unique,16785437,-,0,yes
ILLUMINA-075005_0053_FC:3:1:11437:1679#0,4966506,+,0,unique,4966506,+,0,yes
ILLUMINA-075005_0053_FC:3:1:12481:1680#0,561197,+,0,unique,561197,+,0,yes
ILLUMINA-075005_0053_FC:3:1:14204:1675#0,5327745,-,1,unique,5327745,-,1,yes
ILLUMINA-075005_0053_FC:3:1:14723:1682#0,21678253,+,0,unique,21678253,+,0,yes
ILLUMINA-075005_0053_FC:3:1:15281:1671#0,10201672,-,0,unique,10201672,-,0,yes
ILLUMINA-075005_0053_FC:3:1:16783:1672#0,10847909,+,0,unique,10847909,+,0,yes
ILLUMINA-075005_0053_FC:3:1:18963:1674#0,9913213,-,0,unique,9913213,-,0,yes
ILLUMINA-075005_0053_FC:3:1:19006:1680#0,21679632,+,0,unique,21679632,+,0,yes
ILLUMINA-075005_0053_FC:3:1:2278:1684#0,19008322,+,0,unique,19008322,+,0,yes
ILLUMINA-075005_0053_FC:3:1:2514:1693#0,4228120,-,0,unique,4228120,-,0,yes
ILLUMINA-075005_0053_FC:3:1:2746:1687#0,7429839,-,0,unique,7429839,-,0,yes
ILLUMINA-075005_0053_FC:3:1:2824:1693#0,16846981,+,0,unique,16846981,+,0,yes
ILLUMINA-075005_0053_FC:3:1:2870:1686#0,16783258,-,0,unique,16783258,-,0,yes
ILLUMINA-075005_0053_FC:3:1:10386:1685#0,13932847,+,0,unique,13932847,+,0,yes
ILLUMINA-075005_0053_FC:3:1:11900:1688#0,21678806,+,0,unique,21678806,+,0,yes
ILLUMINA-075005_0053_FC:3:1:12208:1690#0,16785649,-,0,unique,16785649,-,0,yes
ILLUMINA-075005_0053_FC:3:1:17688:1693#0,19524790,-,1,unique,19524790,-,1,yes
ILLUMINA-075005_0053_FC:3:1:17738:1685#0,18442981,+,1,unique,18442981,+,1,yes
ILLUMINA-075005_0053_FC:3:1:18813:1693#0,18442790,+,1,unique,18442790,+,1,yes
ILLUMINA-075005_0053_FC:3:1:4217:1702#0,18442564,+,2,unique,18442564,+,2,yes
ILLUMINA-075005_0053_FC:3:1:10505:1697#0,10409968,-,0,unique,10409968,-,0,yes
ILLUMINA-075005_0053_FC:3:1:15010:1699#0,4343606,-,0,unique,4343606,-,0,yes
ILLUMINA-075005_0053_FC:3:1:19106:1695#0,13921139,+,0,unique,13921139,+,0,yes
ILLUMINA-075005_0053_FC:3:1:2587:1706#0,13933398,+,1,unique,13933398,+,1,yes
ILLUMINA-075005_0053_FC:3:1:7250:1710#0,7825679,+,1,unique,7825679,+,1,yes
ILLUMINA-075005_0053_FC:3:1:9641:1715#0,6382580,-,0,unique,6382580,-,0,yes
ILLUMINA-075005_0053_FC:3:1:10947:1707#0,9932526,+,1,unique,9932526,+,1,yes
ILLUMINA-075005_0053_FC:3:1:14219:1716#0,2233804,+,0,unique,2233804,+,0,yes
ILLUMINA-075005_0053_FC:3:1:16345:1715#0,21171968,-,0,unique,21171968,-,0,yes
ILLUMINA-075005_0053_FC:3:1:18614:1713#0,19959818,-,1,unique,19959818,-,1,yes
ILLUMINA-075005_0053_FC:3:1:19610:1705#0,27271,+,0,unique,27271,+,0,yes
ILLUMINA-075005_0053_FC:3:1:9745:1724#0,19180578,+,0,unique,19180578,+,0,yes
ILLUMINA-075005_0053_FC:3:1:10703:1727#0,6527911,+,1,unique,6527911,+,1,yes
ILLUMINA-075005_0053_FC:3:1:11155:1724#0,10854497,-,0,unique,10854497,-,0,yes
ILLUMINA-075005_0053_FC:3:1:13027:1727#0,12978339,-,0,unique,12978339,-,0,yes
ILLUMINA-075005_0053_FC:3:1:16740:1719#0,1725164,+,0,unique,1725164,+,0,yes
ILLUMINA-075005_0053_FC:3:1:17323:1727#0,20877592,+,0,unique,20877592,+,0,yes
ILLUMINA-075005_0053_FC:3:1:18367:1727#0,19008325,+,0,unique,19008325,+,0,yes
ILLUMINA-075005_0053_FC:3:1:3018:1732#0,5034904,-,0,unique,5034904,-,0,yes
ILLUMINA-075005_0053_FC:3:1:3726:1735#0,8407970,-,0,unique,8407970,-,0,yes
ILLUMINA-075005_0053_FC:3:1:7429:1739#0,19044677,+,0,unique,19044677,+,0,yes
ILLUMINA-075005_0053_FC:3:1:7794:1738#0,1601010,-,0,unique,1601010,-,0,yes
ILLUMINA-075005_0053_FC:3:1:10293:1731#0,9767575,-,0,unique,9767575,-,0,yes
ILLUMINA-075005_0053_FC:3:1:12236:1730#0,16782798,-,0,unique,16782798,-,0,yes
ILLUMINA-075005_0053_FC:3:1:12842:1734#0,5983123,-,0,unique,5983123,-,0,yes
ILLUMINA-075005_0053_FC:3:1:13567:1738#0,5985378,-,0,unique,5985378,-,0,yes
ILLUMINA-075005_0053_FC:3:1:14398:1731#0,16786085,-,2,unique,16786085,-,2,yes
ILLUMINA-075005_0053_FC:3:1:15458:1731#0,9543219,-,0,unique,9543219,-,0,yes
ILLUMINA-075005_0053_FC:3:1:16405:1740#0,561295,+,1,unique,561295,+,1,yes
ILLUMINA-075005_0053_FC:3:1:18603:1738#0,19959819,-,0,unique,19959819,-,0,yes
ILLUMINA-075005_0053_FC:3:1:3167:1741#0,2856482,-,0,unique,2856482,-,0,yes
ILLUMINA-075005_0053_FC:3:1:3671:1751#0,7734667,+,1,multi,,,,no
ILLUMINA-075005_0053_FC:3:1:3708:1744#0,8407970,-,0,unique,8407970,-,0,yes
ILLUMINA-075005_0053_FC:3:1:6128:1750#0,10410306,-,0,unique,10410306,-,0,yes
ILLUMINA-075005_0053_FC:3:1:9627:1745#0,204521,-,1,unique,204521,-,1,yes
ILLUMINA-075005_0053_FC:3:1:10545:1752#0,9896579,+,0,unique,9896579,+,0,yes
ILLUMINA-075005_0053_FC:3:1:10898:1744#0,13921919,+,0,unique,13921919,+,0,yes
ILLUMINA-075005_0053_FC:3:1:11740:1746#0,5071727,-,0,unique,5071727,-,0,yes
ILLUMINA-075005_0053_FC:3:1:12533:1749#0,1984543,+,0,unique,1984543,+,0,yes
ILLUMINA-075005_0053_FC:3:1:15242:1748#0,1983338,-,0,unique,1983338,-,0,yes
ILLUMINA-075005_0053_FC:3:1:17642:1750#0,5327760,-,0,unique,5327760,-,0,yes
ILLUMINA-075005_0053_FC:3:1:17763:1742#0,9968085,-,1,unique,9968085,-,1,yes
ILLUMINA-075005_0053_FC:3:1:2441:1759#0,1171533,-,1,unique,1171533,-,1,yes
ILLUMINA-075005_0053_FC:3:1:3322:1762#0,6069757,-,0,unique,6069757,-,0,yes
ILLUMINA-075005_0053_FC:3:1:3970:1759#0,561678,+,1,unique,561678,+,1,yes
ILLUMINA-075005_0053_FC:3:1:6556:1763#0,4228474,-,0,unique,4228474,-,0,yes
ILLUMINA-075005_0053_FC:3:1:6938:1758#0,9967718,-,1,unique,9967718,-,1,yes
ILLUMINA-075005_0053_FC:3:1:7031:1757#0,9767993,-,1,unique,9767993,-,1,yes
ILLUMINA-075005_0053_FC:3:1:8915:1762#0,10489984,+,0,unique,10489984,+,0,yes
ILLUMINA-075005_0053_FC:3:1:10016:1756#0,10394656,+,0,unique,10394656,+,0,yes
ILLUMINA-075005_0053_FC:3:1:10467:1754#0,562037,+,1,unique,562037,+,1,yes
ILLUMINA-075005_0053_FC:3:1:10726:1759#0,1104481,+,0,unique,1104481,+,0,yes
ILLUMINA-075005_0053_FC:3:1:10966:1758#0,19959863,-,0,unique,19959863,-,0,yes
ILLUMINA-075005_0053_FC:3:1:13240:1755#0,7744187,+,1,unique,7744187,+,1,yes
ILLUMINA-075005_0053_FC:3:1:14269:1761#0,19038576,-,0,unique,19038576,-,0,yes
ILLUMINA-075005_0053_FC:3:1:16910:1755#0,1613284,+,0,unique,1613284,+,0,yes
ILLUMINA-075005_0053_FC:3:1:16936:1752#0,562504,+,0,unique,562504,+,0,yes
ILLUMINA-075005_0053_FC:3:1:18755:1761#0,8052902,-,0,unique,8052902,-,0,yes
ILLUMINA-075005_0053_FC:3:1:18803:1756#0,3623387,+,0,unique,3623387,+,0,yes
ILLUMINA-075005_0053_FC:3:1:19424:1763#0,9968000,-,0,unique,9968000,-,0,yes
ILLUMINA-075005_0053_FC:3:1:4630:1771#0,12738031,-,1,unique,12738031,-,1,yes
ILLUMINA-075005_0053_FC:3:1:4963:1773#0,13945387,+,0,unique,13945387,+,0,yes
ILLUMINA-075005_0053_FC:3:1:7673:1765#0,10847774,+,0,unique,10847774,+,0,yes
ILLUMINA-075005_0053_FC:3:1:12244:1765#0,22247530,+,0,unique,22247530,+,0,yes
ILLUMINA-075005_0053_FC:3:1:13226:1769#0,1613264,+,0,unique,1613264,+,0,yes
ILLUMINA-075005_0053_FC:3:1:15511:1768#0,18442514,+,0,unique,18442514,+,0,yes
ILLUMINA-075005_0053_FC:3:1:16835:1774#0,155869,-,0,unique,155869,-,0,yes
ILLUMINA-075005_0053_FC:3:1:16977:1771#0,3516798,-,0,unique,3516798,-,0,yes
ILLUMINA-075005_0053_FC:3:1:16997:1766#0,812700,-,1,unique,812700,-,1,yes
ILLUMINA-075005_0053_FC:3:1:18081:1766#0,12709459,+,0,unique,12709459,+,0,yes
ILLUMINA-075005_0053_FC:3:1:2850:1783#0,12045778,+,0,unique,12045778,+,0,yes
ILLUMINA-075005_0053_FC:3:1:2902:1786#0,285480,+,0,unique,285480,+,0,yes
ILLUMINA-075005_0053_FC:3:1:5919:1786#0,4481899,+,0,unique,4481899,+,0,yes
ILLUMINA-075005_0053_FC:3:1:7026:1780#0,13921659,+,1,unique,13921659,+,1,yes
ILLUMINA-075005_0053_FC:3:1:7047:1779#0,9914508,-,0,unique,9914508,-,0,yes
ILLUMINA-075005_0053_FC:3:1:7165:1783#0,13932663,+,0,unique,13932663,+,0,yes
ILLUMINA-075005_0053_FC:3:1:10860:1782#0,13945488,+,0,unique,13945488,+,0,yes
ILLUMINA-075005_0053_FC:3:1:12983:1787#0,9968414,-,0,unique,9968414,-,0,yes
ILLUMINA-075005_0053_FC:3:1:16765:1786#0,5071627,-,1,unique,5071627,-,1,yes
ILLUMINA-075005_0053_FC:3:1:18666:1783#0,21172619,-,1,unique,21172619,-,1,yes
ILLUMINA-075005_0053_FC:3:1:19043:1778#0,10409934,-,0,unique,10409934,-,0,yes
ILLUMINA-075005_0053_FC:3:1:1875:1796#0,16783482,-,0,unique,16783482,-,0,yes
ILLUMINA-075005_0053_FC:3:1:2496:1791#0,13224173,-,0,unique,13224173,-,0,yes
ILLUMINA-075005_0053_FC:3:1:2564:1798#0,13933122,+,3,unique,13933122,+,3,yes
ILLUMINA-075005_0053_FC:3:1:2759:1796#0,9896652,+,0,unique,9896652,+,0,yes
ILLUMINA-075005_0053_FC:3:1:3273:1793#0,420567,-,0,unique,420567,-,0,yes
ILLUMINA-075005_0053_FC:3:1:4271:1796#0,21171749,-,1,unique,21171749,-,1,yes
ILLUMINA-075005_0053_FC:3:1:5513:1798#0,6671817,+,0,unique,6671817,+,0,yes
ILLUMINA-075005_0053_FC:3:1:7287:1796#0,13922712,+,0,unique,13922712,+,0,yes
ILLUMINA-075005_0053_FC:3:1:11035:1797#0,9896750,+,0,unique,9896750,+,0,yes
ILLUMINA-075005_0053_FC:3:1:13674:1791#0,18442566,+,0,unique,18442566,+,0,yes
ILLUMINA-075005_0053_FC:3:1:15416:1789#0,13922084,+,1,unique,13922084,+,1,yes
ILLUMINA-075005_0053_FC:3:1:17689:1795#0,13922249,+,0,unique,13922249,+,0,yes
ILLUMINA-075005_0053_FC:3:1:17953:1798#0,9543478,-,0,unique,9543478,-,0,yes
ILLUMINA-075005_0053_FC:3:1:18343:1798#0,2770603,-,0,unique,2770603,-,0,yes
ILLUMINA-075005_0053_FC:3:1:19778:1796#0,10201737,-,1,unique,10201737,-,1,yes
ILLUMINA-075005_0053_FC:3:1:1312:1810#0,21172619,-,0,unique,21172619,-,0,yes
ILLUMINA-075005_0053_FC:3:1:2097:1802#0,9968360,-,0,unique,9968360,-,0,yes
ILLUMINA-075005_0053_FC:3:1:6762:1809#0,21171180,-,0,unique,21171180,-,0,yes
ILLUMINA-075005_0053_FC:3:1:12706:1806#0,13933109,+,0,unique,13933109,+,0,yes
ILLUMINA-075005_0053_FC:3:1:17865:1807#0,13933140,+,0,unique,13933140,+,0,yes
ILLUMINA-075005_0053_FC:3:1:1858:1820#0,4457840,+,0,unique,4457840,+,0,yes
ILLUMINA-075005_0053_FC:3:1:5973:1819#0,4944292,+,1,unique,4944292,+,1,yes
ILLUMINA-075005_0053_FC:3:1:7202:1822#0,561685,+,0,unique,561685,+,0,yes
ILLUMINA-075005_0053_FC:3:1:8230:1815#0,16787027,-,1,unique,16787027,-,1,yes
ILLUMINA-075005_0053_FC:3:1:10078:1822#0,18442768,+,2,unique,18442768,+,2,yes
ILLUMINA-075005_0053_FC:3:1:11414:1817#0,16785450,-,0,unique,16785450,-,0,yes
ILLUMINA-075005_0053_FC:3:1:15502:1814#0,13370360,+,0,unique,13370360,+,0,yes
ILLUMINA-075005_0053_FC:3:1:16143:1818#0,6070239,+,0,unique,6070239,+,0,yes
ILLUMINA-075005_0053_FC:3:1:2779:1823#0,12045715,+,0,unique,12045715,+,0,yes
ILLUMINA-075005_0053_FC:3:1:3103:1834#0,4797447,+,2,unique,4797447,+,2,yes
ILLUMINA-075005_0053_FC:3:1:4921:1823#0,18089704,-,0,unique,18089704,-,0,yes
ILLUMINA-075005_0053_FC:3:1:5340:1834#0,5327745,-,0,unique,5327745,-,0,yes
ILLUMINA-075005_0053_FC:3:1:7019:1833#0,10848635,+,0,unique,10848635,+,0,yes
ILLUMINA-075005_0053_FC:3:1:7138:1825#0,10975851,+,1,unique,10975851,+,1,yes
ILLUMINA-075005_0053_FC:3:1:8972:1827#0,18449848,+,0,unique,18449848,+,0,yes
ILLUMINA-075005_0053_FC:3:1:9306:1824#0,13945346,+,0,unique,13945346,+,0,yes
ILLUMINA-075005_0053_FC:3:1:10017:1824#0,18442671,+,0,unique,18442671,+,0,yes
ILLUMINA-075005_0053_FC:3:1:10682:1824#0,10490781,+,1,unique,10490781,+,1,yes
ILLUMINA-075005_0053_FC:3:1:14610:1834#0,7744531,+,1,unique,7744531,+,1,yes
ILLUMINA-075005_0053_FC:3:1:15890:1828#0,13922799,+,1,unique,13922799,+,1,yes
ILLUMINA-075005_0053_FC:3:1:19047:1825#0,2768621,+,2,unique,2768621,+,2,yes
ILLUMINA-075005_0053_FC:3:1:2797:1841#0,570426,-,0,unique,570426,-,0,yes
ILLUMINA-075005_0053_FC:3:1:6373:1835#0,9896296,+,1,unique,9896296,+,1,yes
ILLUMINA-075005_0053_FC:3:1:6966:1837#0,21170316,-,0,unique,21170316,-,0,yes
ILLUMINA-075005_0053_FC:3:1:9091:1843#0,16847025,+,0,unique,16847025,+,0,yes
ILLUMINA-075005_0053_FC:3:1:10004:1838#0,9391294,-,1,unique,9391294,-,1,yes
ILLUMINA-075005_0053_FC:3:1:12503:1845#0,16782461,-,0,unique,16782461,-,0,yes
ILLUMINA-075005_0053_FC:3:1:12923:1838#0,5071628,-,3,unique,5071628,-,3,yes
ILLUMINA-075005_0053_FC:3:1:18053:1840#0,13922252,+,0,unique,13922252,+,0,yes
ILLUMINA-075005_0053_FC:3:1:1777:1854#0,19959388,-,1,unique,19959388,-,1,yes
ILLUMINA-075005_0053_FC:3:1:1872:1850#0,16786585,-,0,unique,16786585,-,0,yes
ILLUMINA-075005_0053_FC:3:1:4189:1849#0,16450330,-,1,unique,16450330,-,1,yes
ILLUMINA-075005_0053_FC:3:1:5388:1847#0,4457761,+,1,unique,4457761,+,1,yes
ILLUMINA-075005_0053_FC:3:1:5589:1857#0,9543288,-,0,unique,9543288,-,0,yes
ILLUMINA-075005_0053_FC:3:1:6376:1857#0,9709457,+,0,unique,9709457,+,0,yes
ILLUMINA-075005_0053_FC:3:1:6593:1853#0,16780702,-,0,unique,16780702,-,0,yes
ILLUMINA-075005_0053_FC:3:1:9623:1853#0,9543323,-,0,unique,9543323,-,0,yes
ILLUMINA-075005_0053_FC:3:1:11761:1853#0,113052,-,0,unique,113052,-,0,yes
ILLUMINA-075005_0053_FC:3:1:12172:1855#0,8245030,+,0,unique,8245030,+,0,yes
ILLUMINA-075005_0053_FC:3:1:15275:1849#0,1726227,+,0,unique,1726227,+,0,yes
ILLUMINA-075005_0053_FC:3:1:15438:1848#0,7744514,+,0,unique,7744514,+,0,yes
ILLUMINA-075005_0053_FC:3:1:18326:1847#0,19959818,-,0,unique,19959818,-,0,yes
ILLUMINA-075005_0053_FC:3:1:2574:1867#0,10847996,+,0,unique,10847996,+,0,yes
ILLUMINA-075005_0053_FC:3:1:9142:1861#0,13922799,+,2,unique,13922799,+,2,yes
ILLUMINA-075005_0053_FC:3:1:9594:1862#0,5339665,+,1,unique,5339665,+,1,yes
ILLUMINA-075005_0053_FC:3:1:10707:1866#0,6060971,+,2,unique,6060971,+,2,yes
ILLUMINA-075005_0053_FC:3:1:11385:1867#0,4944513,+,0,unique,4944513,+,0,yes
ILLUMINA-075005_0053_FC:3:1:11943:1866#0,8107094,-,0,unique,8107094,-,0,yes
ILLUMINA-075005_0053_FC:3:1:12022:1862#0,8363741,+,0,unique,8363741,+,0,yes
ILLUMINA-075005_0053_FC:3:1:12949:1859#0,2747476,+,0,unique,2747476,+,0,yes
ILLUMINA-075005_0053_FC:3:1:13326:1867#0,7428430,-,0,unique,7428430,-,0,yes
ILLUMINA-075005_0053_FC:3:1:13485:1861#0,21172075,-,0,unique,21172075,-,0,yes
ILLUMINA-075005_0053_FC:3:1:17426:1863#0,13933475,+,0,unique,13933475,+,0,yes
ILLUMINA-075005_0053_FC:3:1:18794:1870#0,8368395,-,0,unique,8368395,-,0,yes
ILLUMINA-075005_0053_FC:3:1:19305:1858#0,13901404,+,0,unique,13901404,+,0,yes
ILLUMINA-075005_0053_FC:3:1:4602:1870#0,10201737,-,0,unique,10201737,-,0,yes
ILLUMINA-075005_0053_FC:3:1:5280:1879#0,8310050,+,1,unique,8310050,+,1,yes
ILLUMINA-075005_0053_FC:3:1:5752:1874#0,356462,+,0,unique,356462,+,0,yes
ILLUMINA-075005_0053_FC:3:1:7123:1878#0,4228353,-,0,unique,4228353,-,0,yes
ILLUMINA-075005_0053_FC:3:1:7798:1870#0,2579296,+,0,unique,2579296,+,0,yes
ILLUMINA-075005_0053_FC:3:1:10140:1875#0,4457420,+,1,unique,4457420,+,1,yes
ILLUMINA-075005_0053_FC:3:1:17533:1871#0,2579276,+,0,unique,2579276,+,0,yes
ILLUMINA-075005_0053_FC:3:1:18038:1876#0,26390,+,0,unique,26390,+,0,yes
ILLUMINA-075005_0053_FC:3:1:19046:1871#0,21170346,-,0,unique,21170346,-,0,yes
ILLUMINA-075005_0053_FC:3:1:3866:1883#0,10976039,+,4,unmapped,,,,no
ILLUMINA-075005_0053_FC:3:1:4251:1887#0,16774591,-,0,unique,16774591,-,0,yes
ILLUMINA-075005_0053_FC:3:1:4503:1890#0,10202085,-,0,unique,10202085,-,0,yes
ILLUMINA-075005_0053_FC:3:1:4812:1887#0,4228360,-,0,unique,4228360,-,0,yes
ILLUMINA-075005_0053_FC:3:1:5124:1884#0,16787083,-,0,unique,16787083,-,0,yes
ILLUMINA-075005_0053_FC:3:1:7447:1890#0,10847805,+,0,unique,10847805,+,0,yes
ILLUMINA-075005_0053_FC:3:1:8214:1885#0,16785020,-,0,unique,16785020,-,0,yes
ILLUMINA-075005_0053_FC:3:1:8429:1886#0,10743492,+,0,unique,10743492,+,0,yes
ILLUMINA-075005_0053_FC:3:1:8888:1888#0,18858113,+,0,unique,18858113,+,0,yes
ILLUMINA-075005_0053_FC:3:1:9157:1884#0,10771051,-,0,unique,10771051,-,0,yes
ILLUMINA-075005_0053_FC:3:1:10516:1888#0,13945748,+,0,unique,13945748,+,0,yes
ILLUMINA-075005_0053_FC:3:1:11324:1883#0,5071643,-,1,unique,5071643,-,1,yes
ILLUMINA-075005_0053_FC:3:1:11402:1888#0,16785591,-,2,unique,16785591,-,2,yes
ILLUMINA-075005_0053_FC:3:1:16309:1887#0,3145111,+,0,unique,3145111,+,0,yes
ILLUMINA-075005_0053_FC:3:1:17532:1891#0,6967206,+,0,unique,6967206,+,0,yes
ILLUMINA-075005_0053_FC:3:1:17717:1888#0,19049925,+,0,unique,19049925,+,0,yes
ILLUMINA-075005_0053_FC:3:1:2042:1895#0,19959517,-,0,unique,19959517,-,0,yes
ILLUMINA-075005_0053_FC:3:1:2478:1896#0,13933421,+,1,unique,13933421,+,1,yes
ILLUMINA-075005_0053_FC:3:1:3252:1902#0,13933706,+,0,unique,13933706,+,0,yes
ILLUMINA-075005_0053_FC:3:1:3555:1898#0,15765049,-,1,unique,15765049,-,1,yes
ILLUMINA-075005_0053_FC:3:1:3874:1903#0,5078467,+,1,unique,5078467,+,1,yes
ILLUMINA-075005_0053_FC:3:1:5112:1902#0,8369871,-,0,unique,8369871,-,0,yes
ILLUMINA-075005_0053_FC:3:1:7163:1902#0,4101008,-,0,unique,4101008,-,0,yes
ILLUMINA-075005_0053_FC:3:1:7313:1900#0,9460991,-,0,unique,9460991,-,0,yes
ILLUMINA-075005_0053_FC:3:1:11386:1903#0,3378395,-,1,unique,3378395,-,1,yes
ILLUMINA-075005_0053_FC:3:1:11702:1901#0,16786518,-,0,unique,16786518,-,0,yes
ILLUMINA-075005_0053_FC:3:1:11970:1902#0,14320037,-,2,unique,14320037,-,2,yes
ILLUMINA-075005_0053_FC:3:1:13434:1894#0,4850118,+,0,unique,4850118,+,0,yes
ILLUMINA-075005_0053_FC:3:1:14978:1901#0,9896695,+,0,unique,9896695,+,0,yes
ILLUMINA-075005_0053_FC:3:1:15912:1897#0,12691649,+,1,unique,12691649,+,1,yes
ILLUMINA-075005_0053_FC:3:1:17181:1897#0,10847453,+,0,unique,10847453,+,0,yes
ILLUMINA-075005_0053_FC:3:1:18472:1901#0,10201950,-,0,unique,10201950,-,0,yes
ILLUMINA-075005_0053_FC:3:1:2880:1905#0,13367259,-,0,unique,13367259,-,0,yes
ILLUMINA-075005_0053_FC:3:1:3625:1913#0,13933308,+,0,unique,13933308,+,0,yes
ILLUMINA-075005_0053_FC:3:1:5958:1916#0,21172069,+,0,unique,21172069,+,0,yes
ILLUMINA-075005_0053_FC:3:1:6899:1906#0,5984132,-,1,unique,5984132,-,1,yes
ILLUMINA-075005_0053_FC:3:1:7466:1916#0,21678297,+,0,unique,21678297,+,0,yes
ILLUMINA-075005_0053_FC:3:1:8041:1909#0,6468850,+,0,unique,6468850,+,0,yes
ILLUMINA-075005_0053_FC:3:1:8124:1916#0,13933453,+,1,unique,13933453,+,1,yes
ILLUMINA-075005_0053_FC:3:1:8487:1908#0,6925839,-,0,unique,6925839,-,0,yes
ILLUMINA-075005_0053_FC:3:1:9407:1910#0,13899897,+,0,unique,13899897,+,0,yes
ILLUMINA-075005_0053_FC:3:1:10281:1913#0,562566,+,0,unique,562566,+,0,yes
ILLUMINA-075005_0053_FC:3:1:14565:1914#0,21319072,-,0,unique,21319072,-,0,yes
ILLUMINA-075005_0053_FC:3:1:14589:1906#0,6765997,+,0,unique,6765997,+,0,yes
ILLUMINA-075005_0053_FC:3:1:16795:1910#0,5051306,+,0,unique,5051306,+,0,yes
ILLUMINA-075005_0053_FC:3:1:18774:1912#0,7826822,+,1,unique,7826822,+,1,yes
ILLUMINA-075005_0053_FC:3:1:19619:1913#0,10771232,-,0,unique,10771232,-,0,yes
ILLUMINA-075005_0053_FC:3:1:19798:1914#0,13921093,+,0,unique,13921093,+,0,yes
ILLUMINA-075005_0053_FC:3:1:6751:1922#0,4462337,+,2,unique,4462337,+,2,yes
ILLUMINA-075005_0053_FC:3:1:6786:1921#0,13933122,+,0,unique,13933122,+,0,yes
ILLUMINA-075005_0053_FC:3:1:8744:1925#0,14347429,+,1,unique,14347429,+,1,yes
ILLUMINA-075005_0053_FC:3:1:9077:1922#0,10771028,-,0,unique,10771028,-,0,yes
ILLUMINA-075005_0053_FC:3:1:9750:1924#0,9736901,-,1,unique,9736901,-,1,yes
ILLUMINA-075005_0053_FC:3:1:10879:1921#0,27215,+,0,unique,27215,+,0,yes
ILLUMINA-075005_0053_FC:3:1:10911:1923#0,13933112,+,0,unique,13933112,+,0,yes
ILLUMINA-075005_0053_FC:3:1:11030:1926#0,21681020,+,0,unique,21681020,+,0,yes
ILLUMINA-075005_0053_FC:3:1:15703:1924#0,8687705,+,0,unique,8687705,+,0,yes
ILLUMINA-075005_0053_FC:3:1:15860:1919#0,13920793,+,0,unique,13920793,+,0,yes
ILLUMINA-075005_0053_FC:3:1:17500:1928#0,13932750,+,0,unique,13932750,+,0,yes
ILLUMINA-075005_0053_FC:3:1:18535:1928#0,13922790,+,0,unique,13922790,+,0,yes
ILLUMINA-075005_0053_FC:3:1:19204:1925#0,13922569,+,2,unique,13922569,+,2,yes
ILLUMINA-075005_0053_FC:3:1:2595:1929#0,3296615,+,0,unique,3296615,+,0,yes
ILLUMINA-075005_0053_FC:3:1:2663:1936#0,16722222,-,0,unique,16722222,-,0,yes
ILLUMINA-075005_0053_FC:3:1:3314:1932#0,18955720,+,1,unique,18955720,+,1,yes
ILLUMINA-075005_0053_FC:3:1:4442:1932#0,13506394,+,0,unique,13506394,+,0,yes
ILLUMINA-075005_0053_FC:3:1:6886:1933#0,6061272,+,0,unique,6061272,+,0,yes
ILLUMINA-075005_0053_FC:3:1:7487:1932#0,4228429,-,0,unique,4228429,-,0,yes
ILLUMINA-075005_0053_FC:3:1:9786:1936#0,10202069,-,0,unique,10202069,-,0,yes
ILLUMINA-075005_0053_FC:3:1:10307:1929#0,9896491,+,0,unique,9896491,+,0,yes
ILLUMINA-075005_0053_FC:3:1:14330:1936#0,10491201,+,0,unique,10491201,+,0,yes
ILLUMINA-075005_0053_FC:3:1:17058:1935#0,13933380,+,1,unique,13933380,+,1,yes
ILLUMINA-075005_0053_FC:3:1:18955:1931#0,13945706,+,0,unique,13945706,+,0,yes
ILLUMINA-075005_0053_FC:3:1:3544:1946#0,21172629,-,0,unique,21172629,-,0,yes
ILLUMINA-075005_0053_FC:3:1:7386:1947#0,13922027,+,1,unique,13922027,+,1,yes
ILLUMINA-075005_0053_FC:3:1:8202:1952#0,16782984,-,0,unique,16782984,-,0,yes
ILLUMINA-075005_0053_FC:3:1:8713:1951#0,21679165,+,0,unique,21679165,+,0,yes
ILLUMINA-075005_0053_FC:3:1:9375:1951#0,9615370,-,3,unique,9615370,-,3,yes
ILLUMINA-075005_0053_FC:3:1:11445:1942#0,18442566,+,0,unique,18442566,+,0,yes
ILLUMINA-075005_0053_FC:3:1:13771:1943#0,8126172,+,2,unique,8126172,+,2,yes
ILLUMINA-075005_0053_FC:3:1:13946:1949#0,10975848,+,1,unique,10975848,+,1,yes
ILLUMINA-075005_0053_FC:3:1:16967:1941#0,13945479,+,0,unique,13945479,+,0,yes
ILLUMINA-075005_0053_FC:3:1:18973:1941#0,13394401,+,0,unique,13394401,+,0,yes
ILLUMINA-075005_0053_FC:3:1:2902:1955#0,12708582,-,0,unique,12708582,-,0,yes
ILLUMINA-075005_0053_FC:3:1:5828:1953#0,133385,-,0,unique,133385,-,0,yes
ILLUMINA-075005_0053_FC:3:1:7224:1954#0,13920869,+,0,unique,13920869,+,0,yes
ILLUMINA-075005_0053_FC:3:1:8802:1953#0,1607449,-,1,unique,1607449,-,1,yes
ILLUMINA-075005_0053_FC:3:1:10235:1960#0,12690940,+,1,unique,12690940,+,1,yes
ILLUMINA-075005_0053_FC:3:1:12792:1953#0,9896584,+,2,unique,9896584,+,2,yes
ILLUMINA-075005_0053_FC:3:1:13299:1955#0,5327745,-,0,unique,5327745,-,0,yes
ILLUMINA-075005_0053_FC:3:1:13340:1957#0,9896501,+,0,unique,9896501,+,0,yes
ILLUMINA-075005_0053_FC:3:1:16395:1956#0,16783280,-,0,unique,16783280,-,0,yes
ILLUMINA-075005_0053_FC:3:1:6815:1970#0,6933161,+,0,unique,6933161,+,0,yes
ILLUMINA-075005_0053_FC:3:1:8627:1965#0,9553859,+,0,unique,9553859,+,0,yes
ILLUMINA-075005_0053_FC:3:1:9325:1967#0,13394703,+,0,unique,13394703,+,0,yes
ILLUMINA-075005_0053_FC:3:1:9567:1971#0,22247307,+,0,unique,22247307,+,0,yes
ILLUMINA-075005_0053_FC:3:1:9700:1971#0,16785644,-,2,unique,16785644,-,2,yes
ILLUMINA-075005_0053_FC:3:1:10878:1965#0,11497375,+,1,unique,11497375,+,1,yes
ILLUMINA-075005_0053_FC:3:1:16787:1966#0,9905897,+,0,unique,9905897,+,0,yes
ILLUMINA-075005_0053_FC:3:1:19177:1971#0,21678292,+,0,unique,21678292,+,0,yes
ILLUMINA-075005_0053_FC:3:1:1139:1977#0,7744075,+,0,unique,7744075,+,0,yes
ILLUMINA-075005_0053_FC:3:1:3282:1983#0,8111213,-,0,unique,8111213,-,0,yes
ILLUMINA-075005_0053_FC:3:1:6628:1987#0,13945658,+,0,unique,13945658,+,0,yes
ILLUMINA-075005_0053_FC:3:1:7838:1983#0,17488239,+,0,unique,17488239,+,0,yes
ILLUMINA-075005_0053_FC:3:1:10477:1983#0,16786103,-,0,unique,16786103,-,0,yes
ILLUMINA-075005_0053_FC:3:1:15709:1984#0,21679982,+,0,unique,21679982,+,0,yes
ILLUMINA-075005_0053_FC:3:1:18872:1984#0,18442672,+,0,unique,18442672,+,0,yes
ILLUMINA-075005_0053_FC:3:1:2513:1990#0,9896592,+,0,unique,9896592,+,0,yes
ILLUMINA-075005_0053_FC:3:1:11615:1998#0,13945314,+,0,unique,13945314,+,0,yes
ILLUMINA-075005_0053_FC:3:1:13109:1998#0,5541543,+,1,unique,5541543,+,1,yes
ILLUMINA-075005_0053_FC:3:1:17461:1998#0,15114966,-,2,unique,15114966,-,2,yes
ILLUMINA-075005_0053_FC:3:1:1237:2008#0,19544642,-,0,unique,19544642,-,0,yes
ILLUMINA-075005_0053_FC:3:1:1791:2008#0,13945660,+,0,unique,13945660,+,0,yes
ILLUMINA-075005_0053_FC:3:1:2623:2001#0,13923364,+,0,unique,13923364,+,0,yes
ILLUMINA-075005_0053_FC:3:1:3347:2005#0,14617183,-,0,unique,14617183,-,0,yes
ILLUMINA-075005_0053_FC:3:1:3817:2008#0,9967742,-,2,unique,9967742,-,2,yes
ILLUMINA-075005_0053_FC:3:1:5049:2008#0,7825694,+,1,unique,7825694,+,1,yes
ILLUMINA-075005_0053_FC:3:1:6505:1999#0,13921124,+,2,unique,13921124,+,2,yes
ILLUMINA-075005_0053_FC:3:1:6536:2004#0,10201890,-,1,unique,10201890,-,1,yes
ILLUMINA-075005_0053_FC:3:1:7657:2007#0,6060848,+,0,unique,6060848,+,0,yes
ILLUMINA-075005_0053_FC:3:1:9324:2007#0,13932907,+,0,unique,13932907,+,0,yes
ILLUMINA-075005_0053_FC:3:1:12550:2001#0,10854130,-,0,unique,10854130,-,0,yes
ILLUMINA-075005_0053_FC:3:1:12967:2008#0,561462,+,0,unique,561462,+,0,yes
ILLUMINA-075005_0053_FC:3:1:15119:2002#0,13921639,+,0,unique,13921639,+,0,yes
ILLUMINA-075005_0053_FC:3:1:3836:2019#0,20082729,+,1,unique,20082729,+,1,yes
ILLUMINA-075005_0053_FC:3:1:6641:2018#0,7744539,+,0,unique,7744539,+,0,yes
ILLUMINA-075005_0053_FC:3:1:7972:2019#0,16887517,+,1,unique,16887517,+,1,yes
ILLUMINA-075005_0053_FC:3:1:8782:2019#0,4797508,+,1,unique,4797508,+,1,yes
ILLUMINA-075005_0053_FC:3:1:12073:2014#0,16887258,+,1,unique,16887258,+,1,yes
ILLUMINA-075005_0053_FC:3:1:16725:2020#0,6697338,+,0,unique,6697338,+,0,yes
ILLUMINA-075005_0053_FC:3:1:17551:2016#0,13394400,+,0,unique,13394400,+,0,yes
ILLUMINA-075005_0053_FC:3:1:18500:2023#0,18442511,+,0,unique,18442511,+,0,yes
ILLUMINA-075005_0053_FC:3:1:19366:2020#0,19009006,+,0,unique,19009006,+,0,yes
ILLUMINA-075005_0053_FC:3:1:19737:2014#0,18384795,-,0,unique,18384795,-,0,yes
ILLUMINA-075005_0053_FC:3:1:2502:2028#0,13933587,+,0,unique,13933587,+,0,yes
ILLUMINA-075005_0053_FC:3:1:5281:2029#0,18442679,+,0,unique,18442679,+,0,yes
ILLUMINA-075005_0053_FC:3:1:9975:2028#0,190578,-,0,unique,190578,-,0,yes
ILLUMINA-075005_0053_FC:3:1:10757:2032#0,4228316,-,5,unmapped,,,,no
ILLUMINA-075005_0053_FC:3:1:12341:2029#0,11029951,+,0,unique,11029951,+,0,yes
ILLUMINA-075005_0053_FC:3:1:12560:2025#0,10303355,+,0,unique,10303355,+,0,yes
ILLUMINA-075005_0053_FC:3:1:14798:2023#0,2579294,+,0,unique,2579294,+,0,yes
ILLUMINA-075005_0053_FC:3:1:15557:2025#0,12310886,-,0,unique,12310886,-,0,yes
ILLUMINA-075005_0053_FC:3:1:3761:2035#0,16785921,-,0,unique,16785921,-,0,yes
ILLUMINA-075005_0053_FC:3:1:3876:2038#0,13945768,+,0,unique,13945768,+,0,yes
ILLUMINA-075005_0053_FC:3:1:6083:2041#0,4457844,+,0,unique,4457844,+,0,yes
ILLUMINA-075005_0053_FC:3:1:6580:2037#0,5530871,+,1,unique,5530871,+,1,yes
ILLUMINA-075005_0053_FC:3:1:10149:2037#0,16722178,-,0,unique,16722178,-,0,yes
ILLUMINA-075005_0053_FC:3:1:13003:2044#0,22534948,+,0,unique,22534948,+,0,yes
ILLUMINA-075005_0053_FC:3:1:17272:2041#0,13933122,+,0,unique,13933122,+,0,yes
ILLUMINA-075005_0053_FC:3:1:18130:2039#0,19959916,-,0,unique,19959916,-,0,yes
ILLUMINA-075005_0053_FC:3:1:19394:2039#0,10234272,-,0,unique,10234272,-,0,yes
ILLUMINA-075005_0053_FC:3:1:19491:2043#0,5983122,-,0,unique,5983122,-,0,yes
ILLUMINA-075005_0053_FC:3:1:1205:2047#0,4228123,-,0,unique,4228123,-,0,yes
ILLUMINA-075005_0053_FC:3:1:1346:2052#0,7825707,+,0,unique,7825707,+,0,yes
ILLUMINA-075005_0053_FC:3:1:2672:2049#0,560812,+,0,unique,560812,+,0,yes
ILLUMINA-075005_0053_FC:3:1:3783:2058#0,132764,-,0,unique,132764,-,0,yes
ILLUMINA-075005_0053_FC:3:1:5406:2055#0,6973281,+,1,unique,6973281,+,1,yes
ILLUMINA-075005_0053_FC:3:1:7511:2048#0,13922819,+,1,unique,13922819,+,1,yes
ILLUMINA-075005_0053_FC:3:1:7734:2048#0,5519058,+,0,unique,5519058,+,0,yes
ILLUMINA-075005_0053_FC:3:1:11825:2048#0,1726490,+,0,unique,1726490,+,0,yes
ILLUMINA-075005_0053_FC:3:1:13489:2055#0,13922259,+,0,unique,13922259,+,0,yes
ILLUMINA-075005_0053_FC:3:1:15939:2058#0,13921131,+,0,unique,13921131,+,0,yes
ILLUMINA-075005_0053_FC:3:1:16038:2054#0,8686951,-,1,unique,8686951,-,1,yes
ILLUMINA-075005_0053_FC:3:1:18935:2051#0,20064482,+,0,unique,20064482,+,0,yes
ILLUMINA-075005_0053_FC:3:1:2721:2060#0,16786512,-,0,unique,16786512,-,0,yes
ILLUMINA-075005_0053_FC:3:1:3166:2064#0,10847949,+,0,unique,10847949,+,0,yes
ILLUMINA-075005_0053_FC:3:1:3683:2067#0,8191074,+,5,unmapped,,,,no
ILLUMINA-075005_0053_FC:3:1:4943:2063#0,21679043,+,0,unique,21679043,+,0,yes
ILLUMINA-075005_0053_FC:3:1:6175:2061#0,8430720,-,0,unique,8430720,-,0,yes
ILLUMINA-075005_0053_FC:3:1:8617:2059#0,13945151,+,1,unique,13945151,+,1,yes
ILLUMINA-075005_0053_FC:3:1:9651:2059#0,420538,-,1,unique,420538,-,1,yes
ILLUMINA-075005_0053_FC:3:1:13271:2068#0,16775251,-,0,unique,16775251,-,0,yes
ILLUMINA-075005_0053_FC:3:1:15005:2064#0,561408,+,0,unique,561408,+,0,yes
ILLUMINA-075005_0053_FC:3:1:18149:2064#0,10847561,+,4,unmapped,,,,no
ILLUMINA-075005_0053_FC:3:1:18655:2066#0,21318655,-,0,unique,21318655,-,0,yes
ILLUMINA-075005_0053_FC:3:1:19408:2066#0,562823,+,1,unique,562823,+,1,yes
ILLUMINA-075005_0053_FC:3:1:19703:2065#0,8056789,+,1,unique,8056789,+,1,yes
ILLUMINA-075005_0053_FC:3:1:7270:2072#0,16783371,-,0,unique,16783371,-,0,yes
ILLUMINA-075005_0053_FC:3:1:7995:2081#0,10671011,-,0,unique,10671011,-,0,yes
ILLUMINA-075005_0053_FC:3:1:11461:2074#0,10409272,-,0,unique,10409272,-,0,yes
ILLUMINA-075005_0053_FC:3:1:14896:2078#0,10847921,+,0,unique,10847921,+,0,yes
ILLUMINA-075005_0053_FC:3:1:16538:2078#0,10847450,+,0,unique,10847450,+,0,yes
ILLUMINA-075005_0053_FC:3:1:17218:2077#0,10201647,-,0,unique,10201647,-,0,yes
ILLUMINA-075005_0053_FC:3:1:2915:2090#0,12977728,-,1,unique,12977728,-,1,yes
ILLUMINA-075005_0053_FC:3:1:3696:2082#0,296425,-,0,unique,296425,-,0,yes
ILLUMINA-075005_0053_FC:3:1:6125:2092#0,6655828,+,0,unique,6655828,+,0,yes
ILLUMINA-075005_0053_FC:3:1:6912:2085#0,21681005,+,1,unique,21681005,+,1,yes
ILLUMINA-075005_0053_FC:3:1:8684:2087#0,562068,+,0,unique,562068,+,0,yes
ILLUMINA-075005_0053_FC:3:1:10677:2084#0,6061876,+,0,unique,6061876,+,0,yes
ILLUMINA-075005_0053_FC:3:1:12093:2089#0,10427535,-,0,unique,10427535,-,0,yes
ILLUMINA-075005_0053_FC:3:1:13143:2087#0,10285523,+,2,unique,10285523,+,2,yes
ILLUMINA-075005_0053_FC:3:1:15455:2090#0,12407106,+,1,unique,12407106,+,1,yes
ILLUMINA-075005_0053_FC:3:1:16224:2093#0,10771066,-,1,unique,10771066,-,1,yes
ILLUMINA-075005_0053_FC:3:1:18125:2085#0,9967767,-,1,unique,9967767,-,1,yes
ILLUMINA-075005_0053_FC:3:1:1808:2094#0,7825694,+,0,unique,7825694,+,0,yes
ILLUMINA-075005_0053_FC:3:1:2774:2102#0,561605,+,0,unique,561605,+,0,yes
ILLUMINA-075005_0053_FC:3:1:3308:2105#0,13920998,+,0,unique,13920998,+,0,yes
ILLUMINA-075005_0053_FC:3:1:4846:2094#0,12289109,-,0,unique,12289109,-,0,yes
ILLUMINA-075005_0053_FC:3:1:6813:2101#0,9494300,+,0,unique,9494300,+,0,yes
ILLUMINA-075005_0053_FC:3:1:7071:2103#0,2495648,-,1,unique,2495648,-,1,yes
ILLUMINA-075005_0053_FC:3:1:7444:2104#0,8375667,+,0,unique,8375667,+,0,yes
ILLUMINA-075005_0053_FC:3:1:8120:2096#0,5174904,-,0,multi,,,,no
ILLUMINA-075005_0053_FC:3:1:9553:2105#0,9896738,+,0,unique,9896738,+,0,yes
ILLUMINA-075005_0053_FC:3:1:11818:2099#0,13213322,+,0,unique,13213322,+,0,yes
ILLUMINA-075005_0053_FC:3:1:15246:2100#0,14196940,+,1,unique,14196940,+,1,yes
ILLUMINA-075005_0053_FC:3:1:18046:2101#0,13922267,+,0,unique,13922267,+,0,yes
ILLUMINA-075005_0053_FC:3:1:18851:2100#0,10403419,+,0,unique,10403419,+,0,yes
ILLUMINA-075005_0053_FC:3:1:19763:2096#0,9968386,-,1,unique,9968386,-,1,yes
ILLUMINA-075005_0053_FC:3:1:1582:2113#0,21172611,-,0,unique,21172611,-,0,yes
ILLUMINA-075005_0053_FC:3:1:2818:2110#0,7429852,-,0,unique,7429852,-,0,yes
ILLUMINA-075005_0053_FC:3:1:3478:2116#0,13921639,+,0,unique,13921639,+,0,yes
ILLUMINA-075005_0053_FC:3:1:7129:2113#0,13367256,-,0,unique,13367256,-,0,yes
ILLUMINA-075005_0053_FC:3:1:8803:2110#0,5200434,-,0,unique,5200434,-,0,yes
ILLUMINA-075005_0053_FC:3:1:11227:2112#0,13221876,+,0,unique,13221876,+,0,yes
ILLUMINA-075005_0053_FC:3:1:12894:2107#0,12310919,-,0,unique,12310919,-,0,yes
ILLUMINA-075005_0053_FC:3:1:13341:2112#0,4221551,+,0,unique,4221551,+,0,yes
ILLUMINA-075005_0053_FC:3:1:14723:2108#0,11506429,-,0,unique,11506429,-,0,yes
ILLUMINA-075005_0053_FC:3:1:15032:2106#0,5051413,+,1,unique,5051413,+,1,yes
ILLUMINA-075005_0053_FC:3:1:16963:2112#0,10201873,-,0,unique,10201873,-,0,yes
ILLUMINA-075005_0053_FC:3:1:17120:2111#0,4457761,+,1,unique,4457761,+,1,yes
ILLUMINA-075005_0053_FC:3:1:17585:2110#0,13370391,+,0,unique,13370391,+,0,yes
ILLUMINA-075005_0053_FC:3:1:3455:2118#0,9764276,-,0,unique,9764276,-,0,yes
ILLUMINA-075005_0053_FC:3:1:6824:2122#0,9494300,+,0,unique,9494300,+,0,yes
ILLUMINA-075005_0053_FC:3:1:9852:2121#0,1711197,-,0,unique,1711197,-,0,yes
ILLUMINA-075005_0053_FC:3:1:10708:2125#0,12289196,-,2,unique,12289196,-,2,yes
ILLUMINA-075005_0053_FC:3:1:10879:2128#0,13922662,+,0,unique,13922662,+,0,yes
ILLUMINA-075005_0053_FC:3:1:10927:2126#0,12691576,+,0,unique,12691576,+,0,yes
ILLUMINA-075005_0053_FC:3:1:11505:2125#0,18442961,+,0,unique,18442961,+,0,yes
ILLUMINA-075005_0053_FC:3:1:16351:2120#0,9968007,-,0,unique,9968007,-,0,yes
ILLUMINA-075005_0053_FC:3:1:4033:2130#0,8363965,+,0,unique,8363965,+,0,yes
ILLUMINA-075005_0053_FC:3:1:4889:2130#0,8430590,-,1,unique,8430590,-,1,yes
ILLUMINA-075005_0053_FC:3:1:6249:2130#0,16786298,-,0,unique,16786298,-,0,yes
ILLUMINA-075005_0053_FC:3:1:7494:2140#0,21681455,+,0,unique,21681455,+,0,yes
ILLUMINA-075005_0053_FC:3:1:9785:2138#0,21678262,+,0,unique,21678262,+,0,yes
ILLUMINA-075005_0053_FC:3:1:10989:2132#0,8364000,+,0,unique,8364000,+,0,yes
ILLUMINA-075005_0053_FC:3:1:11199:2140#0,12438666,-,0,unique,12438666,-,0,yes
ILLUMINA-075005_0053_FC:3:1:11625:2132#0,5984249,-,0,unique,5984249,-,0,yes
ILLUMINA-075005_0053_FC:3:1:17402:2135#0,6967034,+,0,unique,6967034,+,0,yes
ILLUMINA-075005_0053_FC:3:1:18904:2140#0,10201746,-,0,unique,10201746,-,0,yes
ILLUMINA-075005_0053_FC:3:1:19722:2138#0,9896795,+,0,unique,9896795,+,0,yes
ILLUMINA-075005_0053_FC:3:1:1724:2147#0,18453243,+,1,unique,18453243,+,1,yes
ILLUMINA-075005_0053_FC:3:1:2851:2150#0,9896311,+,0,unique,9896311,+,0,yes
ILLUMINA-075005_0053_FC:3:1:4083:2150#0,12708553,-,0,unique,12708553,-,0,yes
ILLUMINA-075005_0053_FC:3:1:4522:2142#0,5191592,-,2,unique,5191592,-,2,yes
ILLUMINA-075005_0053_FC:3:1:5273:2150#0,13933264,+,1,unique,13933264,+,1,yes
ILLUMINA-075005_0053_FC:3:1:7107:2150#0,21170439,-,0,unique,21170439,-,0,yes
ILLUMINA-075005_0053_FC:3:1:7212:2151#0,7825894,+,0,unique,7825894,+,0,yes
ILLUMINA-075005_0053_FC:3:1:8872:2143#0,10410301,-,0,unique,10410301,-,0,yes
ILLUMINA-075005_0053_FC:3:1:16564:2141#0,16786217,-,0,unique,16786217,-,0,yes
ILLUMINA-075005_0053_FC:3:1:17849:2152#0,12298932,-,0,unique,12298932,-,0,yes
ILLUMINA-075005_0053_FC:3:1:18928:2145#0,13922663,+,1,unique,13922663,+,1,yes
ILLUMINA-075005_0053_FC:3:1:18946:2140#0,19008970,+,0,unique,19008970,+,0,yes
ILLUMINA-075005_0053_FC:3:1:2013:2156#0,19008415,+,2,unique,19008415,+,2,yes
ILLUMINA-075005_0053_FC:3:1:2646:2154#0,10409817,-,0,unique,10409817,-,0,yes
ILLUMINA-075005_0053_FC:3:1:6241:2162#0,13921899,+,0,unique,13921899,+,0,yes
ILLUMINA-075005_0053_FC:3:1:6966:2160#0,16770638,-,0,unique,16770638,-,0,yes
ILLUMINA-075005_0053_FC:3:1:7179:2159#0,21681353,+,0,unique,21681353,+,0,yes
ILLUMINA-075005_0053_FC:3:1:11455:2160#0,15757102,+,0,unique,15757102,+,0,yes
ILLUMINA-075005_0053_FC:3:1:11880:2155#0,13933506,+,0,unique,13933506,+,0,yes
ILLUMINA-075005_0053_FC:3:1:4726:2174#0,19959514,-,0,unique,19959514,-,0,yes
ILLUMINA-075005_0053_FC:3:1:5243:2172#0,28832,+,0,unique,28832,+,0,yes
ILLUMINA-075005_0053_FC:3:1:6710:2168#0,4486499,+,2,unique,4486499,+,2,yes
ILLUMINA-075005_0053_FC:3:1:7416:2166#0,13945751,+,0,unique,13945751,+,0,yes
ILLUMINA-075005_0053_FC:3:1:7549:2175#0,10410306,-,0,unique,10410306,-,0,yes
ILLUMINA-075005_0053_FC:3:1:10018:2167#0,5984042,-,0,unique,5984042,-,0,yes
ILLUMINA-075005_0053_FC:3:1:10060:2167#0,397698,+,0,unique,397698,+,0,yes
ILLUMINA-075005_0053_FC:3:1:10711:2166#0,4228200,-,0,unique,4228200,-,0,yes
ILLUMINA-075005_0053_FC:3:1:11242:2175#0,562112,+,0,unique,562112,+,0,yes
ILLUMINA-075005_0053_FC:3:1:11540:2174#0,13922813,+,1,unique,13922813,+,1,yes
ILLUMINA-075005_0053_FC:3:1:13322:2169#0,5174857,-,0,multi,,,,no
ILLUMINA-075005_0053_FC:3:1:18644:2168#0,1725929,+,1,unique,1725929,+,1,yes
ILLUMINA-075005_0053_FC:3:1:19395:2176#0,12045653,+,0,unique,12045653,+,0,yes
ILLUMINA-075005_0053_FC:3:1:19699:2169#0,13921962,+,2,unique,13921962,+,2,yes
ILLUMINA-075005_0053_FC:3:1:2142:2186#0,19130657,+,1,unique,19130657,+,1,yes
ILLUMINA-075005_0053_FC:3:1:6168:2179#0,13945165,+,1,unique,13945165,+,1,yes
ILLUMINA-075005_0053_FC:3:1:7324:2185#0,8041972,+,0,unique,8041972,+,0,yes
ILLUMINA-075005_0053_FC:3:1:7394:2179#0,1612725,+,0,unique,1612725,+,0,yes
ILLUMINA-075005_0053_FC:3:1:8147:2186#0,7858473,+,0,unique,7858473,+,0,yes
ILLUMINA-075005_0053_FC:3:1:10454:2181#0,13922794,+,1,unique,13922794,+,1,yes
ILLUMINA-075005_0053_FC:3:1:10659:2181#0,9135175,-,0,unique,9135175,-,0,yes
ILLUMINA-075005_0053_FC:3:1:11995:2185#0,10847399,+,0,unique,10847399,+,0,yes
ILLUMINA-075005_0053_FC:3:1:13525:2184#0,13933263,+,0,unique,13933263,+,0,yes
ILLUMINA-075005_0053_FC:3:1:14112:2187#0,562556,+,0,unique,562556,+,0,yes
ILLUMINA-075005_0053_FC:3:1:14795:2185#0,8042012,+,0,unique,8042012,+,0,yes
ILLUMINA-075005_0053_FC:3:1:16312:2179#0,10847302,+,0,unique,10847302,+,0,yes
ILLUMINA-075005_0053_FC:3:1:17355:2187#0,18442671,+,0,unique,18442671,+,0,yes
ILLUMINA-075005_0053_FC:3:1:18429:2181#0,13932854,+,2,unique,13932854,+,2,yes
ILLUMINA-075005_0053_FC:3:1:2095:2196#0,21678644,+,0,unique,21678644,+,0,yes
ILLUMINA-075005_0053_FC:3:1:4047:2191#0,16785058,-,2,unique,16785058,-,2,yes
ILLUMINA-075005_0053_FC:3:1:4253:2196#0,19008998,+,0,unique,19008998,+,0,yes
ILLUMINA-075005_0053_FC:3:1:4688:2191#0,7734946,+,0,multi,,,,no
ILLUMINA-075005_0053_FC:3:1:5416:2193#0,9968413,-,0,unique,9968413,-,0,yes
ILLUMINA-075005_0053_FC:3:1:6350:2190#0,9968364,-,1,unique,9968364,-,1,yes
ILLUMINA-075005_0053_FC:3:1:7604:2196#0,16786430,-,0,unique,16786430,-,0,yes
ILLUMINA-075005_0053_FC:3:1:9485:2195#0,17483659,+,0,unique,17483659,+,0,yes
ILLUMINA-075005_0053_FC:3:1:13394:2198#0,13945460,+,0,unique,13945460,+,0,yes
ILLUMINA-075005_0053_FC:3:1:14391:2190#0,6674497,-,0,unique,6674497,-,0,yes
ILLUMINA-075005_0053_FC:3:1:14994:2199#0,10847945,+,0,unique,10847945,+,0,yes
ILLUMINA-075005_0053_FC:3:1:15357:2190#0,12037927,+,0,unique,12037927,+,0,yes
ILLUMINA-075005_0053_FC:3:1:19738:2188#0,7744487,+,0,unique,7744487,+,0,yes
ILLUMINA-075005_0053_FC:3:1:1895:2206#0,19521130,-,0,unique,19521130,-,0,yes
ILLUMINA-075005_0053_FC:3:1:2152:2210#0,9427676,-,1,unique,9427676,-,1,yes
ILLUMINA-075005_0053_FC:3:1:3361:2201#0,10011102,-,0,unique,10011102,-,0,yes
ILLUMINA-075005_0053_FC:3:1:5160:2209#0,9492069,+,0,unique,9492069,+,0,yes
ILLUMINA-075005_0053_FC:3:1:7716:2208#0,5174812,-,0,multi,,,,no
ILLUMINA-075005_0053_FC:3:1:9290:2202#0,13933297,+,0,unique,13933297,+,0,yes
ILLUMINA-075005_0053_FC:3:1:9593:2206#0,12310870,-,0,unique,12310870,-,0,yes
ILLUMINA-075005_0053_FC:3:1:9974:2210#0,21681032,+,1,unique,21681032,+,1,yes
ILLUMINA-075005_0053_FC:3:1:11291:2210#0,10374631,+,0,unique,10374631,+,0,yes
ILLUMINA-075005_0053_FC:3:1:14584:2208#0,2581701,+,0,unique,2581701,+,0,yes
ILLUMINA-075005_0053_FC:3:1:14664:2204#0,16780672,-,0,unique,16780672,-,0,yes
ILLUMINA-075005_0053_FC:3:1:15100:2201#0,1730523,-,1,unique,1730523,-,1,yes
ILLUMINA-075005_0053_FC:3:1:15195:2210#0,22535822,+,0,unique,22535822,+,0,yes
ILLUMINA-075005_0053_FC:3:1:15676:2201#0,13933212,+,0,unique,13933212,+,0,yes
ILLUMINA-075005_0053_FC:3:1:15700:2202#0,22247148,+,0,unique,22247148,+,0,yes
ILLUMINA-075005_0053_FC:3:1:18839:2211#0,15334903,-,0,unique,15334903,-,0,yes
ILLUMINA-075005_0053_FC:3:1:19125:2204#0,10201865,-,1,unique,10201865,-,1,yes
ILLUMINA-075005_0053_FC:3:1:2311:2211#0,10201846,-,0,unique,10201846,-,0,yes
ILLUMINA-075005_0053_FC:3:1:7323:2222#0,21681460,+,0,unique,21681460,+,0,yes
ILLUMINA-075005_0053_FC:3:1:12958:2219#0,11003068,+,0,unique,11003068,+,0,yes
ILLUMINA-075005_0053_FC:3:1:13132:2216#0,12001067,-,0,unique,12001067,-,0,yes
ILLUMINA-075005_0053_FC:3:1:14907:2219#0,5531359,+,2,unique,5531359,+,2,yes
ILLUMINA-075005_0053_FC:3:1:6276:2230#0,4974514,-,2,unique,4974514,-,2,yes
ILLUMINA-075005_0053_FC:3:1:6675:2225#0,19959818,-,0,unique,19959818,-,0,yes
ILLUMINA-075005_0053_FC:3:1:7756:2231#0,19050366,+,0,unique,19050366,+,0,yes
ILLUMINA-075005_0053_FC:3:1:7803:2233#0,7827062,+,0,unique,7827062,+,0,yes
ILLUMINA-075005_0053_FC:3:1:11935:2233#0,274353,-,0,unique,274353,-,0,yes
ILLUMINA-075005_0053_FC:3:1:15520:2228#0,13933292,+,1,unique,13933292,+,1,yes
ILLUMINA-075005_0053_FC:3:1:18714:2224#0,21678320,+,0,unique,21678320,+,0,yes
ILLUMINA-075005_0053_FC:3:1:3610:2240#0,19403529,-,0,unique,19403529,-,0,yes
ILLUMINA-075005_0053_FC:3:1:4654:2243#0,16788518,-,0,unique,16788518,-,0,yes
ILLUMINA-075005_0053_FC:3:1:6869:2246#0,13945280,+,0,unique,13945280,+,0,yes
ILLUMINA-075005_0053_FC:3:1:6970:2244#0,10201971,-,0,unique,10201971,-,0,yes
ILLUMINA-075005_0053_FC:3:1:7060:2236#0,420618,-,0,unique,420618,-,0,yes
ILLUMINA-075005_0053_FC:3:1:11690:2238#0,9940748,-,0,unique,9940748,-,0,yes
ILLUMINA-075005_0053_FC:3:1:11954:2237#0,274353,-,0,unique,274353,-,0,yes
ILLUMINA-075005_0053_FC:3:1:12488:2239#0,9896307,+,1,unique,9896307,+,1,yes
ILLUMINA-075005_0053_FC:3:1:15807:2240#0,13921121,+,0,unique,13921121,+,0,yes
ILLUMINA-075005_0053_FC:3:1:16316:2241#0,21680816,+,0,unique,21680816,+,0,yes
ILLUMINA-075005_0053_FC:3:1:16393:2237#0,13945370,+,0,unique,13945370,+,0,yes
ILLUMINA-075005_0053_FC:3:1:16852:2239#0,3145098,+,0,unique,3145098,+,0,yes
ILLUMINA-075005_0053_FC:3:1:16973:2242#0,13375267,+,0,unique,13375267,+,0,yes
ILLUMINA-075005_0053_FC:3:1:18372:2236#0,10410307,-,0,unique,10410307,-,0,yes
ILLUMINA-075005_0053_FC:3:1:19093:2242#0,7826797,+,1,unique,7826797,+,1,yes
ILLUMINA-075005_0053_FC:3:1:1504:2249#0,3706629,+,1,unique,3706629,+,1,yes
ILLUMINA-075005_0053_FC:3:1:1694:2256#0,10848306,+,0,unique,10848306,+,0,yes
ILLUMINA-075005_0053_FC:3:1:8370:2248#0,13921007,+,1,unique,13921007,+,1,yes
ILLUMINA-075005_0053_FC:3:1:15548:2256#0,5985457,-,1,unique,5985457,-,1,yes
ILLUMINA-075005_0053_FC:3:1:16203:2253#0,10847808,+,2,unique,10847808,+,2,yes
ILLUMINA-075005_0053_FC:3:1:16676:2254#0,420402,-,2,unique,420402,-,2,yes
ILLUMINA-075005_0053_FC:3:1:3531:2269#0,16777349,-,1,unique,16777349,-,1,yes
ILLUMINA-075005_0053_FC:3:1:4251:2261#0,10854215,-,0,unique,10854215,-,0,yes
ILLUMINA-075005_0053_FC:3:1:4576:2264#0,13933624,-,0,unique,13933624,-,0,yes
ILLUMINA-075005_0053_FC:3:1:6535:2261#0,7818844,-,0,unique,7818844,-,0,yes
ILLUMINA-075005_0053_FC:3:1:6807:2268#0,3035533,+,0,unique,3035533,+,0,yes
ILLUMINA-075005_0053_FC:3:1:9074:2260#0,13189349,+,0,unique,13189349,+,0,yes
ILLUMINA-075005_0053_FC:3:1:13673:2259#0,420606,-,1,unique,420606,-,1,yes
ILLUMINA-075005_0053_FC:3:1:15304:2263#0,13945021,+,0,unique,13945021,+,0,yes
ILLUMINA-075005_0053_FC:3:1:15509:2263#0,6761451,+,1,unique,6761451,+,1,yes
ILLUMINA-075005_0053_FC:3:1:15530:2261#0,5985457,-,2,unique,5985457,-,2,yes
ILLUMINA-075005_0053_FC:3:1:16258:2266#0,13921116,+,0,unique,13921116,+,0,yes
ILLUMINA-075005_0053_FC:3:1:4618:2279#0,16786722,-,1,unique,16786722,-,1,yes
ILLUMINA-075005_0053_FC:3:1:4693:2271#0,13923365,+,0,unique,13923365,+,0,yes
ILLUMINA-075005_0053_FC:3:1:4842:2279#0,18956684,+,0,unique,18956684,+,0,yes
ILLUMINA-075005_0053_FC:3:1:5052:2271#0,19123190,+,1,unique,19123190,+,1,yes
ILLUMINA-075005_0053_FC:3:1:5963:2278#0,10491201,+,0,unique,10491201,+,0,yes
ILLUMINA-075005_0053_FC:3:1:6601:2280#0,8041899,+,1,unique,8041899,+,1,yes
ILLUMINA-075005_0053_FC:3:1:8685:2275#0,10201451,-,0,unique,10201451,-,0,yes
ILLUMINA-075005_0053_FC:3:1:8857:2273#0,4098189,-,0,unique,4098189,-,0,yes
ILLUMINA-075005_0053_FC:3:1:12843:2274#0,13921664,+,0,unique,13921664,+,0,yes
ILLUMINA-075005_0053_FC:3:1:14020:2279#0,13933291,+,0,unique,13933291,+,0,yes
ILLUMINA-075005_0053_FC:3:1:14709:2278#0,6047270,+,0,unique,6047270,+,0,yes
ILLUMINA-075005_0053_FC:3:1:19743:2272#0,13921678,+,0,unique,13921678,+,0,yes
ILLUMINA-075005_0053_FC:3:1:2122:2284#0,17475296,+,0,unique,17475296,+,0,yes
ILLUMINA-075005_0053_FC:3:1:3899:2285#0,21681354,+,0,unique,21681354,+,0,yes
ILLUMINA-075005_0053_FC:3:1:6830:2290#0,1725868,+,0,unique,1725868,+,0,yes
ILLUMINA-075005_0053_FC:3:1:7156:2289#0,7744539,+,0,unique,7744539,+,0,yes
ILLUMINA-075005_0053_FC:3:1:7357:2293#0,13394351,+,0,unique,13394351,+,0,yes
ILLUMINA-075005_0053_FC:3:1:7773:2285#0,8368154,-,0,unique,8368154,-,0,yes
ILLUMINA-075005_0053_FC:3:1:8608:2288#0,129079,+,0,unique,129079,+,0,yes
ILLUMINA-075005_0053_FC:3:1:11112:2288#0,21172058,-,0,unique,21172058,-,0,yes
ILLUMINA-075005_0053_FC:3:1:12575:2289#0,17500205,+,0,unique,17500205,+,0,yes
ILLUMINA-075005_0053_FC:3:1:13316:2293#0,5521302,-,2,unique,5521302,-,2,yes
ILLUMINA-075005_0053_FC:3:1:14087:2289#0,20860776,-,2,unique,20860776,-,2,yes
ILLUMINA-075005_0053_FC:3:1:14534:2288#0,8430728,-,0,unique,8430728,-,0,yes
ILLUMINA-075005_0053_FC:3:1:17374:2290#0,13933398,+,2,unique,13933398,+,2,yes
ILLUMINA-075005_0053_FC:3:1:17409:2282#0,19959450,-,0,unique,19959450,-,0,yes
ILLUMINA-075005_0053_FC:3:1:19040:2291#0,562341,+,0,unique,562341,+,0,yes
ILLUMINA-075005_0053_FC:3:1:19795:2288#0,10201771,-,0,unique,10201771,-,0,yes
ILLUMINA-075005_0053_FC:3:1:2352:2302#0,5174583,-,0,multi,,,,no
ILLUMINA-075005_0053_FC:3:1:2700:2299#0,16306245,+,0,unique,16306245,+,0,yes
ILLUMINA-075005_0053_FC:3:1:2732:2302#0,561770,+,2,unique,561770,+,2,yes
ILLUMINA-075005_0053_FC:3:1:4789:2303#0,7064311,-,0,unique,7064311,-,0,yes
ILLUMINA-075005_0053_FC:3:1:5815:2294#0,12172172,+,1,unique,12172172,+,1,yes
ILLUMINA-075005_0053_FC:3:1:6153:2296#0,8375627,+,0,unique,8375627,+,0,yes
ILLUMINA-075005_0053_FC:3:1:6267:2299#0,10975799,+,1,unique,10975799,+,1,yes
ILLUMINA-075005_0053_FC:3:1:10504:2298#0,16782418,-,0,unique,16782418,-,0,yes
ILLUMINA-075005_0053_FC:3:1:10619:2303#0,16722472,-,1,unique,16722472,-,1,yes
ILLUMINA-075005_0053_FC:3:1:14510:2302#0,13376112,-,0,unique,13376112,-,0,yes
ILLUMINA-075005_0053_FC:3:1:2946:2312#0,22535828,+,0,unique,22535828,+,0,yes
ILLUMINA-075005_0053_FC:3:1:4341:2311#0,16788034,-,0,unique,16788034,-,0,yes
ILLUMINA-075005_0053_FC:3:1:6290:2317#0,21678290,+,1,unique,21678290,+,1,yes
ILLUMINA-075005_0053_FC:3:1:6767:2313#0,4457423,+,1,unique,4457423,+,1,yes
ILLUMINA-075005_0053_FC:3:1:7159:2314#0,18128671,-,0,unique,18128671,-,0,yes
ILLUMINA-075005_0053_FC:3:1:7196:2311#0,13945112,+,0,unique,13945112,+,0,yes
ILLUMINA-075005_0053_FC:3:1:7828:2314#0,13921684,+,0,unique,13921684,+,0,yes
ILLUMINA-075005_0053_FC:3:1:15859:2309#0,16785366,-,0,unique,16785366,-,0,yes
ILLUMINA-075005_0053_FC:3:1:18321:2308#0,13921900,+,0,unique,13921900,+,0,yes
ILLUMINA-075005_0053_FC:3:1:1285:2326#0,9936777,+,0,unique,9936777,+,0,yes
ILLUMINA-075005_0053_FC:3:1:2741:2319#0,561770,+,2,unique,561770,+,2,yes
ILLUMINA-075005_0053_FC:3:1:3878:2320#0,6932621,+,0,unique,6932621,+,0,yes
ILLUMINA-075005_0053_FC:3:1:4161:2321#0,10847767,+,0,unique,10847767,+,0,yes
ILLUMINA-075005_0053_FC:3:1:4824:2324#0,21679622,+,0,unique,21679622,+,0,yes
ILLUMINA-075005_0053_FC:3:1:5048:2318#0,13933614,+,0,unique,13933614,+,0,yes
ILLUMINA-075005_0053_FC:3:1:6078:2320#0,12310919,-,0,unique,12310919,-,0,yes
ILLUMINA-075005_0053_FC:3:1:6440:2321#0,13933122,+,0,unique,13933122,+,0,yes
ILLUMINA-075005_0053_FC:3:1:6715:2318#0,6047609,+,0,unique,6047609,+,0,yes
ILLUMINA-075005_0053_FC:3:1:8298:2321#0,9917287,+,1,unique,9917287,+,1,yes
ILLUMINA-075005_0053_FC:3:1:8931:2325#0,4192757,+,3,unique,4192757,+,3,yes
ILLUMINA-075005_0053_FC:3:1:9090:2318#0,10296235,+,0,unique,10296235,+,0,yes
ILLUMINA-075005_0053_FC:3:1:13032:2318#0,7036459,-,0,unique,7036459,-,0,yes
ILLUMINA-075005_0053_FC:3:1:13726:2318#0,11501864,-,1,unique,11501864,-,1,yes
ILLUMINA-075005_0053_FC:3:1:18767:2319#0,10201415,-,1,unique,10201415,-,1,yes
ILLUMINA-075005_0053_FC:3:1:1230:2340#0,7999249,-,2,unique,7999249,-,2,yes
ILLUMINA-075005_0053_FC:3:1:2652:2330#0,113115,-,0,unique,113115,-,0,yes
ILLUMINA-075005_0053_FC:3:1:2902:2338#0,20360281,-,1,unique,20360281,-,1,yes
ILLUMINA-075005_0053_FC:3:1:2941:2336#0,14743551,-,1,unique,14743551,-,1,yes
ILLUMINA-075005_0053_FC:3:1:5108:2340#0,19008322,+,0,unique,19008322,+,0,yes
ILLUMINA-075005_0053_FC:3:1:5233:2332#0,19133009,-,0,unique,19133009,-,0,yes
ILLUMINA-075005_0053_FC:3:1:5739:2329#0,1984742,+,0,unique,1984742,+,0,yes
ILLUMINA-075005_0053_FC:3:1:5909:2333#0,213320,+,0,unique,213320,+,0,yes
ILLUMINA-075005_0053_FC:3:1:7664:2333#0,7744532,+,0,unique,7744532,+,0,yes
ILLUMINA-075005_0053_FC:3:1:8800:2338#0,16785130,-,0,unique,16785130,-,0,yes
ILLUMINA-075005_0053_FC:3:1:12438:2330#0,13922640,+,0,unique,13922640,+,0,yes
ILLUMINA-075005_0053_FC:3:1:13681:2339#0,16774755,-,1,unique,16774755,-,1,yes
ILLUMINA-075005_0053_FC:3:1:14740:2330#0,4228396,-,0,unique,4228396,-,0,yes
ILLUMINA-075005_0053_FC:3:1:14877:2337#0,10201324,-,0,unique,10201324,-,0,yes
ILLUMINA-075005_0053_FC:3:1:15954:2333#0,10201724,-,0,unique,10201724,-,0,yes
ILLUMINA-075005_0053_FC:3:1:16253:2333#0,21678951,+,0,unique,21678951,+,0,yes
ILLUMINA-075005_0053_FC:3:1:16306:2337#0,17476486,+,0,unique,17476486,+,0,yes
ILLUMINA-075005_0053_FC:3:1:18603:2336#0,1725573,+,0,unique,1725573,+,0,yes
ILLUMINA-075005_0053_FC:3:1:1314:2340#0,13922245,+,0,unique,13922245,+,0,yes
ILLUMINA-075005_0053_FC:3:1:3043:2351#0,2963565,-,0,unique,2963565,-,0,yes
ILLUMINA-075005_0053_FC:3:1:5500:2342#0,21171747,-,0,unique,21171747,-,0,yes
ILLUMINA-075005_0053_FC:3:1:8583:2340#0,21172268,-,0,unique,21172268,-,0,yes
ILLUMINA-075005_0053_FC:3:1:8616:2350#0,560731,+,0,unique,560731,+,0,yes
ILLUMINA-075005_0053_FC:3:1:10604:2350#0,9896339,+,0,unique,9896339,+,0,yes
ILLUMINA-075005_0053_FC:3:1:13266:2349#0,7744511,+,1,unique,7744511,+,1,yes
ILLUMINA-075005_0053_FC:3:1:14191:2346#0,16328615,+,0,unique,16328615,+,0,yes
ILLUMINA-075005_0053_FC:3:1:17967:2350#0,13922064,+,0,unique,13922064,+,0,yes
ILLUMINA-075005_0053_FC:3:1:5124:2361#0,16786522,-,0,unique,16786522,-,0,yes
ILLUMINA-075005_0053_FC:3:1:5595:2358#0,14020000,+,1,unique,14020000,+,1,yes
ILLUMINA-075005_0053_FC:3:1:5985:2359#0,13923361,+,0,unique,13923361,+,0,yes
ILLUMINA-075005_0053_FC:3:1:7025:2361#0,10409962,-,1,unique,10409962,-,1,yes
ILLUMINA-075005_0053_FC:3:1:9633:2359#0,13932868,+,0,unique,13932868,+,0,yes
ILLUMINA-075005_0053_FC:3:1:10169:2352#0,22535823,+,0,unique,22535823,+,0,yes
ILLUMINA-075005_0053_FC:3:1:12250:2361#0,4968734,+,0,unique,4968734,+,0,yes
ILLUMINA-075005_0053_FC:3:1:13095:2353#0,560943,+,0,unique,560943,+,0,yes
ILLUMINA-075005_0053_FC:3:1:14993:2357#0,561662,+,0,unique,561662,+,0,yes
ILLUMINA-075005_0053_FC:3:1:15021:2362#0,274533,-,0,unique,274533,-,0,yes
ILLUMINA-075005_0053_FC:3:1:16215:2363#0,562102,+,0,unique,562102,+,0,yes
ILLUMINA-075005_0053_FC:3:1:16407:2362#0,18442520,+,0,unique,18442520,+,0,yes
ILLUMINA-075005_0053_FC:3:1:17074:2363#0,21170590,-,0,unique,21170590,-,0,yes
ILLUMINA-075005_0053_FC:3:1:18080:2361#0,7405477,-,0,unique,7405477,-,0,yes
ILLUMINA-075005_0053_FC:3:1:19171:2359#0,13181202,+,0,unique,13181202,+,0,yes
ILLUMINA-075005_0053_FC:3:1:3217:2375#0,9896586,+,0,unique,9896586,+,0,yes
ILLUMINA-075005_0053_FC:3:1:5561:2372#0,20092613,-,0,unique,20092613,-,0,yes
ILLUMINA-075005_0053_FC:3:1:6522:2368#0,7744532,+,0,unique,7744532,+,0,yes
ILLUMINA-075005_0053_FC:3:1:8308:2364#0,3014749,-,0,unique,3014749,-,0,yes
ILLUMINA-075005_0053_FC:3:1:9111:2372#0,7825971,+,0,unique,7825971,+,0,yes
ILLUMINA-075005_0053_FC:3:1:9218:2369#0,17500126,+,0,unique,17500126,+,0,yes
ILLUMINA-075005_0053_FC:3:1:10538:2365#0,6038314,-,0,unique,6038314,-,0,yes
ILLUMINA-075005_0053_FC:3:1:11939:2365#0,4457861,+,0,unique,4457861,+,0,yes
ILLUMINA-075005_0053_FC:3:1:12725:2369#0,8368061,-,0,unique,8368061,-,0,yes
ILLUMINA-075005_0053_FC:3:1:14828:2366#0,2747718,+,0,unique,2747718,+,0,yes
ILLUMINA-075005_0053_FC:3:1:15864:2370#0,16774522,-,0,unique,16774522,-,0,yes
ILLUMINA-075005_0053_FC:3:1:17087:2375#0,21170590,-,0,unique,21170590,-,0,yes
ILLUMINA-075005_0053_FC:3:1:18861:2374#0,824693,+,0,unique,824693,+,0,yes
ILLUMINA-075005_0053_FC:3:1:19100:2373#0,18442642,+,0,unique,18442642,+,0,yes
ILLUMINA-075005_0053_FC:3:1:1121:2377#0,10410346,-,0,unique,10410346,-,0,yes
ILLUMINA-075005_0053_FC:3:1:1448:2377#0,21678212,+,0,unique,21678212,+,0,yes
ILLUMINA-075005_0053_FC:3:1:4075:2377#0,4329344,-,0,unique,4329344,-,0,yes
ILLUMINA-075005_0053_FC:3:1:5020:2386#0,9896582,+,1,unique,9896582,+,1,yes
ILLUMINA-075005_0053_FC:3:1:5702:2382#0,420386,-,1,unique,420386,-,1,yes
ILLUMINA-075005_0053_FC:3:1:6038:2382#0,19959408,-,0,unique,19959408,-,0,yes
ILLUMINA-075005_0053_FC:3:1:6863:2379#0,16786059,-,0,unique,16786059,-,0,yes
ILLUMINA-075005_0053_FC:3:1:6890:2386#0,18442663,+,0,unique,18442663,+,0,yes
ILLUMINA-075005_0053_FC:3:1:9322:2380#0,5985048,-,1,unique,5985048,-,1,yes
ILLUMINA-075005_0053_FC:3:1:10597:2387#0,7826172,+,0,unique,7826172,+,0,yes
ILLUMINA-075005_0053_FC:3:1:14540:2378#0,6933771,+,1,unique,6933771,+,1,yes
ILLUMINA-075005_0053_FC:3:1:14592:2385#0,4968172,+,0,unique,4968172,+,0,yes
ILLUMINA-075005_0053_FC:3:1:16492:2383#0,9896789,-,0,unique,9896789,-,0,yes
ILLUMINA-075005_0053_FC:3:1:17629:2379#0,2816579,+,0,unique,2816579,+,0,yes
ILLUMINA-075005_0053_FC:3:1:18255:2383#0,13932847,+,0,unique,13932847,+,0,yes
ILLUMINA-075005_0053_FC:3:1:4618:2399#0,1606689,-,0,unique,1606689,-,0,yes
ILLUMINA-075005_0053_FC:3:1:8593:2389#0,6064369,+,0,unique,6064369,+,0,yes
ILLUMINA-075005_0053_FC:3:1:9406:2396#0,13932617,+,0,unique,13932617,+,0,yes
ILLUMINA-075005_0053_FC:3:1:10711:2389#0,15064261,+,0,unique,15064261,+,0,yes
ILLUMINA-075005_0053_FC:3:1:12863:2395#0,4228307,-,0,unique,4228307,-,0,yes
ILLUMINA-075005_0053_FC:3:1:15346:2392#0,5199707,-,0,unique,5199707,-,0,yes
ILLUMINA-075005_0053_FC:3:1:17119:2396#0,18442583,+,0,unique,18442583,+,0,yes
ILLUMINA-075005_0053_FC:3:1:17251:2396#0,8056049,+,0,unique,8056049,+,0,yes
ILLUMINA-075005_0053_FC:3:1:18322:2389#0,13921879,+,0,unique,13921879,+,0,yes
ILLUMINA-075005_0053_FC:3:1:18838:2393#0,13922156,+,0,unique,13922156,+,0,yes
ILLUMINA-075005_0053_FC:3:1:19041:2395#0,3481097,+,3,unique,3481097,+,3,yes
ILLUMINA-075005_0053_FC:3:1:1224:2407#0,2748170,+,0,unique,2748170,+,0,yes
ILLUMINA-075005_0053_FC:3:1:3371:2403#0,1725632,+,0,unique,1725632,+,0,yes
ILLUMINA-075005_0053_FC:3:1:5350:2405#0,13922179,+,0,unique,13922179,+,0,yes
ILLUMINA-075005_0053_FC:3:1:5557:2405#0,13394578,-,0,unique,13394578,-,0,yes
ILLUMINA-075005_0053_FC:3:1:7498:2410#0,10771248,-,0,unique,10771248,-,0,yes
ILLUMINA-075005_0053_FC:3:1:9945:2400#0,2746948,+,0,unique,2746948,+,0,yes
ILLUMINA-075005_0053_FC:3:1:10321:2406#0,13933131,+,0,unique,13933131,+,0,yes
ILLUMINA-075005_0053_FC:3:1:10742:2408#0,13922765,+,0,unique,13922765,+,0,yes
ILLUMINA-075005_0053_FC:3:1:10963:2409#0,2579296,+,0,unique,2579296,+,0,yes
ILLUMINA-075005_0053_FC:3:1:11587:2399#0,10409932,-,0,unique,10409932,-,0,yes
ILLUMINA-075005_0053_FC:3:1:16536:2401#0,22247302,+,0,unique,22247302,+,0,yes
ILLUMINA-075005_0053_FC:3:1:1602:2417#0,19539283,-,1,unique,19539283,-,1,yes
ILLUMINA-075005_0053_FC:3:1:3939:2412#0,10847878,+,0,unique,10847878,+,0,yes
ILLUMINA-075005_0053_FC:3:1:6144:2417#0,2224178,-,0,unique,2224178,-,0,yes
ILLUMINA-075005_0053_FC:3:1:7134:2414#0,9967940,+,0,unique,9967940,+,0,yes
ILLUMINA-075005_0053_FC:3:1:7430:2416#0,2747339,+,0,unique,2747339,+,0,yes
ILLUMINA-075005_0053_FC:3:1:8649:2412#0,19053506,-,0,unique,19053506,-,0,yes
ILLUMINA-075005_0053_FC:3:1:12132:2419#0,7825694,+,0,unique,7825694,+,0,yes
ILLUMINA-075005_0053_FC:3:1:12312:2413#0,21172676,-,1,unique,21172676,-,1,yes
ILLUMINA-075005_0053_FC:3:1:13063:2414#0,10202070,-,0,unique,10202070,-,0,yes
ILLUMINA-075005_0053_FC:3:1:13769:2416#0,2146446,-,0,unique,2146446,-,0,yes
ILLUMINA-075005_0053_FC:3:1:14230:2418#0,10976086,+,2,unique,10976086,+,2,yes
ILLUMINA-075005_0053_FC:3:1:15904:2422#0,13921136,+,0,unique,13921136,+,0,yes
ILLUMINA-075005_0053_FC:3:1:18295:2421#0,4228135,-,0,unique,4228135,-,0,yes
ILLUMINA-075005_0053_FC:3:1:18586:2418#0,5174920,-,0,multi,,,,no
ILLUMINA-075005_0053_FC:3:1:18652:2421#0,7999306,-,2,unique,7999306,-,2,yes
ILLUMINA-075005_0053_FC:3:1:18875:2421#0,22247536,+,0,unique,22247536,+,0,yes
ILLUMINA-075005_0053_FC:3:1:19803:2412#0,7825691,+,0,unique,7825691,+,0,yes
ILLUMINA-075005_0053_FC:3:1:2471:2430#0,21679010,+,0,unique,21679010,+,0,yes
ILLUMINA-075005_0053_FC:3:1:5564:2426#0,19008955,+,0,unique,19008955,+,0,yes
ILLUMINA-075005_0053_FC:3:1:6648:2424#0,10848587,+,0,unique,10848587,+,0,yes
ILLUMINA-075005_0053_FC:3:1:9189:2428#0,13921182,+,0,unique,13921182,+,0,yes
ILLUMINA-075005_0053_FC:3:1:10226:2431#0,21171295,+,0,unique,21171295,+,0,yes
ILLUMINA-075005_0053_FC:3:1:11454:2425#0,13922591,+,1,unique,13922591,+,1,yes
ILLUMINA-075005_0053_FC:3:1:13193:2428#0,21678191,+,0,unique,21678191,+,0,yes
ILLUMINA-075005_0053_FC:3:1:13215:2426#0,8427791,-,0,unique,8427791,-,0,yes
ILLUMINA-075005_0053_FC:3:1:14647:2428#0,18449919,+,0,unique,18449919,+,0,yes
ILLUMINA-075005_0053_FC:3:1:14683:2423#0,9919593,-,0,unique,9919593,-,0,yes
ILLUMINA-075005_0053_FC:3:1:14973:2434#0,561542,+,1,unique,561542,+,1,yes
ILLUMINA-075005_0053_FC:3:1:15178:2433#0,5327795,-,1,unique,5327795,-,1,yes
ILLUMINA-075005_0053_FC:3:1:16311:2426#0,8363824,+,0,unique,8363824,+,0,yes
ILLUMINA-075005_0053_FC:3:1:17031:2431#0,7744221,+,1,unique,7744221,+,1,yes
ILLUMINA-075005_0053_FC:3:1:17847:2425#0,6977738,+,2,unique,6977738,+,2,yes
ILLUMINA-075005_0053_FC:3:1:19282:2423#0,10854107,-,0,unique,10854107,-,0,yes
ILLUMINA-075005_0053_FC:3:1:19362:2432#0,7744032,+,1,unique,7744032,+,1,yes
ILLUMINA-075005_0053_FC:3:1:4134:2442#0,23067486,+,0,unique,23067486,+,0,yes
ILLUMINA-075005_0053_FC:3:1:5224:2443#0,562229,+,0,unique,562229,+,0,yes
ILLUMINA-075005_0053_FC:3:1:7157:2437#0,7826821,+,1,unique,7826821,+,1,yes
ILLUMINA-075005_0053_FC:3:1:8667:2436#0,9896426,+,0,unique,9896426,+,0,yes
ILLUMINA-075005_0053_FC:3:1:9671:2438#0,4843799,+,2,unique,4843799,+,2,yes
ILLUMINA-075005_0053_FC:3:1:10194:2435#0,19169057,-,0,unique,19169057,-,0,yes
ILLUMINA-075005_0053_FC:3:1:11022:2442#0,13933708,+,0,unique,13933708,+,0,yes
ILLUMINA-075005_0053_FC:3:1:12733:2440#0,7830591,-,0,unique,7830591,-,0,yes
ILLUMINA-075005_0053_FC:3:1:12845:2439#0,3480923,+,0,unique,3480923,+,0,yes
ILLUMINA-075005_0053_FC:3:1:13327:2440#0,13922362,+,0,unique,13922362,+,0,yes
ILLUMINA-075005_0053_FC:3:1:13653:2442#0,18451178,+,0,unique,18451178,+,0,yes
ILLUMINA-075005_0053_FC:3:1:13845:2437#0,560832,-,1,unique,560832,-,1,yes
ILLUMINA-075005_0053_FC:3:1:15334:2437#0,8516783,+,0,unique,8516783,+,0,yes
ILLUMINA-075005_0053_FC:3:1:15578:2439#0,10202022,-,1,unique,10202022,-,1,yes
ILLUMINA-075005_0053_FC:3:1:16057:2436#0,21679068,+,0,unique,21679068,+,0,yes
ILLUMINA-075005_0053_FC:3:1:19035:2443#0,1725245,+,0,unique,1725245,+,0,yes
ILLUMINA-075005_0053_FC:3:1:1524:2449#0,13921098,+,0,unique,13921098,+,0,yes
ILLUMINA-075005_0053_FC:3:1:12448:2446#0,18384609,-,0,unique,18384609,-,0,yes
ILLUMINA-075005_0053_FC:3:1:13344:2453#0,21679101,+,0,unique,21679101,+,0,yes
ILLUMINA-075005_0053_FC:3:1:13618:2448#0,5203248,-,0,unique,5203248,-,0,yes
ILLUMINA-075005_0053_FC:3:1:14654:2446#0,2856482,-,0,unique,2856482,-,0,yes
ILLUMINA-075005_0053_FC:3:1:19097:2455#0,420395,-,2,unique,420395,-,2,yes
ILLUMINA-075005_0053_FC:3:1:3705:2461#0,7234856,+,0,unique,7234856,+,0,yes
ILLUMINA-075005_0053_FC:3:1:4133:2460#0,23067486,+,1,unique,23067486,+,1,yes
ILLUMINA-075005_0053_FC:3:1:8257:2466#0,9896936,+,1,unique,9896936,+,1,yes
ILLUMINA-075005_0053_FC:3:1:9503:2463#0,8260748,+,1,unique,8260748,+,1,yes
ILLUMINA-075005_0053_FC:3:1:18855:2461#0,13922222,+,1,unique,13922222,+,1,yes
ILLUMINA-075005_0053_FC:3:1:1270:2480#0,9575092,+,0,unique,9575092,+,0,yes
ILLUMINA-075005_0053_FC:3:1:2897:2481#0,7405645,-,2,unique,7405645,-,2,yes
ILLUMINA-075005_0053_FC:3:1:5967:2477#0,21681446,+,1,unique,21681446,+,1,yes
ILLUMINA-075005_0053_FC:3:1:6012:2472#0,13945253,+,0,unique,13945253,+,0,yes
ILLUMINA-075005_0053_FC:3:1:7488:2479#0,13945681,+,0,unique,13945681,+,0,yes
ILLUMINA-075005_0053_FC:3:1:8223:2481#0,13922362,+,0,unique,13922362,+,0,yes
ILLUMINA-075005_0053_FC:3:1:8717:2480#0,16727217,+,0,unique,16727217,+,0,yes
ILLUMINA-075005_0053_FC:3:1:8987:2470#0,9767356,-,1,unique,9767356,-,1,yes
ILLUMINA-075005_0053_FC:3:1:10455:2476#0,21678379,+,0,unique,21678379,+,0,yes
ILLUMINA-075005_0053_FC:3:1:11043:2470#0,9787388,+,0,unique,9787388,+,0,yes
ILLUMINA-075005_0053_FC:3:1:12598:2476#0,10490629,+,0,unique,10490629,+,0,yes
ILLUMINA-075005_0053_FC:3:1:16159:2476#0,10847434,+,0,unique,10847434,+,0,yes
ILLUMINA-075005_0053_FC:3:1:3971:2491#0,1725097,+,0,unique,1725097,+,0,yes
ILLUMINA-075005_0053_FC:3:1:5255:2483#0,8363726,+,0,unique,8363726,+,0,yes
ILLUMINA-075005_0053_FC:3:1:5416:2487#0,10771179,-,0,unique,10771179,-,0,yes
ILLUMINA-075005_0053_FC:3:1:8479:2488#0,10006041,-,0,unique,10006041,-,0,yes
ILLUMINA-075005_0053_FC:3:1:8806:2489#0,7744444,+,0,unique,7744444,+,0,yes
ILLUMINA-075005_0053_FC:3:1:8901:2492#0,4480968,+,0,unique,4480968,+,0,yes
ILLUMINA-075005_0053_FC:3:1:9632:2486#0,13933457,+,0,unique,13933457,+,0,yes
ILLUMINA-075005_0053_FC:3:1:11779:2483#0,21679483,+,0,unique,21679483,+,0,yes
ILLUMINA-075005_0053_FC:3:1:12838:2493#0,9543387,-,2,unique,9543387,-,2,yes
ILLUMINA-075005_0053_FC:3:1:12853:2482#0,13164075,+,0,unique,13164075,+,0,yes
ILLUMINA-075005_0053_FC:3:1:13751:2487#0,13922711,+,0,unique,13922711,+,0,yes
ILLUMINA-075005_0053_FC:3:1:14086:2481#0,5191669,-,0,unique,5191669,-,0,yes
ILLUMINA-075005_0053_FC:3:1:18658:2486#0,9767500,-,3,unique,9767500,-,3,yes
ILLUMINA-075005_0053_FC:3:1:3597:2502#0,10507257,-,0,unique,10507257,-,0,yes
ILLUMINA-075005_0053_FC:3:1:5515:2500#0,11003010,+,0,unique,11003010,+,0,yes
ILLUMINA-075005_0053_FC:3:1:8085:2501#0,12001074,-,0,unique,12001074,-,0,yes
ILLUMINA-075005_0053_FC:3:1:10687:2498#0,10766578,+,0,unique,10766578,+,0,yes
ILLUMINA-075005_0053_FC:3:1:10713:2497#0,10854017,-,1,unique,10854017,-,1,yes
ILLUMINA-075005_0053_FC:3:1:12958:2495#0,10489907,+,1,unique,10489907,+,1,yes
ILLUMINA-075005_0053_FC:3:1:14126:2499#0,13923361,+,1,unique,13923361,+,1,yes
ILLUMINA-075005_0053_FC:3:1:15150:2499#0,18442569,+,0,unique,18442569,+,0,yes
ILLUMINA-075005_0053_FC:3:1:15530:2502#0,11003012,+,0,unique,11003012,+,0,yes
ILLUMINA-075005_0053_FC:3:1:16774:2496#0,8161821,+,0,unique,8161821,+,0,yes
ILLUMINA-075005_0053_FC:3:1:17204:2496#0,13922138,+,0,unique,13922138,+,0,yes
ILLUMINA-075005_0053_FC:3:1:17561:2494#0,10853699,-,2,unique,10853699,-,2,yes
ILLUMINA-075005_0053_FC:3:1:18701:2498#0,10848085,-,0,unique,10848085,-,0,yes
ILLUMINA-075005_0053_FC:3:1:3225:2509#0,16785685,-,0,unique,16785685,-,0,yes
ILLUMINA-075005_0053_FC:3:1:3252:2506#0,16784732,-,0,unique,16784732,-,0,yes
ILLUMINA-075005_0053_FC:3:1:4644:2516#0,155874,-,0,unique,155874,-,0,yes
ILLUMINA-075005_0053_FC:3:1:6718:2513#0,21679070,+,0,unique,21679070,+,0,yes
ILLUMINA-075005_0053_FC:3:1:9633:2507#0,22535969,+,1,unique,22535969,+,1,yes
ILLUMINA-075005_0053_FC:3:1:9814:2510#0,6559073,-,0,unique,6559073,-,0,yes
ILLUMINA-075005_0053_FC:3:1:11466:2516#0,2139954,+,0,unique,2139954,+,0,yes
ILLUMINA-075005_0053_FC:3:1:13923:2507#0,155869,-,0,unique,155869,-,0,yes
ILLUMINA-075005_0053_FC:3:1:13975:2507#0,7744539,+,0,unique,7744539,+,0,yes
ILLUMINA-075005_0053_FC:3:1:16611:2508#0,13922102,+,0,unique,13922102,+,0,yes
ILLUMINA-075005_0053_FC:3:1:1637:2525#0,16782797,-,0,unique,16782797,-,0,yes
ILLUMINA-075005_0053_FC:3:1:3015:2527#0,10771234,-,0,unique,10771234,-,0,yes
ILLUMINA-075005_0053_FC:3:1:3701:2519#0,16775276,-,0,unique,16775276,-,0,yes
ILLUMINA-075005_0053_FC:3:1:4423:2522#0,560854,+,0,unique,560854,+,0,yes
ILLUMINA-075005_0053_FC:3:1:7857:2524#0,19130058,+,0,unique,19130058,+,0,yes
ILLUMINA-075005_0053_FC:3:1:9799:2528#0,22534944,+,0,unique,22534944,+,0,yes
ILLUMINA-075005_0053_FC:3:1:10169:2518#0,1115672,+,1,unique,1115672,+,1,yes
ILLUMINA-075005_0053_FC:3:1:14063:2519#0,21678320,+,0,unique,21678320,+,0,yes
ILLUMINA-075005_0053_FC:3:1:14480:2518#0,4228064,-,0,unique,4228064,-,0,yes
ILLUMINA-075005_0053_FC:3:1:15148:2528#0,22536131,+,1,unique,22536131,+,1,yes
ILLUMINA-075005_0053_FC:3:1:15599:2522#0,4799759,+,3,unique,4799759,+,3,yes
ILLUMINA-075005_0053_FC:3:1:17596:2520#0,21678386,+,0,unique,21678386,+,0,yes
ILLUMINA-075005_0053_FC:3:1:3692:2535#0,16775276,-,0,unique,16775276,-,0,yes
ILLUMINA-075005_0053_FC:3:1:4277:2538#0,16780591,+,1,unique,16780591,+,1,yes
ILLUMINA-075005_0053_FC:3:1:5304:2530#0,13945317,+,0,unique,13945317,+,0,yes
ILLUMINA-075005_0053_FC:3:1:6577:2533#0,6687454,+,0,unique,6687454,+,0,yes
ILLUMINA-075005_0053_FC:3:1:7202:2529#0,19122116,+,0,unique,19122116,+,0,yes
ILLUMINA-075005_0053_FC:3:1:8046:2530#0,10203534,+,0,unique,10203534,+,0,yes
ILLUMINA-075005_0053_FC:3:1:10680:2531#0,14743490,+,1,unique,14743490,+,1,yes
ILLUMINA-075005_0053_FC:3:1:11316:2532#0,9543474,-,0,unique,9543474,-,0,yes
ILLUMINA-075005_0053_FC:3:1:11545:2538#0,12094836,-,0,unique,12094836,-,0,yes
ILLUMINA-075005_0053_FC:3:1:15117:2538#0,14617268,-,1,unique,14617268,-,1,yes
ILLUMINA-075005_0053_FC:3:1:15220:2538#0,18452243,+,0,unique,18452243,+,0,yes
ILLUMINA-075005_0053_FC:3:1:15393:2535#0,10766405,+,0,unique,10766405,+,0,yes
ILLUMINA-075005_0053_FC:3:1:16608:2536#0,22535837,+,0,unique,22535837,+,0,yes
ILLUMINA-075005_0053_FC:3:1:18195:2532#0,19959417,-,0,unique,19959417,-,0,yes
ILLUMINA-075005_0053_FC:3:1:1625:2541#0,2881592,+,1,unique,2881592,+,1,yes
ILLUMINA-075005_0053_FC:3:1:1746:2541#0,13933214,+,0,unique,13933214,+,0,yes
ILLUMINA-075005_0053_FC:3:1:2390:2547#0,1725696,+,0,unique,1725696,+,0,yes
ILLUMINA-075005_0053_FC:3:1:3535:2551#0,10410302,-,0,unique,10410302,-,0,yes
ILLUMINA-075005_0053_FC:3:1:3919:2542#0,8363974,+,0,unique,8363974,+,0,yes
ILLUMINA-075005_0053_FC:3:1:4923:2546#0,21170442,-,0,unique,21170442,-,0,yes
ILLUMINA-075005_0053_FC:3:1:5476:2550#0,5985397,-,0,unique,5985397,-,0,yes
ILLUMINA-075005_0053_FC:3:1:6392:2551#0,16328462,+,0,unique,16328462,+,0,yes
ILLUMINA-075005_0053_FC:3:1:9443:2549#0,19050956,+,0,unique,19050956,+,0,yes
ILLUMINA-075005_0053_FC:3:1:11323:2551#0,5193792,-,0,unique,5193792,-,0,yes
ILLUMINA-075005_0053_FC:3:1:13402:2547#0,13370423,+,0,unique,13370423,+,0,yes
ILLUMINA-075005_0053_FC:3:1:14009:2544#0,14683746,+,0,unique,14683746,+,0,yes
ILLUMINA-075005_0053_FC:3:1:16320:2545#0,9549510,+,0,unique,9549510,+,0,yes
ILLUMINA-075005_0053_FC:3:1:19204:2541#0,16785537,-,0,unique,16785537,-,0,yes
ILLUMINA-075005_0053_FC:3:1:2797:2561#0,10410306,-,0,unique,10410306,-,0,yes
ILLUMINA-075005_0053_FC:3:1:5403:2563#0,13002701,+,1,unique,13002701,+,1,yes
ILLUMINA-075005_0053_FC:3:1:6680:2555#0,9896355,+,0,unique,9896355,+,0,yes
ILLUMINA-075005_0053_FC:3:1:9928:2563#0,5179666,-,0,multi,,,,no
ILLUMINA-075005_0053_FC:3:1:13776:2560#0,16786592,+,0,unique,16786592,+,0,yes
ILLUMINA-075005_0053_FC:3:1:14327:2557#0,5071793,-,0,unique,5071793,-,0,yes
ILLUMINA-075005_0053_FC:3:1:14548:2552#0,21171074,-,0,unique,21171074,-,0,yes
ILLUMINA-075005_0053_FC:3:1:15310:2555#0,7826857,+,0,unique,7826857,+,0,yes
ILLUMINA-075005_0053_FC:3:1:15391:2561#0,7744073,+,1,unique,7744073,+,1,yes
ILLUMINA-075005_0053_FC:3:1:15769:2556#0,17474293,-,0,unique,17474293,-,0,yes
ILLUMINA-075005_0053_FC:3:1:17391:2553#0,18442754,+,2,unique,18442754,+,2,yes
ILLUMINA-075005_0053_FC:3:1:17438:2557#0,19959417,-,0,unique,19959417,-,0,yes
ILLUMINA-075005_0053_FC:3:1:18013:2559#0,9767851,-,3,unique,9767851,-,3,yes
ILLUMINA-075005_0053_FC:3:1:1876:2568#0,21680942,+,0,unique,21680942,+,0,yes
ILLUMINA-075005_0053_FC:3:1:3413:2570#0,13945335,+,0,unique,13945335,+,0,yes
ILLUMINA-075005_0053_FC:3:1:3539:2570#0,13922028,+,2,unique,13922028,+,2,yes
ILLUMINA-075005_0053_FC:3:1:6458:2566#0,21171526,-,1,unique,21171526,-,1,yes
ILLUMINA-075005_0053_FC:3:1:12016:2571#0,18858254,+,0,unique,18858254,+,0,yes
ILLUMINA-075005_0053_FC:3:1:12671:2565#0,11003004,+,0,unique,11003004,+,0,yes
ILLUMINA-075005_0053_FC:3:1:13102:2566#0,420541,-,0,unique,420541,-,0,yes
ILLUMINA-075005_0053_FC:3:1:15583:2574#0,4457839,+,0,unique,4457839,+,0,yes
ILLUMINA-075005_0053_FC:3:1:17955:2565#0,13921894,-,0,unique,13921894,-,0,yes
ILLUMINA-075005_0053_FC:3:1:18208:2571#0,12438557,-,1,unique,12438557,-,1,yes
ILLUMINA-075005_0053_FC:3:1:18927:2568#0,18858069,+,0,unique,18858069,+,0,yes
ILLUMINA-075005_0053_FC:3:1:19054:2566#0,16784732,-,0,unique,16784732,-,0,yes
ILLUMINA-075005_0053_FC:3:1:19228:2571#0,10840559,+,0,unique,10840559,+,0,yes
ILLUMINA-075005_0053_FC:3:1:2970:2586#0,15750783,+,0,unique,15750783,+,0,yes
ILLUMINA-075005_0053_FC:3:1:3620:2579#0,1725710,+,0,unique,1725710,+,0,yes
ILLUMINA-075005_0053_FC:3:1:4253:2579#0,10851467,-,1,unique,10851467,-,1,yes
ILLUMINA-075005_0053_FC:3:1:4334:2577#0,16722418,-,0,unique,16722418,-,0,yes
ILLUMINA-075005_0053_FC:3:1:4715:2581#0,11003060,+,1,unique,11003060,+,1,yes
ILLUMINA-075005_0053_FC:3:1:6738:2577#0,8363869,+,0,unique,8363869,+,0,yes
ILLUMINA-075005_0053_FC:3:1:7055:2578#0,13933273,+,1,unique,13933273,+,1,yes
ILLUMINA-075005_0053_FC:3:1:8084:2587#0,420567,-,1,unique,420567,-,1,yes
ILLUMINA-075005_0053_FC:3:1:9243:2583#0,10847750,+,0,unique,10847750,+,0,yes
ILLUMINA-075005_0053_FC:3:1:9350:2581#0,18069005,+,0,unique,18069005,+,0,yes
ILLUMINA-075005_0053_FC:3:1:9589:2576#0,16507032,-,1,unique,16507032,-,1,yes
ILLUMINA-075005_0053_FC:3:1:9812:2586#0,13945882,+,0,unique,13945882,+,0,yes
ILLUMINA-075005_0053_FC:3:1:10211:2577#0,13367266,-,0,unique,13367266,-,0,yes
ILLUMINA-075005_0053_FC:3:1:11446:2585#0,3145313,+,0,unique,3145313,+,0,yes
ILLUMINA-075005_0053_FC:3:1:12217:2581#0,5201272,-,0,unique,5201272,-,0,yes
ILLUMINA-075005_0053_FC:3:1:13336:2586#0,12310946,-,0,unique,12310946,-,0,yes
ILLUMINA-075005_0053_FC:3:1:14345:2582#0,2948238,-,0,unique,2948238,-,0,yes
ILLUMINA-075005_0053_FC:3:1:16175:2584#0,18442910,+,1,unique,18442910,+,1,yes
ILLUMINA-075005_0053_FC:3:1:19454:2584#0,16785437,-,0,unique,16785437,-,0,yes
ILLUMINA-075005_0053_FC:3:1:3331:2595#0,12299188,-,0,unique,12299188,-,0,yes
ILLUMINA-075005_0053_FC:3:1:3754:2590#0,16777207,-,0,unique,16777207,-,0,yes
ILLUMINA-075005_0053_FC:3:1:4308:2594#0,561320,+,1,unique,561320,+,1,yes
ILLUMINA-075005_0053_FC:3:1:4768:2592#0,21166214,+,0,unique,21166214,+,0,yes
ILLUMINA-075005_0053_FC:3:1:6481:2594#0,13945538,+,1,unique,13945538,+,1,yes
ILLUMINA-075005_0053_FC:3:1:9913:2595#0,10201950,-,0,unique,10201950,-,0,yes
ILLUMINA-075005_0053_FC:3:1:10425:2593#0,21171727,-,0,unique,21171727,-,0,yes
ILLUMINA-075005_0053_FC:3:1:11940:2597#0,22534918,+,0,unique,22534918,+,0,yes
ILLUMINA-075005_0053_FC:3:1:13269:2598#0,4457862,+,0,unique,4457862,+,0,yes
ILLUMINA-075005_0053_FC:3:1:13742:2588#0,19956893,-,0,unique,19956893,-,0,yes
ILLUMINA-075005_0053_FC:3:1:15528:2596#0,5203156,-,0,unique,5203156,-,0,yes
ILLUMINA-075005_0053_FC:3:1:2059:2610#0,420600,-,0,unique,420600,-,0,yes
ILLUMINA-075005_0053_FC:3:1:2419:2608#0,8363751,+,0,unique,8363751,+,0,yes
ILLUMINA-075005_0053_FC:3:1:4810:2608#0,6061527,+,0,unique,6061527,+,0,yes
ILLUMINA-075005_0053_FC:3:1:5713:2599#0,5174921,-,0,multi,,,,no
ILLUMINA-075005_0053_FC:3:1:7339:2602#0,16782905,-,0,unique,16782905,-,0,yes
ILLUMINA-075005_0053_FC:3:1:8423:2609#0,16776902,-,1,unique,16776902,-,1,yes
ILLUMINA-075005_0053_FC:3:1:9685:2609#0,22247149,+,1,unique,22247149,+,1,yes
ILLUMINA-075005_0053_FC:3:1:10880:2605#0,13922026,+,1,unique,13922026,+,1,yes
ILLUMINA-075005_0053_FC:3:1:11411:2607#0,19431061,-,0,unique,19431061,-,0,yes
ILLUMINA-075005_0053_FC:3:1:12738:2602#0,10848625,+,0,unique,10848625,+,0,yes
ILLUMINA-075005_0053_FC:3:1:14368:2603#0,22247328,+,0,unique,22247328,+,0,yes
ILLUMINA-075005_0053_FC:3:1:14537:2600#0,420621,-,1,unique,420621,-,1,yes
ILLUMINA-075005_0053_FC:3:1:17184:2607#0,6061936,+,0,unique,6061936,+,0,yes
ILLUMINA-075005_0053_FC:3:1:17872:2603#0,5179155,-,0,multi,,,,no
ILLUMINA-075005_0053_FC:3:1:18035:2608#0,1725581,+,1,unique,1725581,+,1,yes
ILLUMINA-075005_0053_FC:3:1:19525:2608#0,9968376,-,0,unique,9968376,-,0,yes
ILLUMINA-075005_0053_FC:3:1:3506:2618#0,10848320,+,0,unique,10848320,+,0,yes
ILLUMINA-075005_0053_FC:3:1:6087:2615#0,3623712,+,4,unmapped,,,,no
ILLUMINA-075005_0053_FC:3:1:8556:2614#0,13933122,+,1,unique,13933122,+,1,yes
ILLUMINA-075005_0053_FC:3:1:12438:2613#0,13832836,+,1,unique,13832836,+,1,yes
ILLUMINA-075005_0053_FC:3:1:13095:2617#0,18704012,-,0,unique,18704012,-,0,yes
ILLUMINA-075005_0053_FC:3:1:16391:2619#0,10409932,-,0,unique,10409932,-,0,yes
ILLUMINA-075005_0053_FC:3:1:19172:2612#0,19959517,-,1,unique,19959517,-,1,yes
ILLUMINA-075005_0053_FC:3:1:5691:2628#0,16770528,-,0,unique,16770528,-,0,yes
ILLUMINA-075005_0053_FC:3:1:9128:2629#0,13394354,+,1,unique,13394354,+,1,yes
ILLUMINA-075005_0053_FC:3:1:10377:2634#0,8430298,-,0,unique,8430298,-,0,yes
ILLUMINA-075005_0053_FC:3:1:13474:2630#0,21164373,-,0,unique,21164373,-,0,yes
ILLUMINA-075005_0053_FC:3:1:13514:2628#0,3035632,+,0,unique,3035632,+,0,yes
ILLUMINA-075005_0053_FC:3:1:15247:2626#0,9968351,-,0,unique,9968351,-,0,yes
ILLUMINA-075005_0053_FC:3:1:17149:2630#0,560988,+,0,unique,560988,+,0,yes
ILLUMINA-075005_0053_FC:3:1:17493:2628#0,21678272,+,0,unique,21678272,+,0,yes
ILLUMINA-075005_0053_FC:3:1:5243:2641#0,6469331,+,0,unique,6469331,+,0,yes
ILLUMINA-075005_0053_FC:3:1:8219:2641#0,10410351,-,0,unique,10410351,-,0,yes
ILLUMINA-075005_0053_FC:3:1:10729:2637#0,6763599,+,0,unique,6763599,+,0,yes
ILLUMINA-075005_0053_FC:3:1:11810:2638#0,8303844,-,1,unique,8303844,-,1,yes
ILLUMINA-075005_0053_FC:3:1:13359:2636#0,9896586,+,0,unique,9896586,+,0,yes
ILLUMINA-075005_0053_FC:3:1:13879:2644#0,3145170,+,0,unique,3145170,+,0,yes
ILLUMINA-075005_0053_FC:3:1:18043:2645#0,19448532,+,0,unique,19448532,+,0,yes
ILLUMINA-075005_0053_FC:3:1:18798:2637#0,420320,-,0,unique,420320,-,0,yes
ILLUMINA-075005_0053_FC:3:1:19062:2639#0,7743812,+,0,unique,7743812,+,0,yes
ILLUMINA-075005_0053_FC:3:1:19539:2645#0,13375844,-,0,unique,13375844,-,0,yes
ILLUMINA-075005_0053_FC:3:1:1897:2651#0,4457885,+,0,unique,4457885,+,0,yes
ILLUMINA-075005_0053_FC:3:1:4426:2656#0,1612739,+,0,unique,1612739,+,0,yes
ILLUMINA-075005_0053_FC:3:1:4576:2657#0,13933053,+,0,unique,13933053,+,0,yes
ILLUMINA-075005_0053_FC:3:1:5787:2655#0,11797121,+,1,unique,11797121,+,1,yes
ILLUMINA-075005_0053_FC:3:1:6106:2650#0,13933689,+,0,unique,13933689,+,0,yes
ILLUMINA-075005_0053_FC:3:1:6790:2654#0,13933683,+,1,unique,13933683,+,1,yes
ILLUMINA-075005_0053_FC:3:1:10344:2656#0,18858189,+,0,unique,18858189,+,0,yes
ILLUMINA-075005_0053_FC:3:1:12524:2652#0,19959425,-,1,unique,19959425,-,1,yes
ILLUMINA-075005_0053_FC:3:1:12742:2648#0,18123671,-,0,unique,18123671,-,0,yes
ILLUMINA-075005_0053_FC:3:1:15050:2648#0,13921116,+,0,unique,13921116,+,0,yes
ILLUMINA-075005_0053_FC:3:1:16442:2654#0,8379235,+,0,unique,8379235,+,0,yes
ILLUMINA-075005_0053_FC:3:1:16460:2647#0,19052699,-,1,unique,19052699,-,1,yes
ILLUMINA-075005_0053_FC:3:1:19563:2654#0,13945719,+,0,unique,13945719,+,0,yes
ILLUMINA-075005_0053_FC:3:1:1661:2659#0,16783481,-,1,unique,16783481,-,1,yes
ILLUMINA-075005_0053_FC:3:1:5757:2666#0,10409825,-,0,unique,10409825,-,0,yes
ILLUMINA-075005_0053_FC:3:1:7124:2663#0,16783257,-,0,unique,16783257,-,0,yes
ILLUMINA-075005_0053_FC:3:1:7636:2661#0,295453,-,0,unique,295453,-,0,yes
ILLUMINA-075005_0053_FC:3:1:10082:2663#0,18449657,+,0,unique,18449657,+,0,yes
ILLUMINA-075005_0053_FC:3:1:10216:2667#0,15767497,+,4,unmapped,,,,no
ILLUMINA-075005_0053_FC:3:1:12320:2659#0,13921010,+,0,unique,13921010,+,0,yes
ILLUMINA-075005_0053_FC:3:1:12595:2668#0,13371802,+,0,unique,13371802,+,0,yes
ILLUMINA-075005_0053_FC:3:1:18533:2663#0,13921098,+,0,unique,13921098,+,0,yes
ILLUMINA-075005_0053_FC:3:1:19273:2668#0,5985480,-,1,unique,5985480,-,1,yes
ILLUMINA-075005_0053_FC:3:1:2957:2670#0,13922839,+,1,unique,13922839,+,1,yes
ILLUMINA-075005_0053_FC:3:1:3802:2673#0,13921900,+,0,unique,13921900,+,0,yes
ILLUMINA-075005_0053_FC:3:1:6679:2675#0,420390,-,4,unmapped,,,,no
ILLUMINA-075005_0053_FC:3:1:9492:2677#0,10201736,-,1,unique,10201736,-,1,yes
ILLUMINA-075005_0053_FC:3:1:9997:2681#0,13933261,+,1,unique,13933261,+,1,yes
ILLUMINA-075005_0053_FC:3:1:11116:2672#0,16788034,-,1,unique,16788034,-,1,yes
ILLUMINA-075005_0053_FC:3:1:11476:2675#0,21679100,+,1,unique,21679100,+,1,yes
ILLUMINA-075005_0053_FC:3:1:14165:2677#0,13933620,+,1,unique,13933620,+,1,yes
ILLUMINA-075005_0053_FC:3:1:15133:2672#0,8320654,-,0,unique,8320654,-,0,yes
ILLUMINA-075005_0053_FC:3:1:15612:2681#0,13921919,+,1,unique,13921919,+,1,yes
ILLUMINA-075005_0053_FC:3:1:1178:2687#0,6047278,+,0,unique,6047278,+,0,yes
ILLUMINA-075005_0053_FC:3:1:4111:2683#0,11002975,+,0,unique,11002975,+,0,yes
ILLUMINA-075005_0053_FC:3:1:4951:2688#0,13921022,+,1,unique,13921022,+,1,yes
ILLUMINA-075005_0053_FC:3:1:5958:2689#0,1103726,+,0,unique,1103726,+,0,yes
ILLUMINA-075005_0053_FC:3:1:7994:2689#0,204561,-,0,unique,204561,-,0,yes
ILLUMINA-075005_0053_FC:3:1:10133:2686#0,1612837,+,0,unique,1612837,+,0,yes
ILLUMINA-075005_0053_FC:3:1:11461:2684#0,13945203,+,0,unique,13945203,+,0,yes
ILLUMINA-075005_0053_FC:3:1:12374:2693#0,22247149,+,1,unique,22247149,+,1,yes
ILLUMINA-075005_0053_FC:3:1:12632:2691#0,7825692,+,0,unique,7825692,+,0,yes
ILLUMINA-075005_0053_FC:3:1:12666:2688#0,420395,-,0,unique,420395,-,0,yes
ILLUMINA-075005_0053_FC:3:1:14729:2688#0,4228460,-,0,unique,4228460,-,0,yes
ILLUMINA-075005_0053_FC:3:1:16534:2685#0,4225415,+,1,unique,4225415,+,1,yes
ILLUMINA-075005_0053_FC:3:1:17056:2689#0,12389478,-,1,unique,12389478,-,1,yes
ILLUMINA-075005_0053_FC:3:1:18194:2691#0,7744264,+,0,unique,7744264,+,0,yes
ILLUMINA-075005_0053_FC:3:1:18348:2684#0,13921022,+,1,unique,13921022,+,1,yes
ILLUMINA-075005_0053_FC:3:1:18762:2683#0,13933132,+,0,unique,13933132,+,0,yes
ILLUMINA-075005_0053_FC:3:1:19112:2690#0,4228358,-,0,unique,4228358,-,0,yes
ILLUMINA-075005_0053_FC:3:1:2176:2693#0,9968373,-,0,unique,9968373,-,0,yes
ILLUMINA-075005_0053_FC:3:1:2646:2694#0,14166345,+,0,unique,14166345,+,0,yes
ILLUMINA-075005_0053_FC:3:1:3561:2693#0,13945425,+,0,unique,13945425,+,0,yes
ILLUMINA-075005_0053_FC:3:1:4378:2703#0,13933162,+,0,unique,13933162,+,0,yes
ILLUMINA-075005_0053_FC:3:1:5147:2701#0,16774691,-,1,unique,16774691,-,1,yes
ILLUMINA-075005_0053_FC:3:1:10110:2704#0,9574578,+,0,unique,9574578,+,0,yes
ILLUMINA-075005_0053_FC:3:1:11923:2701#0,21678292,+,0,unique,21678292,+,0,yes
ILLUMINA-075005_0053_FC:3:1:12703:2699#0,11509769,+,0,unique,11509769,+,0,yes
ILLUMINA-075005_0053_FC:3:1:13153:2699#0,9768236,-,4,unmapped,,,,no
ILLUMINA-075005_0053_FC:3:1:15039:2697#0,18530831,-,1,unique,18530831,-,1,yes
ILLUMINA-075005_0053_FC:3:1:16171:2694#0,7744261,+,0,unique,7744261,+,0,yes
ILLUMINA-075005_0053_FC:3:1:19151:2695#0,9543354,-,0,unique,9543354,-,0,yes
ILLUMINA-075005_0053_FC:3:1:1619:2716#0,2748061,+,0,unique,2748061,+,0,yes
ILLUMINA-075005_0053_FC:3:1:1891:2705#0,1725305,+,0,unique,1725305,+,0,yes
ILLUMINA-075005_0053_FC:3:1:2324:2706#0,11507603,-,0,unique,11507603,-,0,yes
ILLUMINA-075005_0053_FC:3:1:6063:2707#0,13945593,+,0,unique,13945593,+,0,yes
ILLUMINA-075005_0053_FC:3:1:6188:2707#0,13921639,+,0,unique,13921639,+,0,yes
ILLUMINA-075005_0053_FC:3:1:6794:2711#0,10490886,+,0,unique,10490886,+,0,yes
ILLUMINA-075005_0053_FC:3:1:10980:2707#0,10409927,-,0,unique,10409927,-,0,yes
ILLUMINA-075005_0053_FC:3:1:12171:2715#0,13900842,+,0,unique,13900842,+,0,yes
ILLUMINA-075005_0053_FC:3:1:12679:2715#0,11003087,+,0,unique,11003087,+,0,yes
ILLUMINA-075005_0053_FC:3:1:13542:2707#0,16768700,-,0,unique,16768700,-,0,yes
ILLUMINA-075005_0053_FC:3:1:14584:2709#0,1708096,+,1,unique,1708096,+,1,yes
ILLUMINA-075005_0053_FC:3:1:14715:2707#0,16788031,-,0,unique,16788031,-,0,yes
ILLUMINA-075005_0053_FC:3:1:17147:2707#0,12438552,-,0,unique,12438552,-,0,yes
ILLUMINA-075005_0053_FC:3:1:18341:2711#0,2756047,-,0,unique,2756047,-,0,yes
ILLUMINA-075005_0053_FC:3:1:2833:2724#0,9552510,+,1,unique,9552510,+,1,yes
ILLUMINA-075005_0053_FC:3:1:3633:2718#0,1725779,+,0,unique,1725779,+,0,yes
ILLUMINA-075005_0053_FC:3:1:5082:2728#0,16777320,-,0,unique,16777320,-,0,yes
ILLUMINA-075005_0053_FC:3:1:5862:2719#0,16774517,-,1,unique,16774517,-,1,yes
ILLUMINA-075005_0053_FC:3:1:6168:2718#0,9573885,+,0,unique,9573885,+,0,yes
ILLUMINA-075005_0053_FC:3:1:7638:2724#0,6935640,+,1,unique,6935640,+,1,yes
ILLUMINA-075005_0053_FC:3:1:8688:2728#0,13370376,+,1,unique,13370376,+,1,yes
ILLUMINA-075005_0053_FC:3:1:10075:2721#0,9554018,+,0,unique,9554018,+,0,yes
ILLUMINA-075005_0053_FC:3:1:10774:2722#0,4967037,+,0,unique,4967037,+,0,yes
ILLUMINA-075005_0053_FC:3:1:13397:2723#0,13922839,+,1,unique,13922839,+,1,yes
ILLUMINA-075005_0053_FC:3:1:14171:2728#0,13921791,+,0,unique,13921791,+,0,yes
ILLUMINA-075005_0053_FC:3:1:14540:2719#0,13933132,+,1,unique,13933132,+,1,yes
ILLUMINA-075005_0053_FC:3:1:17520:2724#0,13933121,+,0,unique,13933121,+,0,yes
ILLUMINA-075005_0053_FC:3:1:18027:2726#0,11003521,+,1,unique,11003521,+,1,yes
ILLUMINA-075005_0053_FC:3:1:18057:2728#0,16788036,-,1,unique,16788036,-,1,yes
ILLUMINA-075005_0053_FC:3:1:18519:2719#0,8486152,-,0,unique,8486152,-,0,yes
ILLUMINA-075005_0053_FC:3:1:2162:2733#0,13945703,+,0,unique,13945703,+,0,yes
ILLUMINA-075005_0053_FC:3:1:3507:2731#0,5035331,-,0,unique,5035331,-,0,yes
ILLUMINA-075005_0053_FC:3:1:3849:2736#0,9968153,-,0,unique,9968153,-,0,yes
ILLUMINA-075005_0053_FC:3:1:4773:2740#0,6046860,+,1,unique,6046860,+,1,yes
ILLUMINA-075005_0053_FC:3:1:5404:2729#0,420453,-,0,unique,420453,-,0,yes
ILLUMINA-075005_0053_FC:3:1:5495:2736#0,11002999,+,0,unique,11002999,+,0,yes
ILLUMINA-075005_0053_FC:3:1:5649:2736#0,213179,+,0,unique,213179,+,0,yes
ILLUMINA-075005_0053_FC:3:1:7662:2738#0,18449815,+,0,unique,18449815,+,0,yes
ILLUMINA-075005_0053_FC:3:1:8667:2739#0,13370376,+,1,unique,13370376,+,1,yes
ILLUMINA-075005_0053_FC:3:1:11756:2733#0,10409932,-,0,unique,10409932,-,0,yes
ILLUMINA-075005_0053_FC:3:1:11961:2732#0,22535782,+,0,unique,22535782,+,0,yes
ILLUMINA-075005_0053_FC:3:1:12247:2736#0,7744533,+,0,unique,7744533,+,0,yes
ILLUMINA-075005_0053_FC:3:1:12530:2730#0,5071625,-,2,unique,5071625,-,2,yes
ILLUMINA-075005_0053_FC:3:1:14102:2737#0,7825738,+,1,unique,7825738,+,1,yes
ILLUMINA-075005_0053_FC:3:1:16390:2734#0,3802150,-,0,unique,3802150,-,0,yes
ILLUMINA-075005_0053_FC:3:1:1538:2750#0,13933199,+,0,unique,13933199,+,0,yes
ILLUMINA-075005_0053_FC:3:1:7138:2749#0,8041986,+,0,unique,8041986,+,0,yes
ILLUMINA-075005_0053_FC:3:1:11654:2750#0,12045480,+,1,unique,12045480,+,1,yes
ILLUMINA-075005_0053_FC:3:1:11810:2744#0,16788549,-,0,unique,16788549,-,0,yes
ILLUMINA-075005_0053_FC:3:1:11930:2748#0,10771090,-,0,unique,10771090,-,0,yes
ILLUMINA-075005_0053_FC:3:1:13391:2740#0,13922839,+,1,unique,13922839,+,1,yes
ILLUMINA-075005_0053_FC:3:1:15265:2749#0,18442573,+,0,unique,18442573,+,0,yes
ILLUMINA-075005_0053_FC:3:1:15488:2750#0,13370345,+,0,unique,13370345,+,0,yes
ILLUMINA-075005_0053_FC:3:1:16362:2742#0,19008355,+,0,unique,19008355,+,0,yes
ILLUMINA-075005_0053_FC:3:1:17339:2740#0,10387445,-,0,unique,10387445,-,0,yes
ILLUMINA-075005_0053_FC:3:1:18085:2747#0,18442564,+,0,unique,18442564,+,0,yes
ILLUMINA-075005_0053_FC:3:1:1240:2761#0,16786572,-,1,unique,16786572,-,1,yes
ILLUMINA-075005_0053_FC:3:1:4092:2759#0,12708365,-,0,unique,12708365,-,0,yes
ILLUMINA-075005_0053_FC:3:1:7831:2753#0,5194829,-,0,unique,5194829,-,0,yes
ILLUMINA-075005_0053_FC:3:1:8912:2760#0,12104722,-,0,unique,12104722,-,0,yes
ILLUMINA-075005_0053_FC:3:1:10845:2756#0,13921678,+,0,unique,13921678,+,0,yes
ILLUMINA-075005_0053_FC:3:1:15025:2763#0,9903731,+,1,unique,9903731,+,1,yes
ILLUMINA-075005_0053_FC:3:1:18739:2761#0,10847933,+,0,unique,10847933,+,0,yes
ILLUMINA-075005_0053_FC:3:1:19748:2759#0,13933122,+,0,unique,13933122,+,0,yes
ILLUMINA-075005_0053_FC:3:1:6476:2767#0,8042477,+,0,unique,8042477,+,0,yes
ILLUMINA-075005_0053_FC:3:1:6773:2775#0,10976038,+,0,unique,10976038,+,0,yes
ILLUMINA-075005_0053_FC:3:1:9765:2773#0,14617199,-,0,unique,14617199,-,0,yes
ILLUMINA-075005_0053_FC:3:1:18570:2770#0,9787566,+,1,unique,9787566,+,1,yes
ILLUMINA-075005_0053_FC:3:1:1700:2786#0,4458980,+,0,unique,4458980,+,0,yes
ILLUMINA-075005_0053_FC:3:1:2228:2776#0,12708345,-,1,unique,12708345,-,1,yes
ILLUMINA-075005_0053_FC:3:1:5146:2786#0,10201658,-,0,unique,10201658,-,0,yes
ILLUMINA-075005_0053_FC:3:1:5512:2776#0,16785184,-,0,unique,16785184,-,0,yes
ILLUMINA-075005_0053_FC:3:1:7886:2779#0,6977965,+,1,unique,6977965,+,1,yes
ILLUMINA-075005_0053_FC:3:1:9294:2779#0,18858184,+,0,unique,18858184,+,0,yes
ILLUMINA-075005_0053_FC:3:1:9592:2779#0,19383512,+,1,unique,19383512,+,1,yes
ILLUMINA-075005_0053_FC:3:1:10888:2786#0,16722430,-,2,unique,16722430,-,2,yes
ILLUMINA-075005_0053_FC:3:1:12222:2786#0,5191160,-,0,unique,5191160,-,0,yes
ILLUMINA-075005_0053_FC:3:1:13429:2781#0,10282054,+,0,unique,10282054,+,0,yes
ILLUMINA-075005_0053_FC:3:1:13605:2784#0,16774517,-,1,unique,16774517,-,1,yes
ILLUMINA-075005_0053_FC:3:1:17306:2776#0,14186528,+,0,unique,14186528,+,0,yes
ILLUMINA-075005_0053_FC:3:1:19573:2777#0,8079007,+,2,unique,8079007,+,2,yes
ILLUMINA-075005_0053_FC:3:1:2067:2797#0,16785488,-,0,unique,16785488,-,0,yes
ILLUMINA-075005_0053_FC:3:1:3981:2789#0,1726329,+,0,unique,1726329,+,0,yes
ILLUMINA-075005_0053_FC:3:1:4438:2795#0,16909486,+,0,unique,16909486,+,0,yes
ILLUMINA-075005_0053_FC:3:1:4566:2789#0,11523744,+,0,unique,11523744,+,0,yes
ILLUMINA-075005_0053_FC:3:1:5510:2797#0,19959419,-,0,unique,19959419,-,0,yes
ILLUMINA-075005_0053_FC:3:1:5985:2790#0,13932745,+,0,unique,13932745,+,0,yes
ILLUMINA-075005_0053_FC:3:1:9623:2794#0,13921642,+,0,unique,13921642,+,0,yes
ILLUMINA-075005_0053_FC:3:1:12265:2790#0,21019622,+,0,unique,21019622,+,0,yes
ILLUMINA-075005_0053_FC:3:1:14922:2797#0,6346086,-,1,unique,6346086,-,1,yes
ILLUMINA-075005_0053_FC:3:1:16116:2794#0,9896708,+,0,unique,9896708,+,0,yes
ILLUMINA-075005_0053_FC:3:1:16616:2791#0,13922245,+,2,unique,13922245,+,2,yes
ILLUMINA-075005_0053_FC:3:1:17489:2794#0,10848301,+,0,unique,10848301,+,0,yes
ILLUMINA-075005_0053_FC:3:1:18053:2790#0,16785181,-,0,unique,16785181,-,0,yes
ILLUMINA-075005_0053_FC:3:1:18423:2792#0,9967752,-,0,unique,9967752,-,0,yes
ILLUMINA-075005_0053_FC:3:1:18873:2795#0,13922112,+,0,unique,13922112,+,0,yes
ILLUMINA-075005_0053_FC:3:1:5135:2800#0,1613129,+,0,unique,1613129,+,0,yes
ILLUMINA-075005_0053_FC:3:1:5848:2801#0,9932935,+,0,unique,9932935,+,0,yes
ILLUMINA-075005_0053_FC:3:1:6264:2803#0,1725406,+,0,unique,1725406,+,0,yes
ILLUMINA-075005_0053_FC:3:1:6360:2799#0,16827752,+,0,unique,16827752,+,0,yes
ILLUMINA-075005_0053_FC:3:1:6763:2801#0,13933122,+,0,unique,13933122,+,0,yes
ILLUMINA-075005_0053_FC:3:1:9727:2806#0,13933299,+,1,unique,13933299,+,1,yes
ILLUMINA-075005_0053_FC:3:1:10042:2804#0,409242,+,0,unique,409242,+,0,yes
ILLUMINA-075005_0053_FC:3:1:12280:2806#0,13223047,-,1,unique,13223047,-,1,yes
ILLUMINA-075005_0053_FC:3:1:13986:2803#0,562906,+,0,unique,562906,+,0,yes
ILLUMINA-075005_0053_FC:3:1:15332:2809#0,13945532,+,0,unique,13945532,+,0,yes
ILLUMINA-075005_0053_FC:3:1:16603:2809#0,13922245,+,3,unique,13922245,+,3,yes
ILLUMINA-075005_0053_FC:3:1:16869:2800#0,13922533,+,1,unique,13922533,+,1,yes
ILLUMINA-075005_0053_FC:3:1:18839:2807#0,10848273,+,0,unique,10848273,+,0,yes
ILLUMINA-075005_0053_FC:3:1:19228:2805#0,13933464,+,0,unique,13933464,+,0,yes
ILLUMINA-075005_0053_FC:3:1:5678:2820#0,7744080,+,0,unique,7744080,+,0,yes
ILLUMINA-075005_0053_FC:3:1:6325:2816#0,4517524,+,0,unique,4517524,+,0,yes
ILLUMINA-075005_0053_FC:3:1:11521:2819#0,16785315,-,1,unique,16785315,-,1,yes
ILLUMINA-075005_0053_FC:3:1:13932:2821#0,9554019,+,0,unique,9554019,+,0,yes
ILLUMINA-075005_0053_FC:3:1:14281:2816#0,22247149,+,1,unique,22247149,+,1,yes
ILLUMINA-075005_0053_FC:3:1:16303:2818#0,1726100,+,2,unique,1726100,+,2,yes
ILLUMINA-075005_0053_FC:3:1:17065:2817#0,562104,+,0,unique,562104,+,0,yes
ILLUMINA-075005_0053_FC:3:1:1382:2827#0,5042635,+,0,unique,5042635,+,0,yes
ILLUMINA-075005_0053_FC:3:1:3217:2824#0,13394411,+,0,unique,13394411,+,0,yes
ILLUMINA-075005_0053_FC:3:1:4720:2824#0,7825841,+,1,unique,7825841,+,1,yes
ILLUMINA-075005_0053_FC:3:1:5776:2828#0,5984267,-,1,unique,5984267,-,1,yes
ILLUMINA-075005_0053_FC:3:1:6111:2834#0,7025715,+,0,unique,7025715,+,0,yes
ILLUMINA-075005_0053_FC:3:1:6928:2829#0,6927161,-,0,unique,6927161,-,0,yes
ILLUMINA-075005_0053_FC:3:1:8430:2833#0,13945752,+,0,unique,13945752,+,0,yes
ILLUMINA-075005_0053_FC:3:1:10016:2832#0,4228086,-,1,unique,4228086,-,1,yes
ILLUMINA-075005_0053_FC:3:1:10769:2830#0,13945253,+,0,unique,13945253,+,0,yes
ILLUMINA-075005_0053_FC:3:1:10809:2831#0,11025680,+,1,unique,11025680,+,1,yes
ILLUMINA-075005_0053_FC:3:1:11560:2833#0,13945533,+,1,unique,13945533,+,1,yes
ILLUMINA-075005_0053_FC:3:1:12267:2833#0,13922765,+,0,unique,13922765,+,0,yes
ILLUMINA-075005_0053_FC:3:1:17559:2825#0,13945701,+,0,unique,13945701,+,0,yes
ILLUMINA-075005_0053_FC:3:1:2400:2843#0,10847500,+,1,unique,10847500,+,1,yes
ILLUMINA-075005_0053_FC:3:1:3031:2835#0,8191497,+,0,unique,8191497,+,0,yes
ILLUMINA-075005_0053_FC:3:1:4689:2837#0,16786110,-,0,unique,16786110,-,0,yes
ILLUMINA-075005_0053_FC:3:1:4884:2835#0,9896605,+,0,unique,9896605,+,0,yes
ILLUMINA-075005_0053_FC:3:1:5964:2841#0,13922711,+,0,unique,13922711,+,0,yes
ILLUMINA-075005_0053_FC:3:1:8228:2834#0,6061688,+,1,unique,6061688,+,1,yes
ILLUMINA-075005_0053_FC:3:1:8313:2844#0,1612911,+,0,unique,1612911,+,0,yes
ILLUMINA-075005_0053_FC:3:1:9142:2836#0,12045371,+,0,unique,12045371,+,0,yes
ILLUMINA-075005_0053_FC:3:1:10587:2842#0,872445,-,1,unique,872445,-,1,yes
ILLUMINA-075005_0053_FC:3:1:11906:2842#0,8428415,-,1,unique,8428415,-,1,yes
ILLUMINA-075005_0053_FC:3:1:11928:2844#0,560951,+,0,unique,560951,+,0,yes
ILLUMINA-075005_0053_FC:3:1:12632:2841#0,5985463,-,1,unique,5985463,-,1,yes
ILLUMINA-075005_0053_FC:3:1:17021:2839#0,21171466,-,0,unique,21171466,-,0,yes
ILLUMINA-075005_0053_FC:3:1:18155:2841#0,16783224,-,1,unique,16783224,-,1,yes
ILLUMINA-075005_0053_FC:3:1:2058:2857#0,561305,+,1,unique,561305,+,1,yes
ILLUMINA-075005_0053_FC:3:1:3868:2856#0,16777117,-,0,unique,16777117,-,0,yes
ILLUMINA-075005_0053_FC:3:1:5500:2846#0,13922245,+,0,unique,13922245,+,0,yes
ILLUMINA-075005_0053_FC:3:1:6946:2857#0,21159556,-,0,unique,21159556,-,0,yes
ILLUMINA-075005_0053_FC:3:1:8490:2848#0,4797142,+,1,unique,4797142,+,1,yes
ILLUMINA-075005_0053_FC:3:1:12614:2848#0,1725136,+,0,unique,1725136,+,0,yes
ILLUMINA-075005_0053_FC:3:1:14509:2853#0,2747695,+,0,unique,2747695,+,0,yes
ILLUMINA-075005_0053_FC:3:1:15504:2850#0,10975824,+,0,unique,10975824,+,0,yes
ILLUMINA-075005_0053_FC:3:1:17638:2847#0,13921010,+,0,unique,13921010,+,0,yes
ILLUMINA-075005_0053_FC:3:1:18638:2848#0,7744539,+,0,unique,7744539,+,0,yes
ILLUMINA-075005_0053_FC:3:1:1956:2869#0,5984350,-,2,unique,5984350,-,2,yes
ILLUMINA-075005_0053_FC:3:1:2004:2861#0,1600683,-,0,unique,1600683,-,0,yes
ILLUMINA-075005_0053_FC:3:1:2411:2860#0,18527650,-,0,unique,18527650,-,0,yes
ILLUMINA-075005_0053_FC:3:1:4201:2867#0,13922380,+,0,unique,13922380,+,0,yes
ILLUMINA-075005_0053_FC:3:1:4642:2865#0,2747718,+,0,unique,2747718,+,0,yes
ILLUMINA-075005_0053_FC:3:1:6220:2866#0,4994868,+,1,unique,4994868,+,1,yes
ILLUMINA-075005_0053_FC:3:1:8402:2859#0,4228400,-,0,unique,4228400,-,0,yes
ILLUMINA-075005_0053_FC:3:1:17015:2862#0,10848641,+,0,unique,10848641,+,0,yes
ILLUMINA-075005_0053_FC:3:1:2839:2873#0,2746907,+,0,unique,2746907,+,0,yes
ILLUMINA-075005_0053_FC:3:1:6581:2871#0,10410306,-,0,unique,10410306,-,0,yes
ILLUMINA-075005_0053_FC:3:1:9752:2880#0,11284981,+,0,unique,11284981,+,0,yes
ILLUMINA-075005_0053_FC:3:1:10365:2874#0,11002854,+,1,unique,11002854,+,1,yes
ILLUMINA-075005_0053_FC:3:1:11343:2869#0,15037805,+,0,unique,15037805,+,0,yes
ILLUMINA-075005_0053_FC:3:1:11732:2874#0,12299273,-,4,unmapped,,,,no
ILLUMINA-075005_0053_FC:3:1:12101:2873#0,2375124,-,0,unique,2375124,-,0,yes
ILLUMINA-075005_0053_FC:3:1:13082:2870#0,19053529,-,0,unique,19053529,-,0,yes
ILLUMINA-075005_0053_FC:3:1:17521:2870#0,13394362,+,0,unique,13394362,+,0,yes
ILLUMINA-075005_0053_FC:3:1:18476:2881#0,11002918,+,0,unique,11002918,+,0,yes
ILLUMINA-075005_0053_FC:3:1:6507:2884#0,10848577,+,0,unique,10848577,+,0,yes
ILLUMINA-075005_0053_FC:3:1:8275:2889#0,16785634,-,1,unique,16785634,-,1,yes
ILLUMINA-075005_0053_FC:3:1:8318:2888#0,400190,+,0,unique,400190,+,0,yes
ILLUMINA-075005_0053_FC:3:1:8521:2890#0,19959390,-,1,unique,19959390,-,1,yes
ILLUMINA-075005_0053_FC:3:1:11877:2883#0,563046,+,0,unique,563046,+,0,yes
ILLUMINA-075005_0053_FC:3:1:14956:2885#0,16752739,-,0,unique,16752739,-,0,yes
ILLUMINA-075005_0053_FC:3:1:15073:2891#0,9896329,+,0,unique,9896329,+,0,yes
ILLUMINA-075005_0053_FC:3:1:17864:2886#0,13922167,+,0,unique,13922167,+,0,yes
ILLUMINA-075005_0053_FC:3:1:3400:2898#0,11003045,+,0,unique,11003045,+,0,yes
ILLUMINA-075005_0053_FC:3:1:3500:2898#0,562603,+,0,unique,562603,+,0,yes
ILLUMINA-075005_0053_FC:3:1:9326:2893#0,21171351,-,0,unique,21171351,-,0,yes
ILLUMINA-075005_0053_FC:3:1:13358:2894#0,18449600,+,1,unique,18449600,+,1,yes
ILLUMINA-075005_0053_FC:3:1:16205:2899#0,13394121,+,0,unique,13394121,+,0,yes
ILLUMINA-075005_0053_FC:3:1:17220:2900#0,4402626,-,0,unique,4402626,-,0,yes
ILLUMINA-075005_0053_FC:3:1:18452:2902#0,396728,+,0,unique,396728,+,0,yes
ILLUMINA-075005_0053_FC:3:1:18934:2898#0,13933112,+,0,unique,13933112,+,0,yes
ILLUMINA-075005_0053_FC:3:1:1360:2906#0,21678949,+,1,unique,21678949,+,1,yes
ILLUMINA-075005_0053_FC:3:1:4707:2905#0,8042478,+,0,unique,8042478,+,0,yes
ILLUMINA-075005_0053_FC:3:1:5761:2905#0,1612836,+,0,unique,1612836,+,0,yes
ILLUMINA-075005_0053_FC:3:1:6378:2906#0,10771287,-,0,unique,10771287,-,0,yes
ILLUMINA-075005_0053_FC:3:1:6631:2914#0,7825691,+,0,unique,7825691,+,0,yes
ILLUMINA-075005_0053_FC:3:1:7516:2910#0,8363743,+,0,unique,8363743,+,0,yes
ILLUMINA-075005_0053_FC:3:1:9831:2909#0,22128286,+,0,unique,22128286,+,0,yes
ILLUMINA-075005_0053_FC:3:1:11242:2910#0,13932889,+,0,unique,13932889,+,0,yes
ILLUMINA-075005_0053_FC:3:1:13074:2915#0,12298941,-,0,unique,12298941,-,0,yes
ILLUMINA-075005_0053_FC:3:1:13516:2906#0,13394401,+,0,unique,13394401,+,0,yes
ILLUMINA-075005_0053_FC:3:1:15301:2907#0,1613719,+,0,unique,1613719,+,0,yes
ILLUMINA-075005_0053_FC:3:1:15640:2906#0,6047093,+,2,unique,6047093,+,2,yes
ILLUMINA-075005_0053_FC:3:1:1676:2919#0,12691115,+,0,unique,12691115,+,0,yes
ILLUMINA-075005_0053_FC:3:1:2583:2924#0,9968000,-,0,unique,9968000,-,0,yes
ILLUMINA-075005_0053_FC:3:1:6471:2924#0,12065283,+,0,unique,12065283,+,0,yes
ILLUMINA-075005_0053_FC:3:1:8682:2924#0,11002941,+,0,unique,11002941,+,0,yes
ILLUMINA-075005_0053_FC:3:1:8914:2926#0,16786561,-,0,unique,16786561,-,0,yes
ILLUMINA-075005_0053_FC:3:1:9159:2928#0,13922268,+,0,unique,13922268,+,0,yes
ILLUMINA-075005_0053_FC:3:1:9845:2925#0,22128286,+,1,unique,22128286,+,1,yes
ILLUMINA-075005_0053_FC:3:1:10612:2919#0,562304,+,0,unique,562304,+,0,yes
ILLUMINA-075005_0053_FC:3:1:11631:2927#0,21679676,+,1,unique,21679676,+,1,yes
ILLUMINA-075005_0053_FC:3:1:15304:2925#0,1613719,+,0,unique,1613719,+,0,yes
ILLUMINA-075005_0053_FC:3:1:15608:2921#0,562688,+,0,unique,562688,+,0,yes
ILLUMINA-075005_0053_FC:3:1:18161:2926#0,7402716,+,0,unique,7402716,+,0,yes
ILLUMINA-075005_0053_FC:3:1:19428:2927#0,13945751,+,1,unique,13945751,+,1,yes
ILLUMINA-075005_0053_FC:3:1:19786:2919#0,11151641,+,0,unique,11151641,+,0,yes
ILLUMINA-075005_0053_FC:3:1:4515:2933#0,420327,-,0,unique,420327,-,0,yes
ILLUMINA-075005_0053_FC:3:1:5936:2935#0,19959885,-,0,unique,19959885,-,0,yes
ILLUMINA-075005_0053_FC:3:1:7248:2937#0,13932850,+,2,unique,13932850,+,2,yes
ILLUMINA-075005_0053_FC:3:1:7975:2934#0,16727239,+,0,unique,16727239,+,0,yes
ILLUMINA-075005_0053_FC:3:1:8988:2934#0,5984754,-,0,unique,5984754,-,0,yes
ILLUMINA-075005_0053_FC:3:1:10753:2938#0,9964628,+,0,unique,9964628,+,0,yes
ILLUMINA-075005_0053_FC:3:1:11361:2938#0,7034839,-,0,unique,7034839,-,0,yes
ILLUMINA-075005_0053_FC:3:1:16556:2929#0,16785625,-,0,unique,16785625,-,0,yes
ILLUMINA-075005_0053_FC:3:1:17790:2939#0,18442776,+,1,unique,18442776,+,1,yes
ILLUMINA-075005_0053_FC:3:1:18509:2937#0,2770675,-,0,unique,2770675,-,0,yes
ILLUMINA-075005_0053_FC:3:1:4456:2945#0,16784784,-,0,unique,16784784,-,0,yes
ILLUMINA-075005_0053_FC:3:1:4712:2943#0,16887233,+,0,unique,16887233,+,0,yes
ILLUMINA-075005_0053_FC:3:1:5824:2948#0,10233805,-,0,unique,10233805,-,0,yes
ILLUMINA-075005_0053_FC:3:1:9663:2940#0,10848549,+,0,unique,10848549,+,0,yes
ILLUMINA-075005_0053_FC:3:1:10931:2946#0,561133,+,1,unique,561133,+,1,yes
ILLUMINA-075005_0053_FC:3:1:15075:2947#0,6559077,-,1,unique,6559077,-,1,yes
ILLUMINA-075005_0053_FC:3:1:15134:2942#0,15759209,+,1,unique,15759209,+,1,yes
ILLUMINA-075005_0053_FC:3:1:15361:2944#0,6558428,-,2,unique,6558428,-,2,yes
ILLUMINA-075005_0053_FC:3:1:15996:2949#0,16885403,-,1,unique,16885403,-,1,yes
ILLUMINA-075005_0053_FC:3:1:19179:2940#0,12708376,-,0,unique,12708376,-,0,yes
ILLUMINA-075005_0053_FC:3:1:4914:2953#0,5176293,-,0,multi,,,,no
ILLUMINA-075005_0053_FC:3:1:4932:2957#0,13921022,+,1,unique,13921022,+,1,yes
ILLUMINA-075005_0053_FC:3:1:5591:2953#0,18835411,+,0,unique,18835411,+,0,yes
ILLUMINA-075005_0053_FC:3:1:5848:2959#0,15064614,+,0,unique,15064614,+,0,yes
ILLUMINA-075005_0053_FC:3:1:6997:2961#0,13922161,+,0,unique,13922161,+,0,yes
ILLUMINA-075005_0053_FC:3:1:8643:2954#0,13933206,-,0,unique,13933206,-,0,yes
ILLUMINA-075005_0053_FC:3:1:9680:2953#0,19758227,+,2,unique,19758227,+,2,yes
ILLUMINA-075005_0053_FC:3:1:9865:2961#0,9968348,-,0,unique,9968348,-,0,yes
ILLUMINA-075005_0053_FC:3:1:10067:2956#0,12708290,-,0,unique,12708290,-,0,yes
ILLUMINA-075005_0053_FC:3:1:10947:2956#0,19959380,-,0,unique,19959380,-,0,yes
ILLUMINA-075005_0053_FC:3:1:13917:2957#0,13932935,+,0,unique,13932935,+,0,yes
ILLUMINA-075005_0053_FC:3:1:17951:2961#0,21171972,-,0,unique,21171972,-,0,yes
ILLUMINA-075005_0053_FC:3:1:17970:2953#0,7429607,-,0,unique,7429607,-,0,yes
ILLUMINA-075005_0053_FC:3:1:18886:2959#0,7405496,-,1,unique,7405496,-,1,yes
ILLUMINA-075005_0053_FC:3:1:19393:2958#0,9573719,+,3,unique,9573719,+,3,yes
ILLUMINA-075005_0053_FC:3:1:1966:2967#0,132756,-,0,unique,132756,-,0,yes
ILLUMINA-075005_0053_FC:3:1:2315:2975#0,7825973,+,1,unique,7825973,+,1,yes
ILLUMINA-075005_0053_FC:3:1:4017:2967#0,420615,-,0,unique,420615,-,0,yes
ILLUMINA-075005_0053_FC:3:1:4490:2972#0,16783423,+,2,unique,16783423,+,2,yes
ILLUMINA-075005_0053_FC:3:1:7521:2963#0,12289004,-,1,unique,12289004,-,1,yes
ILLUMINA-075005_0053_FC:3:1:10398:2965#0,13923360,+,1,unique,13923360,+,1,yes
ILLUMINA-075005_0053_FC:3:1:10532:2965#0,16237740,-,0,unique,16237740,-,0,yes
ILLUMINA-075005_0053_FC:3:1:12104:2968#0,13921136,+,0,unique,13921136,+,0,yes
ILLUMINA-075005_0053_FC:3:1:18983:2971#0,6468742,+,1,unique,6468742,+,1,yes
ILLUMINA-075005_0053_FC:3:1:3494:2977#0,4457846,+,0,unique,4457846,+,0,yes
ILLUMINA-075005_0053_FC:3:1:4724:2978#0,7734731,+,0,multi,,,,no
ILLUMINA-075005_0053_FC:3:1:4926:2980#0,5176293,-,4,unmapped,,,,no
ILLUMINA-075005_0053_FC:3:1:5203:2977#0,7743856,+,1,unique,7743856,+,1,yes
ILLUMINA-075005_0053_FC:3:1:7696:2977#0,20082930,+,0,unique,20082930,+,0,yes
ILLUMINA-075005_0053_FC:3:1:9509:2980#0,5206395,-,0,unique,5206395,-,0,yes
ILLUMINA-075005_0053_FC:3:1:13400:2979#0,18127579,-,0,unique,18127579,-,0,yes
ILLUMINA-075005_0053_FC:3:1:17963:2980#0,5037733,-,2,unique,5037733,-,2,yes
ILLUMINA-075005_0053_FC:3:1:18385:2979#0,16782931,-,0,unique,16782931,-,0,yes
ILLUMINA-075005_0053_FC:3:1:2031:2995#0,10848619,+,0,unique,10848619,+,0,yes
ILLUMINA-075005_0053_FC:3:1:3950:2996#0,13933575,+,1,unique,13933575,+,1,yes
ILLUMINA-075005_0053_FC:3:1:5768:2996#0,21172525,-,1,unique,21172525,-,1,yes
ILLUMINA-075005_0053_FC:3:1:5927:2993#0,7825825,+,1,unique,7825825,+,1,yes
ILLUMINA-075005_0053_FC:3:1:8182:2994#0,10771287,-,0,unique,10771287,-,0,yes
ILLUMINA-075005_0053_FC:3:1:8345:2993#0,7825691,+,0,unique,7825691,+,0,yes
ILLUMINA-075005_0053_FC:3:1:8502:2990#0,12457113,+,1,unique,12457113,+,1,yes
ILLUMINA-075005_0053_FC:3:1:8546:2998#0,13921027,+,0,unique,13921027,+,0,yes
ILLUMINA-075005_0053_FC:3:1:8794:2990#0,2748171,+,0,unique,2748171,+,0,yes
ILLUMINA-075005_0053_FC:3:1:9914:2987#0,13921737,+,0,unique,13921737,+,0,yes
ILLUMINA-075005_0053_FC:3:1:10088:2989#0,420309,-,0,unique,420309,-,0,yes
ILLUMINA-075005_0053_FC:3:1:10592:2998#0,8364195,+,1,unique,8364195,+,1,yes
ILLUMINA-075005_0053_FC:3:1:12698:2997#0,13669749,-,0,unique,13669749,-,0,yes
ILLUMINA-075005_0053_FC:3:1:14868:2988#0,13945957,+,0,unique,13945957,+,0,yes
ILLUMINA-075005_0053_FC:3:1:15059:2998#0,5204453,-,0,unique,5204453,-,0,yes
ILLUMINA-075005_0053_FC:3:1:16607:2987#0,13945295,+,0,unique,13945295,+,0,yes
ILLUMINA-075005_0053_FC:3:1:17792:2991#0,21172566,-,0,unique,21172566,-,0,yes
ILLUMINA-075005_0053_FC:3:1:1924:3005#0,10201365,-,0,unique,10201365,-,0,yes
ILLUMINA-075005_0053_FC:3:1:4362:3005#0,18442564,+,0,unique,18442564,+,0,yes
ILLUMINA-075005_0053_FC:3:1:4656:2999#0,10333042,-,0,unique,10333042,-,0,yes
ILLUMINA-075005_0053_FC:3:1:4996:3003#0,9789990,+,0,unique,9789990,+,0,yes
ILLUMINA-075005_0053_FC:3:1:5740:3005#0,4100809,-,0,unique,4100809,-,0,yes
ILLUMINA-075005_0053_FC:3:1:5851:3002#0,19959495,-,2,unique,19959495,-,2,yes
ILLUMINA-075005_0053_FC:3:1:7119:3003#0,16784680,-,0,unique,16784680,-,0,yes
ILLUMINA-075005_0053_FC:3:1:7492:3005#0,13921124,+,0,unique,13921124,+,0,yes
ILLUMINA-075005_0053_FC:3:1:8675:3008#0,12056695,-,1,unique,12056695,-,1,yes
ILLUMINA-075005_0053_FC:3:1:10198:3006#0,17481497,-,0,unique,17481497,-,0,yes
ILLUMINA-075005_0053_FC:3:1:13235:2999#0,561690,+,1,unique,561690,+,1,yes
ILLUMINA-075005_0053_FC:3:1:15646:3009#0,8042005,+,0,unique,8042005,+,0,yes
ILLUMINA-075005_0053_FC:3:1:16696:3005#0,4228433,-,0,unique,4228433,-,0,yes
ILLUMINA-075005_0053_FC:3:1:17195:3006#0,10491011,+,0,unique,10491011,+,0,yes
ILLUMINA-075005_0053_FC:3:1:17743:3001#0,5203170,-,0,unique,5203170,-,0,yes
ILLUMINA-075005_0053_FC:3:1:18662:3006#0,11003601,+,0,unique,11003601,+,0,yes
ILLUMINA-075005_0053_FC:3:1:5265:3019#0,13945753,+,0,unique,13945753,+,0,yes
ILLUMINA-075005_0053_FC:3:1:10396:3012#0,10848306,+,0,unique,10848306,+,0,yes
ILLUMINA-075005_0053_FC:3:1:12842:3021#0,4974782,-,1,unique,4974782,-,1,yes
ILLUMINA-075005_0053_FC:3:1:16311:3015#0,13922179,+,0,unique,13922179,+,0,yes
ILLUMINA-075005_0053_FC:3:1:17175:3020#0,22535825,+,0,unique,22535825,+,0,yes
ILLUMINA-075005_0053_FC:3:1:2349:3031#0,7825707,+,0,unique,7825707,+,0,yes
ILLUMINA-075005_0053_FC:3:1:3584:3025#0,21681029,+,0,unique,21681029,+,0,yes
ILLUMINA-075005_0053_FC:3:1:10271:3025#0,16307836,-,1,unique,16307836,-,1,yes
ILLUMINA-075005_0053_FC:3:1:10427:3024#0,12539923,+,0,unique,12539923,+,0,yes
ILLUMINA-075005_0053_FC:3:1:13943:3026#0,15010465,-,0,unique,15010465,-,0,yes
ILLUMINA-075005_0053_FC:3:1:17868:3028#0,16784883,-,0,unique,16784883,-,0,yes
ILLUMINA-075005_0053_FC:3:1:18596:3028#0,16780711,-,0,unique,16780711,-,0,yes
ILLUMINA-075005_0053_FC:3:1:19014:3025#0,13933423,+,0,unique,13933423,+,0,yes
ILLUMINA-075005_0053_FC:3:1:1241:3040#0,13370383,+,0,unique,13370383,+,0,yes
ILLUMINA-075005_0053_FC:3:1:1993:3036#0,22534818,+,0,unique,22534818,+,0,yes
ILLUMINA-075005_0053_FC:3:1:2490:3043#0,3481547,+,1,unique,3481547,+,1,yes
ILLUMINA-075005_0053_FC:3:1:4910:3042#0,9968353,-,0,unique,9968353,-,0,yes
ILLUMINA-075005_0053_FC:3:1:5329:3042#0,4966367,+,0,unique,4966367,+,0,yes
ILLUMINA-075005_0053_FC:3:1:5830:3034#0,420384,-,0,unique,420384,-,0,yes
ILLUMINA-075005_0053_FC:3:1:6185:3034#0,21678967,+,1,unique,21678967,+,1,yes
ILLUMINA-075005_0053_FC:3:1:6446:3038#0,9932376,+,0,unique,9932376,+,0,yes
ILLUMINA-075005_0053_FC:3:1:7047:3044#0,19008377,+,0,unique,19008377,+,0,yes
ILLUMINA-075005_0053_FC:3:1:10196:3039#0,9787566,+,0,unique,9787566,+,0,yes
ILLUMINA-075005_0053_FC:3:1:11056:3038#0,13945635,+,0,unique,13945635,+,0,yes
ILLUMINA-075005_0053_FC:3:1:14147:3035#0,4228396,-,0,unique,4228396,-,0,yes
ILLUMINA-075005_0053_FC:3:1:15317:3039#0,7743921,+,1,unique,7743921,+,1,yes
ILLUMINA-075005_0053_FC:3:1:15782:3034#0,16784808,-,0,unique,16784808,-,0,yes
ILLUMINA-075005_0053_FC:3:1:18324:3040#0,10975900,+,0,unique,10975900,+,0,yes
ILLUMINA-075005_0053_FC:3:1:19410:3038#0,13797949,-,0,unique,13797949,-,0,yes
ILLUMINA-075005_0053_FC:3:1:3112:3048#0,16785727,-,3,unique,16785727,-,3,yes
ILLUMINA-075005_0053_FC:3:1:5227:3048#0,2949474,-,0,unique,2949474,-,0,yes
ILLUMINA-075005_0053_FC:3:1:6304:3049#0,4457888,+,0,unique,4457888,+,0,yes
ILLUMINA-075005_0053_FC:3:1:10560:3052#0,13945778,+,0,unique,13945778,+,0,yes
ILLUMINA-075005_0053_FC:3:1:12272:3047#0,5327593,-,0,unique,5327593,-,0,yes
ILLUMINA-075005_0053_FC:3:1:15287:3054#0,10847520,+,1,unique,10847520,+,1,yes
ILLUMINA-075005_0053_FC:3:1:4056:3068#0,22158727,-,3,unique,22158727,-,3,yes
ILLUMINA-075005_0053_FC:3:1:8286:3057#0,1600991,-,0,unique,1600991,-,0,yes
ILLUMINA-075005_0053_FC:3:1:8976:3060#0,13922162,+,0,unique,13922162,+,0,yes
ILLUMINA-075005_0053_FC:3:1:9445:3068#0,9903794,+,0,unique,9903794,+,0,yes
ILLUMINA-075005_0053_FC:3:1:9804:3068#0,16786337,-,0,unique,16786337,-,0,yes
ILLUMINA-075005_0053_FC:3:1:10074:3067#0,4994094,+,0,unique,4994094,+,0,yes
ILLUMINA-075005_0053_FC:3:1:11117:3062#0,9896990,+,0,unique,9896990,+,0,yes
ILLUMINA-075005_0053_FC:3:1:11384:3065#0,13933145,+,0,unique,13933145,+,0,yes
ILLUMINA-075005_0053_FC:3:1:12193:3059#0,13921667,+,0,unique,13921667,+,0,yes
ILLUMINA-075005_0053_FC:3:1:12671:3059#0,21171978,-,0,unique,21171978,-,0,yes
ILLUMINA-075005_0053_FC:3:1:14340:3065#0,2748171,+,1,unique,2748171,+,1,yes
ILLUMINA-075005_0053_FC:3:1:14730:3062#0,7744051,+,0,unique,7744051,+,0,yes
ILLUMINA-075005_0053_FC:3:1:14777:3057#0,10851603,-,0,unique,10851603,-,0,yes
ILLUMINA-075005_0053_FC:3:1:14815:3060#0,7824768,-,0,unique,7824768,-,0,yes
ILLUMINA-075005_0053_FC:3:1:15004:3065#0,19123414,+,1,unique,19123414,+,1,yes
ILLUMINA-075005_0053_FC:3:1:15974:3060#0,561800,+,0,unique,561800,+,0,yes
ILLUMINA-075005_0053_FC:3:1:16309:3064#0,22535773,+,0,unique,22535773,+,0,yes
ILLUMINA-075005_0053_FC:3:1:18642:3059#0,16785072,-,1,unique,16785072,-,1,yes
ILLUMINA-075005_0053_FC:3:1:3545:3074#0,10489906,+,2,unique,10489906,+,2,yes
ILLUMINA-075005_0053_FC:3:1:6460:3073#0,420513,-,1,unique,420513,-,1,yes
ILLUMINA-075005_0053_FC:3:1:7182:3072#0,21678646,+,0,unique,21678646,+,0,yes
ILLUMINA-075005_0053_FC:3:1:8683:3073#0,21678692,+,5,unmapped,,,,no
ILLUMINA-075005_0053_FC:3:1:10044:3074#0,5327745,-,0,unique,5327745,-,0,yes
ILLUMINA-075005_0053_FC:3:1:11184:3080#0,5524774,-,0,unique,5524774,-,0,yes
ILLUMINA-075005_0053_FC:3:1:13305:3077#0,4451533,+,0,unique,4451533,+,0,yes
ILLUMINA-075005_0053_FC:3:1:13799:3078#0,8041977,+,0,unique,8041977,+,0,yes
ILLUMINA-075005_0053_FC:3:1:14287:3078#0,10847282,+,0,unique,10847282,+,0,yes
ILLUMINA-075005_0053_FC:3:1:18998:3077#0,9968075,-,0,unique,9968075,-,0,yes
ILLUMINA-075005_0053_FC:3:1:1944:3086#0,9767361,-,2,unique,9767361,-,2,yes
ILLUMINA-075005_0053_FC:3:1:2327:3082#0,18450043,+,0,unique,18450043,+,0,yes
ILLUMINA-075005_0053_FC:3:1:2946:3084#0,8378355,+,3,unique,8378355,+,3,yes
ILLUMINA-075005_0053_FC:3:1:3387:3091#0,5179040,-,0,multi,,,,no
ILLUMINA-075005_0053_FC:3:1:5308:3085#0,5985480,-,1,unique,5985480,-,1,yes
ILLUMINA-075005_0053_FC:3:1:7156:3091#0,6047609,+,0,unique,6047609,+,0,yes
ILLUMINA-075005_0053_FC:3:1:9156:3083#0,13394680,+,1,unique,13394680,+,1,yes
ILLUMINA-075005_0053_FC:3:1:15413:3090#0,9940368,-,1,unique,9940368,-,1,yes
ILLUMINA-075005_0053_FC:3:1:16412:3090#0,21171444,-,0,unique,21171444,-,0,yes
ILLUMINA-075005_0053_FC:3:1:16677:3089#0,12708045,-,0,unique,12708045,-,0,yes
ILLUMINA-075005_0053_FC:3:1:17413:3089#0,6973291,+,1,unique,6973291,+,1,yes
ILLUMINA-075005_0053_FC:3:1:17807:3088#0,2583024,+,0,unique,2583024,+,0,yes
ILLUMINA-075005_0053_FC:3:1:18125:3084#0,113648,-,0,unique,113648,-,0,yes
ILLUMINA-075005_0053_FC:3:1:18773:3082#0,13945065,+,0,unique,13945065,+,0,yes
ILLUMINA-075005_0053_FC:3:1:19211:3091#0,13921687,+,0,unique,13921687,+,0,yes
ILLUMINA-075005_0053_FC:3:1:19736:3088#0,16328076,+,1,unique,16328076,+,1,yes
ILLUMINA-075005_0053_FC:3:1:2746:3094#0,4457947,+,1,unique,4457947,+,1,yes
ILLUMINA-075005_0053_FC:3:1:5575:3095#0,21678526,+,0,unique,21678526,+,0,yes
ILLUMINA-075005_0053_FC:3:1:6286:3102#0,9967767,-,1,unique,9967767,-,1,yes
ILLUMINA-075005_0053_FC:3:1:8022:3093#0,13944990,+,0,unique,13944990,+,0,yes
ILLUMINA-075005_0053_FC:3:1:10398:3102#0,10847434,+,0,unique,10847434,+,0,yes
ILLUMINA-075005_0053_FC:3:1:11254:3096#0,1612735,+,0,unique,1612735,+,0,yes
ILLUMINA-075005_0053_FC:3:1:13857:3102#0,7825920,+,2,unique,7825920,+,2,yes
ILLUMINA-075005_0053_FC:3:1:16018:3094#0,10847729,-,0,unique,10847729,-,0,yes
