read_id	status	pos_1based	strand	mismatches	num_hits
ILLUMINA-075005_0053_FC:3:1:3920:1058#0/1	unmapped				0
ILLUMINA-075005_0053_FC:3:1:5573:1058#0/1	unmapped				0
ILLUMINA-075005_0053_FC:3:1:6129:1058#0/1	unmapped				0
ILLUMINA-075005_0053_FC:3:1:6263:1058#0/1	unmapped				0
ILLUMINA-075005_0053_FC:3:1:7383:1059#0/1	unique	21172619	-	1	1
ILLUMINA-075005_0053_FC:3:1:8419:1059#0/1	unmapped				0
ILLUMINA-075005_0053_FC:3:1:8800:1058#0/1	unmapped				0
ILLUMINA-075005_0053_FC:3:1:8862:1058#0/1	unique	13922144	+	2	1
ILLUMINA-075005_0053_FC:3:1:11271:1058#0/1	unmapped				0
ILLUMINA-075005_0053_FC:3:1:11306:1058#0/1	unmapped				0
ILLUMINA-075005_0053_FC:3:1:11347:1058#0/1	unmapped				0
ILLUMINA-075005_0053_FC:3:1:1473:1065#0/1	unique	13933212	+	1	1
ILLUMINA-075005_0053_FC:3:1:1574:1065#0/1	unmapped				0
ILLUMINA-075005_0053_FC:3:1:1727:1067#0/1	unmapped				0
ILLUMINA-075005_0053_FC:3:1:1817:1062#0/1	unmapped				0
ILLUMINA-075005_0053_FC:3:1:1993:1067#0/1	unmapped				0
ILLUMINA-075005_0053_FC:3:1:2121:1065#0/1	unmapped				0
ILLUMINA-075005_0053_FC:3:1:2212:1070#0/1	unmapped				0
ILLUMINA-075005_0053_FC:3:1:2462:1066#0/1	unmapped				0
ILLUMINA-075005_0053_FC:3:1:2685:1060#0/1	unmapped				0
ILLUMINA-075005_0053_FC:3:1:2720:1061#0/1	unmapped				0
ILLUMINA-075005_0053_FC:3:1:3174:1068#0/1	unmapped				0
ILLUMINA-075005_0053_FC:3:1:3373:1067#0/1	unmapped				0
ILLUMINA-075005_0053_FC:3:1:3441:1068#0/1	unmapped				0
ILLUMINA-075005_0053_FC:3:1:3513:1062#0/1	unmapped				0
ILLUMINA-075005_0053_FC:3:1:3542:1068#0/1	unmapped				0
ILLUMINA-075005_0053_FC:3:1:3659:1062#0/1	unmapped				0
ILLUMINA-075005_0053_FC:3:1:3695:1062#0/1	unmapped				0
ILLUMINA-075005_0053_FC:3:1:3783:1069#0/1	unmapped				0
ILLUMINA-075005_0053_FC:3:1:3812:1063#0/1	unmapped				0
ILLUMINA-075005_0053_FC:3:1:3966:1066#0/1	unmapped				0
ILLUMINA-075005_0053_FC:3:1:4158:1063#0/1	unmapped				0
ILLUMINA-075005_0053_FC:3:1:4647:1062#0/1	unmapped				0
ILLUMINA-075005_0053_FC:3:1:4696:1061#0/1	unmapped				0
ILLUMINA-075005_0053_FC:3:1:4721:1064#0/1	unmapped				0
ILLUMINA-075005_0053_FC:3:1:4742:1069#0/1	unmapped				0
ILLUMINA-075005_0053_FC:3:1:4886:1062#0/1	unmapped				0
ILLUMINA-075005_0053_FC:3:1:5149:1064#0/1	unmapped				0
ILLUMINA-075005_0053_FC:3:1:5223:1064#0/1	unmapped				0
ILLUMINA-075005_0053_FC:3:1:5757:1063#0/1	unmapped				0
ILLUMINA-075005_0053_FC:3:1:5954:1063#0/1	unmapped				0
ILLUMINA-075005_0053_FC:3:1:6731:1063#0/1	unmapped				0
ILLUMINA-075005_0053_FC:3:1:6765:1062#0/1	unmapped				0
ILLUMINA-075005_0053_FC:3:1:7137:1070#0/1	unmapped				0
ILLUMINA-075005_0053_FC:3:1:7221:1066#0/1	unmapped				0
ILLUMINA-075005_0053_FC:3:1:7242:1070#0/1	unmapped				0
ILLUMINA-075005_0053_FC:3:1:7568:1068#0/1	unique	18442897	+	2	1
ILLUMINA-075005_0053_FC:3:1:7857:1060#0/1	unmapped				0
ILLUMINA-075005_0053_FC:3:1:8044:1060#0/1	unmapped				0
ILLUMINA-075005_0053_FC:3:1:8921:1070#0/1	unmapped				0
ILLUMINA-075005_0053_FC:3:1:9314:1067#0/1	unmapped				0
ILLUMINA-075005_0053_FC:3:1:9342:1066#0/1	unmapped				0
ILLUMINA-075005_0053_FC:3:1:9468:1059#0/1	unmapped				0
ILLUMINA-075005_0053_FC:3:1:9491:1064#0/1	unmapped				0
ILLUMINA-075005_0053_FC:3:1:9517:1059#0/1	unique	3517025	-	1	1
ILLUMINA-075005_0053_FC:3:1:9986:1066#0/1	unmapped				0
ILLUMINA-075005_0053_FC:3:1:10080:1061#0/1	unmapped				0
ILLUMINA-075005_0053_FC:3:1:10460:1066#0/1	unmapped				0
ILLUMINA-075005_0053_FC:3:1:10807:1068#0/1	unmapped				0
ILLUMINA-075005_0053_FC:3:1:10951:1068#0/1	unmapped				0
ILLUMINA-075005_0053_FC:3:1:11153:1065#0/1	unmapped				0
ILLUMINA-075005_0053_FC:3:1:11563:1067#0/1	unmapped				0
ILLUMINA-075005_0053_FC:3:1:11873:1062#0/1	unmapped				0
ILLUMINA-075005_0053_FC:3:1:12472:1059#0/1	unmapped				0
ILLUMINA-075005_0053_FC:3:1:12492:1066#0/1	unmapped				0
ILLUMINA-075005_0053_FC:3:1:12557:1060#0/1	unmapped				0
ILLUMINA-075005_0053_FC:3:1:12624:1062#0/1	unmapped				0
ILLUMINA-075005_0053_FC:3:1:12643:1069#0/1	unmapped				0
ILLUMINA-075005_0053_FC:3:1:12768:1066#0/1	unique	10848725	+	1	1
ILLUMINA-075005_0053_FC:3:1:12883:1069#0/1	unmapped				0
ILLUMINA-075005_0053_FC:3:1:12971:1069#0/1	unmapped				0
ILLUMINA-075005_0053_FC:3:1:13145:1059#0/1	unmapped				0
ILLUMINA-075005_0053_FC:3:1:13269:1068#0/1	unmapped				0
ILLUMINA-075005_0053_FC:3:1:14146:1064#0/1	unmapped				0
ILLUMINA-075005_0053_FC:3:1:14273:1060#0/1	unmapped				0
ILLUMINA-075005_0053_FC:3:1:14341:1066#0/1	unmapped				0
ILLUMINA-075005_0053_FC:3:1:14738:1065#0/1	unmapped				0
ILLUMINA-075005_0053_FC:3:1:14762:1069#0/1	unique	10847776	+	3	1
ILLUMINA-075005_0053_FC:3:1:14923:1067#0/1	unmapped				0
ILLUMINA-075005_0053_FC:3:1:15059:1066#0/1	unmapped				0
ILLUMINA-075005_0053_FC:3:1:15096:1066#0/1	unmapped				0
ILLUMINA-075005_0053_FC:3:1:15199:1059#0/1	unique	13922109	+	1	1
ILLUMINA-075005_0053_FC:3:1:15332:1066#0/1	unmapped				0
ILLUMINA-075005_0053_FC:3:1:16382:1061#0/1	unmapped				0
ILLUMINA-075005_0053_FC:3:1:16690:1061#0/1	unmapped				0
ILLUMINA-075005_0053_FC:3:1:16841:1060#0/1	unmapped				0
ILLUMINA-075005_0053_FC:3:1:16883:1069#0/1	unmapped				0
ILLUMINA-075005_0053_FC:3:1:16958:1061#0/1	unmapped				0
ILLUMINA-075005_0053_FC:3:1:17219:1070#0/1	unmapped				0
ILLUMINA-075005_0053_FC:3:1:17273:1059#0/1	unmapped				0
ILLUMINA-075005_0053_FC:3:1:17829:1059#0/1	unique	6478340	+	1	1
ILLUMINA-075005_0053_FC:3:1:17886:1065#0/1	unmapped				0
ILLUMINA-075005_0053_FC:3:1:17924:1065#0/1	unmapped				0
ILLUMINA-075005_0053_FC:3:1:17955:1064#0/1	unmapped				0
ILLUMINA-075005_0053_FC:3:1:18313:1060#0/1	unmapped				0
ILLUMINA-075005_0053_FC:3:1:18574:1066#0/1	unmapped				0
ILLUMINA-075005_0053_FC:3:1:18623:1066#0/1	unmapped				0
ILLUMINA-075005_0053_FC:3:1:18855:1065#0/1	unmapped				0
ILLUMINA-075005_0053_FC:3:1:18955:1067#0/1	unmapped				0
ILLUMINA-075005_0053_FC:3:1:19343:1060#0/1	unmapped				0
ILLUMINA-075005_0053_FC:3:1:19458:1069#0/1	unmapped				0
ILLUMINA-075005_0053_FC:3:1:19572:1066#0/1	unmapped				0
ILLUMINA-075005_0053_FC:3:1:19606:1061#0/1	unmapped				0
ILLUMINA-075005_0053_FC:3:1:19762:1065#0/1	unmapped				0
ILLUMINA-075005_0053_FC:3:1:1207:1079#0/1	unmapped				0
ILLUMINA-075005_0053_FC:3:1:1340:1071#0/1	unmapped				0
ILLUMINA-075005_0053_FC:3:1:1621:1074#0/1	unmapped				0
ILLUMINA-075005_0053_FC:3:1:1798:1076#0/1	unmapped				0
ILLUMINA-075005_0053_FC:3:1:1902:1076#0/1	unmapped				0
ILLUMINA-075005_0053_FC:3:1:2272:1072#0/1	unmapped				0
ILLUMINA-075005_0053_FC:3:1:2505:1076#0/1	unmapped				0
ILLUMINA-075005_0053_FC:3:1:2758:1073#0/1	unmapped				0
ILLUMINA-075005_0053_FC:3:1:2842:1073#0/1	unmapped				0
ILLUMINA-075005_0053_FC:3:1:2894:1076#0/1	unmapped				0
ILLUMINA-075005_0053_FC:3:1:2989:1077#0/1	unmapped				0
ILLUMINA-075005_0053_FC:3:1:3124:1073#0/1	unmapped				0
ILLUMINA-075005_0053_FC:3:1:3679:1079#0/1	unmapped				0
ILLUMINA-075005_0053_FC:3:1:4021:1080#0/1	unique	13921637	+	0	1
ILLUMINA-075005_0053_FC:3:1:4713:1080#0/1	unmapped				0
ILLUMINA-075005_0053_FC:3:1:4812:1079#0/1	unmapped				0
ILLUMINA-075005_0053_FC:3:1:4974:1075#0/1	unmapped				0
ILLUMINA-075005_0053_FC:3:1:5009:1080#0/1	unmapped				0
ILLUMINA-075005_0053_FC:3:1:5050:1082#0/1	unmapped				0
ILLUMINA-075005_0053_FC:3:1:5075:1077#0/1	unique	18442969	+	1	1
ILLUMINA-075005_0053_FC:3:1:5106:1078#0/1	unique	9700181	-	1	1
ILLUMINA-075005_0053_FC:3:1:5205:1071#0/1	unmapped				0
ILLUMINA-075005_0053_FC:3:1:5567:1078#0/1	unique	13933381	+	1	1
ILLUMINA-075005_0053_FC:3:1:5636:1080#0/1	unmapped				0
ILLUMINA-075005_0053_FC:3:1:6265:1077#0/1	unmapped				0
ILLUMINA-075005_0053_FC:3:1:6287:1078#0/1	unmapped				0
ILLUMINA-075005_0053_FC:3:1:6330:1071#0/1	unmapped				0
ILLUMINA-075005_0053_FC:3:1:6355:1071#0/1	unmapped				0
ILLUMINA-075005_0053_FC:3:1:6432:1079#0/1	unmapped				0
ILLUMINA-075005_0053_FC:3:1:6487:1081#0/1	unmapped				0
ILLUMINA-075005_0053_FC:3:1:6505:1072#0/1	unmapped				0
ILLUMINA-075005_0053_FC:3:1:6558:1079#0/1	unmapped				0
ILLUMINA-075005_0053_FC:3:1:6794:1073#0/1	unmapped				0
ILLUMINA-075005_0053_FC:3:1:7344:1075#0/1	unmapped				0
ILLUMINA-075005_0053_FC:3:1:7500:1079#0/1	unmapped				0
ILLUMINA-075005_0053_FC:3:1:7528:1082#0/1	unique	10241659	-	0	1
ILLUMINA-075005_0053_FC:3:1:7631:1076#0/1	unmapped				0
ILLUMINA-075005_0053_FC:3:1:7669:1072#0/1	unique	9968005	-	1	1
ILLUMINA-075005_0053_FC:3:1:7700:1080#0/1	unmapped				0
ILLUMINA-075005_0053_FC:3:1:7737:1076#0/1	unmapped				0
ILLUMINA-075005_0053_FC:3:1:8505:1073#0/1	unmapped				0
ILLUMINA-075005_0053_FC:3:1:8806:1081#0/1	unmapped				0
ILLUMINA-075005_0053_FC:3:1:8967:1079#0/1	unmapped				0
ILLUMINA-075005_0053_FC:3:1:9018:1071#0/1	unmapped				0
ILLUMINA-075005_0053_FC:3:1:9393:1071#0/1	unmapped				0
ILLUMINA-075005_0053_FC:3:1:9421:1072#0/1	unmapped				0
ILLUMINA-075005_0053_FC:3:1:9535:1079#0/1	unmapped				0
ILLUMINA-075005_0053_FC:3:1:9595:1072#0/1	unique	3466967	-	1	1
ILLUMINA-075005_0053_FC:3:1:9891:1072#0/1	unmapped				0
ILLUMINA-075005_0053_FC:3:1:9949:1074#0/1	multi				2
ILLUMINA-075005_0053_FC:3:1:10048:1078#0/1	unmapped				0
ILLUMINA-075005_0053_FC:3:1:10142:1075#0/1	unmapped				0
ILLUMINA-075005_0053_FC:3:1:10190:1077#0/1	unmapped				0
ILLUMINA-075005_0053_FC:3:1:10560:1079#0/1	unique	6934091	+	3	1
ILLUMINA-075005_0053_FC:3:1:10593:1078#0/1	unmapped				0
ILLUMINA-075005_0053_FC:3:1:10838:1079#0/1	unmapped				0
ILLUMINA-075005_0053_FC:3:1:10859:1080#0/1	unmapped				0
ILLUMINA-075005_0053_FC:3:1:10881:1079#0/1	unmapped				0
ILLUMINA-075005_0053_FC:3:1:11201:1080#0/1	unique	561031	+	0	1
ILLUMINA-075005_0053_FC:3:1:11468:1081#0/1	unmapped				0
ILLUMINA-075005_0053_FC:3:1:11491:1080#0/1	unmapped				0
ILLUMINA-075005_0053_FC:3:1:11659:1075#0/1	unmapped				0
ILLUMINA-075005_0053_FC:3:1:11782:1074#0/1	unmapped				0
ILLUMINA-075005_0053_FC:3:1:12198:1075#0/1	unmapped				0
ILLUMINA-075005_0053_FC:3:1:12221:1076#0/1	unique	16777347	-	0	1
ILLUMINA-075005_0053_FC:3:1:12277:1081#0/1	unmapped				0
ILLUMINA-075005_0053_FC:3:1:12315:1080#0/1	unique	13922244	+	1	1
ILLUMINA-075005_0053_FC:3:1:12404:1075#0/1	unmapped				0
ILLUMINA-075005_0053_FC:3:1:12708:1075#0/1	unique	11803281	+	1	1
ILLUMINA-075005_0053_FC:3:1:12838:1074#0/1	unmapped				0
ILLUMINA-075005_0053_FC:3:1:13555:1073#0/1	unmapped				0
ILLUMINA-075005_0053_FC:3:1:13599:1075#0/1	unmapped				0
ILLUMINA-075005_0053_FC:3:1:13702:1076#0/1	unmapped				0
ILLUMINA-075005_0053_FC:3:1:13724:1079#0/1	unmapped				0
ILLUMINA-075005_0053_FC:3:1:13990:1075#0/1	unmapped				0
ILLUMINA-075005_0053_FC:3:1:14163:1075#0/1	unique	2746910	+	0	1
ILLUMINA-075005_0053_FC:3:1:14506:1073#0/1	unique	8126215	+	1	1
ILLUMINA-075005_0053_FC:3:1:14529:1078#0/1	unmapped				0
ILLUMINA-075005_0053_FC:3:1:14875:1076#0/1	unmapped				0
ILLUMINA-075005_0053_FC:3:1:14978:1079#0/1	unmapped				0
ILLUMINA-075005_0053_FC:3:1:15040:1082#0/1	unmapped				0
ILLUMINA-075005_0053_FC:3:1:15115:1073#0/1	unmapped				0
ILLUMINA-075005_0053_FC:3:1:15168:1078#0/1	unmapped				0
ILLUMINA-075005_0053_FC:3:1:15924:1076#0/1	unmapped				0
ILLUMINA-075005_0053_FC:3:1:16397:1075#0/1	unmapped				0
ILLUMINA-075005_0053_FC:3:1:16425:1082#0/1	unmapped				0
ILLUMINA-075005_0053_FC:3:1:16455:1072#0/1	unmapped				0
ILLUMINA-075005_0053_FC:3:1:16527:1076#0/1	unmapped				0
ILLUMINA-075005_0053_FC:3:1:16670:1074#0/1	unmapped				0
ILLUMINA-075005_0053_FC:3:1:16713:1074#0/1	unmapped				0
ILLUMINA-075005_0053_FC:3:1:17716:1074#0/1	unmapped				0
ILLUMINA-075005_0053_FC:3:1:18094:1076#0/1	unmapped				0
ILLUMINA-075005_0053_FC:3:1:18226:1072#0/1	unmapped				0
ILLUMINA-075005_0053_FC:3:1:18449:1074#0/1	unmapped				0
ILLUMINA-075005_0053_FC:3:1:18500:1073#0/1	unmapped				0
ILLUMINA-075005_0053_FC:3:1:18600:1074#0/1	unmapped				0
ILLUMINA-075005_0053_FC:3:1:18754:1072#0/1	unmapped				0
ILLUMINA-075005_0053_FC:3:1:18817:1072#0/1	unmapped				0
ILLUMINA-075005_0053_FC:3:1:19297:1079#0/1	unmapped				0
ILLUMINA-075005_0053_FC:3:1:19699:1071#0/1	unmapped				0
ILLUMINA-075005_0053_FC:3:1:1018:1086#0/1	unmapped				0
ILLUMINA-075005_0053_FC:3:1:1349:1093#0/1	unmapped				0
ILLUMINA-075005_0053_FC:3:1:1385:1089#0/1	unmapped				0
ILLUMINA-075005_0053_FC:3:1:1808:1091#0/1	unique	13945109	+	0	1
ILLUMINA-075005_0053_FC:3:1:2229:1084#0/1	unmapped				0
ILLUMINA-075005_0053_FC:3:1:2259:1092#0/1	unmapped				0
ILLUMINA-075005_0053_FC:3:1:2311:1090#0/1	unmapped				0
ILLUMINA-075005_0053_FC:3:1:2420:1084#0/1	unique	1606875	-	0	1
ILLUMINA-075005_0053_FC:3:1:2461:1087#0/1	unmapped				0
ILLUMINA-075005_0053_FC:3:1:2612:1088#0/1	unmapped				0
ILLUMINA-075005_0053_FC:3:1:2864:1087#0/1	unmapped				0
ILLUMINA-075005_0053_FC:3:1:3262:1086#0/1	unmapped				0
ILLUMINA-075005_0053_FC:3:1:3312:1090#0/1	unmapped				0
ILLUMINA-075005_0053_FC:3:1:3345:1087#0/1	unmapped				0
ILLUMINA-075005_0053_FC:3:1:3505:1090#0/1	unmapped				0
ILLUMINA-075005_0053_FC:3:1:3764:1087#0/1	unmapped				0
ILLUMINA-075005_0053_FC:3:1:4124:1087#0/1	unmapped				0
ILLUMINA-075005_0053_FC:3:1:4433:1091#0/1	unique	22247148	+	0	1
ILLUMINA-075005_0053_FC:3:1:4534:1086#0/1	unmapped				0
ILLUMINA-075005_0053_FC:3:1:4893:1087#0/1	unique	11003680	-	0	1
ILLUMINA-075005_0053_FC:3:1:5150:1090#0/1	unmapped				0
ILLUMINA-075005_0053_FC:3:1:5213:1089#0/1	unique	1105463	+	1	1
ILLUMINA-075005_0053_FC:3:1:5377:1082#0/1	unmapped				0
ILLUMINA-075005_0053_FC:3:1:6584:1088#0/1	unmapped				0
ILLUMINA-075005_0053_FC:3:1:6678:1088#0/1	unmapped				0
ILLUMINA-075005_0053_FC:3:1:6822:1092#0/1	unmapped				0
ILLUMINA-075005_0053_FC:3:1:7042:1088#0/1	unmapped				0
ILLUMINA-075005_0053_FC:3:1:7386:1084#0/1	unmapped				0
ILLUMINA-075005_0053_FC:3:1:7561:1094#0/1	unique	10847434	+	0	1
ILLUMINA-075005_0053_FC:3:1:7824:1088#0/1	unmapped				0
ILLUMINA-075005_0053_FC:3:1:8096:1084#0/1	unmapped				0
ILLUMINA-075005_0053_FC:3:1:8545:1084#0/1	unmapped				0
ILLUMINA-075005_0053_FC:3:1:8707:1084#0/1	unmapped				0
ILLUMINA-075005_0053_FC:3:1:8786:1083#0/1	unmapped				0
ILLUMINA-075005_0053_FC:3:1:8837:1088#0/1	unmapped				0
ILLUMINA-075005_0053_FC:3:1:9433:1093#0/1	unmapped				0
ILLUMINA-075005_0053_FC:3:1:9607:1090#0/1	unmapped				0
ILLUMINA-075005_0053_FC:3:1:9654:1093#0/1	unmapped				0
ILLUMINA-075005_0053_FC:3:1:10295:1086#0/1	unmapped				0
ILLUMINA-075005_0053_FC:3:1:10464:1088#0/1	unique	21678272	+	0	1
ILLUMINA-075005_0053_FC:3:1:10651:1094#0/1	unmapped				0
ILLUMINA-075005_0053_FC:3:1:10730:1090#0/1	unmapped				0
ILLUMINA-075005_0053_FC:3:1:10977:1093#0/1	unique	12106018	-	0	1
ILLUMINA-075005_0053_FC:3:1:10996:1084#0/1	unmapped				0
ILLUMINA-075005_0053_FC:3:1:11075:1092#0/1	unique	9543291	-	1	1
ILLUMINA-075005_0053_FC:3:1:11162:1085#0/1	unmapped				0
ILLUMINA-075005_0053_FC:3:1:11215:1093#0/1	unmapped				0
ILLUMINA-075005_0053_FC:3:1:11316:1091#0/1	unmapped				0
ILLUMINA-075005_0053_FC:3:1:11356:1088#0/1	unmapped				0
ILLUMINA-075005_0053_FC:3:1:11723:1083#0/1	unmapped				0
ILLUMINA-075005_0053_FC:3:1:11743:1083#0/1	unique	13945532	+	0	1
ILLUMINA-075005_0053_FC:3:1:11849:1088#0/1	unmapped				0
ILLUMINA-075005_0053_FC:3:1:11870:1083#0/1	unmapped				0
ILLUMINA-075005_0053_FC:3:1:11897:1094#0/1	unmapped				0
ILLUMINA-075005_0053_FC:3:1:11980:1083#0/1	unmapped				0
ILLUMINA-075005_0053_FC:3:1:12000:1091#0/1	unmapped				0
ILLUMINA-075005_0053_FC:3:1:12157:1084#0/1	unmapped				0
ILLUMINA-075005_0053_FC:3:1:12622:1088#0/1	unmapped				0
ILLUMINA-075005_0053_FC:3:1:12657:1085#0/1	unmapped				0
ILLUMINA-075005_0053_FC:3:1:13123:1091#0/1	unique	13945862	+	1	1
ILLUMINA-075005_0053_FC:3:1:13208:1083#0/1	unmapped				0
ILLUMINA-075005_0053_FC:3:1:13586:1090#0/1	unique	2748172	+	1	1
ILLUMINA-075005_0053_FC:3:1:13743:1093#0/1	unique	3378387	-	1	1
ILLUMINA-075005_0053_FC:3:1:13823:1089#0/1	unmapped				0
ILLUMINA-075005_0053_FC:3:1:14111:1093#0/1	unmapped				0
ILLUMINA-075005_0053_FC:3:1:14186:1088#0/1	unmapped				0
ILLUMINA-075005_0053_FC:3:1:14386:1094#0/1	unique	6935292	+	1	1
ILLUMINA-075005_0053_FC:3:1:14514:1092#0/1	unmapped				0
ILLUMINA-075005_0053_FC:3:1:14646:1089#0/1	unmapped				0
ILLUMINA-075005_0053_FC:3:1:14759:1087#0/1	unique	4228316	-	1	1
ILLUMINA-075005_0053_FC:3:1:14922:1089#0/1	unmapped				0
ILLUMINA-075005_0053_FC:3:1:15266:1086#0/1	unmapped				0
ILLUMINA-075005_0053_FC:3:1:15564:1083#0/1	unmapped				0
ILLUMINA-075005_0053_FC:3:1:16047:1093#0/1	unmapped				0
ILLUMINA-075005_0053_FC:3:1:16125:1086#0/1	unmapped				0
ILLUMINA-075005_0053_FC:3:1:16272:1088#0/1	unmapped				0
ILLUMINA-075005_0053_FC:3:1:16741:1085#0/1	unmapped				0
ILLUMINA-075005_0053_FC:3:1:16866:1085#0/1	unmapped				0
ILLUMINA-075005_0053_FC:3:1:17095:1092#0/1	unmapped				0
ILLUMINA-075005_0053_FC:3:1:17263:1083#0/1	unmapped				0
ILLUMINA-075005_0053_FC:3:1:17492:1083#0/1	unmapped				0
ILLUMINA-075005_0053_FC:3:1:17743:1094#0/1	unmapped				0
ILLUMINA-075005_0053_FC:3:1:17935:1093#0/1	unique	9574308	+	1	1
ILLUMINA-075005_0053_FC:3:1:18375:1084#0/1	unmapped				0
ILLUMINA-075005_0053_FC:3:1:18665:1088#0/1	unmapped				0
ILLUMINA-075005_0053_FC:3:1:18691:1091#0/1	unmapped				0
ILLUMINA-075005_0053_FC:3:1:18794:1091#0/1	unique	19959323	-	0	1
ILLUMINA-075005_0053_FC:3:1:18876:1082#0/1	unmapped				0
ILLUMINA-075005_0053_FC:3:1:18952:1089#0/1	unique	13945404	+	1	1
ILLUMINA-075005_0053_FC:3:1:19126:1092#0/1	unmapped				0
ILLUMINA-075005_0053_FC:3:1:19394:1094#0/1	unmapped				0
ILLUMINA-075005_0053_FC:3:1:19585:1090#0/1	unique	17481735	-	1	1
ILLUMINA-075005_0053_FC:3:1:19649:1085#0/1	unmapped				0
ILLUMINA-075005_0053_FC:3:1:19725:1091#0/1	unmapped				0
ILLUMINA-075005_0053_FC:3:1:1455:1098#0/1	unmapped				0
ILLUMINA-075005_0053_FC:3:1:1493:1105#0/1	unmapped				0
ILLUMINA-075005_0053_FC:3:1:2037:1100#0/1	unmapped				0
ILLUMINA-075005_0053_FC:3:1:2544:1099#0/1	unmapped				0
ILLUMINA-075005_0053_FC:3:1:2784:1103#0/1	unmapped				0
ILLUMINA-075005_0053_FC:3:1:3621:1099#0/1	unmapped				0
ILLUMINA-075005_0053_FC:3:1:3670:1101#0/1	unique	10254792	+	2	1
ILLUMINA-075005_0053_FC:3:1:3706:1101#0/1	unmapped				0
ILLUMINA-075005_0053_FC:3:1:3887:1103#0/1	unique	16777320	-	0	1
ILLUMINA-075005_0053_FC:3:1:3916:1100#0/1	unmapped				0
ILLUMINA-075005_0053_FC:3:1:4029:1106#0/1	unmapped				0
ILLUMINA-075005_0053_FC:3:1:4256:1098#0/1	unmapped				0
ILLUMINA-075005_0053_FC:3:1:4305:1102#0/1	unmapped				0
ILLUMINA-075005_0053_FC:3:1:4466:1095#0/1	unmapped				0
ILLUMINA-075005_0053_FC:3:1:4494:1105#0/1	unmapped				0
ILLUMINA-075005_0053_FC:3:1:4665:1096#0/1	unmapped				0
ILLUMINA-075005_0053_FC:3:1:4846:1105#0/1	unmapped				0
ILLUMINA-075005_0053_FC:3:1:5008:1098#0/1	unique	13922349	+	0	1
ILLUMINA-075005_0053_FC:3:1:5085:1104#0/1	unique	9953782	+	0	1
ILLUMINA-075005_0053_FC:3:1:5235:1097#0/1	unmapped				0
ILLUMINA-075005_0053_FC:3:1:5301:1099#0/1	unmapped				0
ILLUMINA-075005_0053_FC:3:1:5406:1105#0/1	unique	6666618	+	0	1
ILLUMINA-075005_0053_FC:3:1:5613:1096#0/1	unmapped				0
ILLUMINA-075005_0053_FC:3:1:5822:1095#0/1	unmapped				0
ILLUMINA-075005_0053_FC:3:1:5862:1102#0/1	unmapped				0
ILLUMINA-075005_0053_FC:3:1:6113:1098#0/1	unmapped				0
ILLUMINA-075005_0053_FC:3:1:6160:1097#0/1	unmapped				0
ILLUMINA-075005_0053_FC:3:1:6224:1102#0/1	unmapped				0
ILLUMINA-075005_0053_FC:3:1:6253:1098#0/1	unmapped				0
ILLUMINA-075005_0053_FC:3:1:6602:1104#0/1	unmapped				0
ILLUMINA-075005_0053_FC:3:1:6662:1101#0/1	unmapped				0
ILLUMINA-075005_0053_FC:3:1:6740:1100#0/1	unmapped				0
ILLUMINA-075005_0053_FC:3:1:6869:1102#0/1	unmapped				0
ILLUMINA-075005_0053_FC:3:1:6985:1098#0/1	unmapped				0
ILLUMINA-075005_0053_FC:3:1:7207:1104#0/1	unmapped				0
ILLUMINA-075005_0053_FC:3:1:7429:1100#0/1	unmapped				0
ILLUMINA-075005_0053_FC:3:1:7477:1105#0/1	unmapped				0
ILLUMINA-075005_0053_FC:3:1:7744:1097#0/1	unmapped				0
ILLUMINA-075005_0053_FC:3:1:7948:1104#0/1	unmapped				0
ILLUMINA-075005_0053_FC:3:1:8065:1105#0/1	unmapped				0
ILLUMINA-075005_0053_FC:3:1:8186:1096#0/1	unmapped				0
ILLUMINA-075005_0053_FC:3:1:8293:1098#0/1	unmapped				0
ILLUMINA-075005_0053_FC:3:1:8461:1099#0/1	unmapped				0
ILLUMINA-075005_0053_FC:3:1:8733:1098#0/1	unmapped				0
ILLUMINA-075005_0053_FC:3:1:9103:1098#0/1	unmapped				0
ILLUMINA-075005_0053_FC:3:1:9240:1103#0/1	unmapped				0
ILLUMINA-075005_0053_FC:3:1:9285:1097#0/1	unmapped				0
ILLUMINA-075005_0053_FC:3:1:9529:1103#0/1	unmapped				0
ILLUMINA-075005_0053_FC:3:1:9727:1099#0/1	unmapped				0
ILLUMINA-075005_0053_FC:3:1:9826:1097#0/1	unmapped				0
ILLUMINA-075005_0053_FC:3:1:9924:1104#0/1	unmapped				0
ILLUMINA-075005_0053_FC:3:1:10525:1098#0/1	unmapped				0
ILLUMINA-075005_0053_FC:3:1:10610:1102#0/1	unmapped				0
ILLUMINA-075005_0053_FC:3:1:10841:1101#0/1	unmapped				0
ILLUMINA-075005_0053_FC:3:1:11521:1104#0/1	unique	3145566	+	1	1
ILLUMINA-075005_0053_FC:3:1:11555:1095#0/1	unique	7826868	+	0	1
ILLUMINA-075005_0053_FC:3:1:11595:1096#0/1	unmapped				0
ILLUMINA-075005_0053_FC:3:1:11864:1103#0/1	unique	16788654	-	0	1
ILLUMINA-075005_0053_FC:3:1:12018:1095#0/1	unmapped				0
ILLUMINA-075005_0053_FC:3:1:12127:1105#0/1	unmapped				0
ILLUMINA-075005_0053_FC:3:1:12212:1097#0/1	unmapped				0
ILLUMINA-075005_0053_FC:3:1:12362:1095#0/1	unmapped				0
ILLUMINA-075005_0053_FC:3:1:12675:1100#0/1	unmapped				0
ILLUMINA-075005_0053_FC:3:1:12707:1102#0/1	unmapped				0
ILLUMINA-075005_0053_FC:3:1:12913:1101#0/1	unmapped				0
ILLUMINA-075005_0053_FC:3:1:13245:1104#0/1	unmapped				0
ILLUMINA-075005_0053_FC:3:1:13298:1097#0/1	unmapped				0
ILLUMINA-075005_0053_FC:3:1:14150:1106#0/1	unmapped				0
ILLUMINA-075005_0053_FC:3:1:14316:1096#0/1	unmapped				0
ILLUMINA-075005_0053_FC:3:1:14371:1103#0/1	unmapped				0
ILLUMINA-075005_0053_FC:3:1:14736:1100#0/1	unmapped				0
ILLUMINA-075005_0053_FC:3:1:14825:1100#0/1	unmapped				0
ILLUMINA-075005_0053_FC:3:1:14932:1103#0/1	unmapped				0
ILLUMINA-075005_0053_FC:3:1:15109:1098#0/1	unmapped				0
ILLUMINA-075005_0053_FC:3:1:15208:1101#0/1	unmapped				0
ILLUMINA-075005_0053_FC:3:1:15425:1098#0/1	unmapped				0
ILLUMINA-075005_0053_FC:3:1:15490:1097#0/1	unmapped				0
ILLUMINA-075005_0053_FC:3:1:15598:1094#0/1	unmapped				0
ILLUMINA-075005_0053_FC:3:1:15619:1101#0/1	unmapped				0
ILLUMINA-075005_0053_FC:3:1:15790:1096#0/1	unique	7744408	+	1	1
ILLUMINA-075005_0053_FC:3:1:16202:1099#0/1	unmapped				0
ILLUMINA-075005_0053_FC:3:1:16293:1101#0/1	unmapped				0
ILLUMINA-075005_0053_FC:3:1:16333:1094#0/1	unmapped				0
ILLUMINA-075005_0053_FC:3:1:16481:1103#0/1	unmapped				0
ILLUMINA-075005_0053_FC:3:1:16819:1095#0/1	unmapped				0
ILLUMINA-075005_0053_FC:3:1:17015:1096#0/1	unmapped				0
ILLUMINA-075005_0053_FC:3:1:17073:1096#0/1	unmapped				0
ILLUMINA-075005_0053_FC:3:1:17292:1105#0/1	unmapped				0
ILLUMINA-075005_0053_FC:3:1:17404:1099#0/1	unmapped				0
ILLUMINA-075005_0053_FC:3:1:17508:1098#0/1	unmapped				0
ILLUMINA-075005_0053_FC:3:1:17644:1105#0/1	unmapped				0
ILLUMINA-075005_0053_FC:3:1:17882:1101#0/1	unmapped				0
ILLUMINA-075005_0053_FC:3:1:18088:1101#0/1	unique	18442741	+	1	1
ILLUMINA-075005_0053_FC:3:1:18267:1105#0/1	unmapped				0
ILLUMINA-075005_0053_FC:3:1:18326:1100#0/1	unmapped				0
ILLUMINA-075005_0053_FC:3:1:18603:1097#0/1	unique	8042028	+	0	1
ILLUMINA-075005_0053_FC:3:1:18628:1100#0/1	unmapped				0
ILLUMINA-075005_0053_FC:3:1:18771:1106#0/1	unmapped				0
ILLUMINA-075005_0053_FC:3:1:19256:1104#0/1	unmapped				0
ILLUMINA-075005_0053_FC:3:1:19340:1095#0/1	unmapped				0
ILLUMINA-075005_0053_FC:3:1:19786:1097#0/1	unmapped				0
ILLUMINA-075005_0053_FC:3:1:1126:1117#0/1	unique	2579319	+	0	1
ILLUMINA-075005_0053_FC:3:1:1782:1114#0/1	unmapped				0
ILLUMINA-075005_0053_FC:3:1:2557:1116#0/1	unmapped				0
ILLUMINA-075005_0053_FC:3:1:2763:1116#0/1	unique	1726243	+	0	1
ILLUMINA-075005_0053_FC:3:1:2837:1115#0/1	unmapped				0
ILLUMINA-075005_0053_FC:3:1:2857:1116#0/1	unmapped				0
ILLUMINA-075005_0053_FC:3:1:2955:1108#0/1	unmapped				0
ILLUMINA-075005_0053_FC:3:1:3184:1116#0/1	unmapped				0
ILLUMINA-075005_0053_FC:3:1:3277:1115#0/1	unmapped				0
ILLUMINA-075005_0053_FC:3:1:3963:1107#0/1	unmapped				0
ILLUMINA-075005_0053_FC:3:1:3981:1113#0/1	unmapped				0
ILLUMINA-075005_0053_FC:3:1:4159:1106#0/1	unmapped				0
ILLUMINA-075005_0053_FC:3:1:4241:1111#0/1	unmapped				0
ILLUMINA-075005_0053_FC:3:1:4280:1110#0/1	unmapped				0
ILLUMINA-075005_0053_FC:3:1:4626:1113#0/1	unmapped				0
ILLUMINA-075005_0053_FC:3:1:4650:1114#0/1	unmapped				0
ILLUMINA-075005_0053_FC:3:1:4757:1118#0/1	unmapped				0
ILLUMINA-075005_0053_FC:3:1:4879:1113#0/1	unmapped				0
ILLUMINA-075005_0053_FC:3:1:4961:1108#0/1	unmapped				0
ILLUMINA-075005_0053_FC:3:1:5187:1106#0/1	unmapped				0
ILLUMINA-075005_0053_FC:3:1:5501:1109#0/1	unique	9543387	-	0	1
ILLUMINA-075005_0053_FC:3:1:5630:1110#0/1	unmapped				0
ILLUMINA-075005_0053_FC:3:1:6186:1110#0/1	unmapped				0
ILLUMINA-075005_0053_FC:3:1:6204:1110#0/1	unmapped				0
ILLUMINA-075005_0053_FC:3:1:6396:1117#0/1	unmapped				0
ILLUMINA-075005_0053_FC:3:1:6475:1109#0/1	unmapped				0
ILLUMINA-075005_0053_FC:3:1:6832:1107#0/1	unmapped				0
ILLUMINA-075005_0053_FC:3:1:6892:1114#0/1	unmapped				0
ILLUMINA-075005_0053_FC:3:1:7001:1109#0/1	unmapped				0
ILLUMINA-075005_0053_FC:3:1:7083:1110#0/1	unmapped				0
ILLUMINA-075005_0053_FC:3:1:7703:1108#0/1	unique	15065291	+	2	1
ILLUMINA-075005_0053_FC:3:1:7791:1115#0/1	unique	560906	+	0	1
ILLUMINA-075005_0053_FC:3:1:8133:1106#0/1	unique	16788654	-	0	1
ILLUMINA-075005_0053_FC:3:1:8335:1107#0/1	unique	9968388	-	1	1
ILLUMINA-075005_0053_FC:3:1:8385:1113#0/1	unmapped				0
ILLUMINA-075005_0053_FC:3:1:8745:1115#0/1	unmapped				0
ILLUMINA-075005_0053_FC:3:1:8876:1112#0/1	unmapped				0
ILLUMINA-075005_0053_FC:3:1:8941:1107#0/1	unmapped				0
ILLUMINA-075005_0053_FC:3:1:9001:1107#0/1	unmapped				0
ILLUMINA-075005_0053_FC:3:1:9075:1106#0/1	unmapped				0
ILLUMINA-075005_0053_FC:3:1:9297:1115#0/1	unmapped				0
ILLUMINA-075005_0053_FC:3:1:9431:1117#0/1	unmapped				0
ILLUMINA-075005_0053_FC:3:1:9854:1107#0/1	unmapped				0
ILLUMINA-075005_0053_FC:3:1:10114:1116#0/1	unmapped				0
ILLUMINA-075005_0053_FC:3:1:10152:1117#0/1	unmapped				0
ILLUMINA-075005_0053_FC:3:1:10227:1117#0/1	unmapped				0
ILLUMINA-075005_0053_FC:3:1:10273:1118#0/1	unique	10201328	-	0	1
ILLUMINA-075005_0053_FC:3:1:10344:1106#0/1	unmapped				0
ILLUMINA-075005_0053_FC:3:1:10384:1110#0/1	unmapped				0
ILLUMINA-075005_0053_FC:3:1:10444:1107#0/1	unmapped				0
ILLUMINA-075005_0053_FC:3:1:10508:1114#0/1	unmapped				0
ILLUMINA-075005_0053_FC:3:1:10555:1109#0/1	unmapped				0
ILLUMINA-075005_0053_FC:3:1:10736:1112#0/1	unmapped				0
ILLUMINA-075005_0053_FC:3:1:11156:1110#0/1	unmapped				0
ILLUMINA-075005_0053_FC:3:1:11228:1110#0/1	unmapped				0
ILLUMINA-075005_0053_FC:3:1:11360:1115#0/1	unmapped				0
ILLUMINA-075005_0053_FC:3:1:11453:1116#0/1	unique	5529206	-	0	1
ILLUMINA-075005_0053_FC:3:1:11627:1112#0/1	unmapped				0
ILLUMINA-075005_0053_FC:3:1:11814:1112#0/1	unmapped				0
ILLUMINA-075005_0053_FC:3:1:11953:1108#0/1	unmapped				0
ILLUMINA-075005_0053_FC:3:1:12661:1113#0/1	unmapped				0
ILLUMINA-075005_0053_FC:3:1:12818:1111#0/1	unmapped				0
ILLUMINA-075005_0053_FC:3:1:12901:1114#0/1	unmapped				0
ILLUMINA-075005_0053_FC:3:1:13073:1116#0/1	unique	13945750	+	0	1
ILLUMINA-075005_0053_FC:3:1:13341:1109#0/1	unmapped				0
ILLUMINA-075005_0053_FC:3:1:13502:1117#0/1	unmapped				0
ILLUMINA-075005_0053_FC:3:1:13703:1116#0/1	unmapped				0
ILLUMINA-075005_0053_FC:3:1:13776:1108#0/1	unmapped				0
ILLUMINA-075005_0053_FC:3:1:13794:1111#0/1	unmapped				0
ILLUMINA-075005_0053_FC:3:1:13939:1115#0/1	unmapped				0
ILLUMINA-075005_0053_FC:3:1:13962:1108#0/1	unmapped				0
ILLUMINA-075005_0053_FC:3:1:14013:1115#0/1	unmapped				0
ILLUMINA-075005_0053_FC:3:1:14168:1108#0/1	unmapped				0
ILLUMINA-075005_0053_FC:3:1:14210:1110#0/1	unmapped				0
ILLUMINA-075005_0053_FC:3:1:14240:1113#0/1	unmapped				0
ILLUMINA-075005_0053_FC:3:1:14786:1115#0/1	unmapped				0
ILLUMINA-075005_0053_FC:3:1:14912:1106#0/1	unmapped				0
ILLUMINA-075005_0053_FC:3:1:15046:1109#0/1	unmapped				0
ILLUMINA-075005_0053_FC:3:1:15075:1112#0/1	unmapped				0
ILLUMINA-075005_0053_FC:3:1:15129:1113#0/1	unmapped				0
ILLUMINA-075005_0053_FC:3:1:15858:1110#0/1	unmapped				0
ILLUMINA-075005_0053_FC:3:1:16916:1109#0/1	unmapped				0
ILLUMINA-075005_0053_FC:3:1:17062:1109#0/1	unmapped				0
ILLUMINA-075005_0053_FC:3:1:17348:1111#0/1	unmapped				0
ILLUMINA-075005_0053_FC:3:1:18484:1117#0/1	unmapped				0
ILLUMINA-075005_0053_FC:3:1:18707:1115#0/1	unique	13922347	+	0	1
ILLUMINA-075005_0053_FC:3:1:18862:1106#0/1	unique	13945393	+	0	1
ILLUMINA-075005_0053_FC:3:1:18912:1108#0/1	unmapped				0
ILLUMINA-075005_0053_FC:3:1:19288:1117#0/1	unmapped				0
ILLUMINA-075005_0053_FC:3:1:19674:1110#0/1	unmapped				0
ILLUMINA-075005_0053_FC:3:1:1436:1128#0/1	unmapped				0
ILLUMINA-075005_0053_FC:3:1:1567:1120#0/1	unmapped				0
ILLUMINA-075005_0053_FC:3:1:1664:1126#0/1	unmapped				0
ILLUMINA-075005_0053_FC:3:1:1859:1126#0/1	unmapped				0
ILLUMINA-075005_0053_FC:3:1:2203:1124#0/1	unmapped				0
ILLUMINA-075005_0053_FC:3:1:2394:1128#0/1	unmapped				0
ILLUMINA-075005_0053_FC:3:1:2496:1121#0/1	unique	10847515	+	1	1
ILLUMINA-075005_0053_FC:3:1:2817:1128#0/1	unique	13945658	+	0	1
ILLUMINA-075005_0053_FC:3:1:2913:1129#0/1	unmapped				0
ILLUMINA-075005_0053_FC:3:1:3084:1118#0/1	unmapped				0
ILLUMINA-075005_0053_FC:3:1:3232:1121#0/1	unmapped				0
ILLUMINA-075005_0053_FC:3:1:3626:1127#0/1	unmapped				0
ILLUMINA-075005_0053_FC:3:1:3669:1128#0/1	unique	16777283	-	0	1
ILLUMINA-075005_0053_FC:3:1:3687:1128#0/1	unmapped				0
ILLUMINA-075005_0053_FC:3:1:4196:1126#0/1	unmapped				0
ILLUMINA-075005_0053_FC:3:1:4315:1124#0/1	unmapped				0
ILLUMINA-075005_0053_FC:3:1:4347:1121#0/1	unmapped				0
ILLUMINA-075005_0053_FC:3:1:4473:1128#0/1	unmapped				0
ILLUMINA-075005_0053_FC:3:1:4505:1126#0/1	unmapped				0
ILLUMINA-075005_0053_FC:3:1:4602:1124#0/1	unique	11002853	+	2	1
ILLUMINA-075005_0053_FC:3:1:4860:1125#0/1	unmapped				0
ILLUMINA-075005_0053_FC:3:1:5188:1127#0/1	unmapped				0
ILLUMINA-075005_0053_FC:3:1:5252:1123#0/1	unmapped				0
ILLUMINA-075005_0053_FC:3:1:5417:1126#0/1	unmapped				0
ILLUMINA-075005_0053_FC:3:1:6006:1128#0/1	unmapped				0
ILLUMINA-075005_0053_FC:3:1:6101:1123#0/1	unmapped				0
ILLUMINA-075005_0053_FC:3:1:6230:1126#0/1	unmapped				0
ILLUMINA-075005_0053_FC:3:1:6253:1129#0/1	unmapped				0
ILLUMINA-075005_0053_FC:3:1:6317:1122#0/1	unmapped				0
ILLUMINA-075005_0053_FC:3:1:6488:1124#0/1	unmapped				0
ILLUMINA-075005_0053_FC:3:1:6759:1127#0/1	unmapped				0
ILLUMINA-075005_0053_FC:3:1:7321:1120#0/1	unmapped				0
ILLUMINA-075005_0053_FC:3:1:7451:1121#0/1	unmapped				0
ILLUMINA-075005_0053_FC:3:1:7549:1119#0/1	unmapped				0
ILLUMINA-075005_0053_FC:3:1:7588:1120#0/1	unmapped				0
ILLUMINA-075005_0053_FC:3:1:7756:1127#0/1	unmapped				0
ILLUMINA-075005_0053_FC:3:1:8153:1120#0/1	unmapped				0
ILLUMINA-075005_0053_FC:3:1:8184:1119#0/1	unmapped				0
ILLUMINA-075005_0053_FC:3:1:8511:1121#0/1	unmapped				0
ILLUMINA-075005_0053_FC:3:1:8528:1120#0/1	unmapped				0
ILLUMINA-075005_0053_FC:3:1:8564:1123#0/1	unmapped				0
ILLUMINA-075005_0053_FC:3:1:8964:1118#0/1	unmapped				0
ILLUMINA-075005_0053_FC:3:1:8981:1126#0/1	unmapped				0
ILLUMINA-075005_0053_FC:3:1:9848:1125#0/1	unique	9709714	+	0	1
ILLUMINA-075005_0053_FC:3:1:10329:1129#0/1	unmapped				0
ILLUMINA-075005_0053_FC:3:1:10354:1121#0/1	unmapped				0
ILLUMINA-075005_0053_FC:3:1:10688:1127#0/1	unmapped				0
ILLUMINA-075005_0053_FC:3:1:10774:1120#0/1	unmapped				0
ILLUMINA-075005_0053_FC:3:1:10936:1120#0/1	unmapped				0
ILLUMINA-075005_0053_FC:3:1:11003:1118#0/1	unmapped				0
ILLUMINA-075005_0053_FC:3:1:11202:1123#0/1	unmapped				0
ILLUMINA-075005_0053_FC:3:1:11424:1118#0/1	unmapped				0
ILLUMINA-075005_0053_FC:3:1:11648:1129#0/1	unmapped				0
ILLUMINA-075005_0053_FC:3:1:11668:1125#0/1	unique	16782879	-	1	1
ILLUMINA-075005_0053_FC:3:1:11769:1127#0/1	unmapped				0
ILLUMINA-075005_0053_FC:3:1:11870:1124#0/1	multi				2
ILLUMINA-075005_0053_FC:3:1:11916:1123#0/1	unique	10201736	-	1	1
ILLUMINA-075005_0053_FC:3:1:12285:1122#0/1	unique	6558420	-	2	1
ILLUMINA-075005_0053_FC:3:1:12345:1122#0/1	unmapped				0
ILLUMINA-075005_0053_FC:3:1:12466:1119#0/1	unique	13782017	-	0	1
ILLUMINA-075005_0053_FC:3:1:12491:1128#0/1	unmapped				0
ILLUMINA-075005_0053_FC:3:1:12629:1123#0/1	unmapped				0
ILLUMINA-075005_0053_FC:3:1:13214:1122#0/1	unmapped				0
ILLUMINA-075005_0053_FC:3:1:13235:1119#0/1	unmapped				0
ILLUMINA-075005_0053_FC:3:1:14057:1118#0/1	unmapped				0
ILLUMINA-075005_0053_FC:3:1:14095:1126#0/1	unmapped				0
ILLUMINA-075005_0053_FC:3:1:14322:1124#0/1	unmapped				0
ILLUMINA-075005_0053_FC:3:1:14354:1118#0/1	unmapped				0
ILLUMINA-075005_0053_FC:3:1:14548:1127#0/1	unique	21170193	-	0	1
ILLUMINA-075005_0053_FC:3:1:14617:1118#0/1	unmapped				0
ILLUMINA-075005_0053_FC:3:1:15021:1121#0/1	unique	13921094	+	0	1
ILLUMINA-075005_0053_FC:3:1:15151:1120#0/1	unmapped				0
ILLUMINA-075005_0053_FC:3:1:15395:1124#0/1	unmapped				0
ILLUMINA-075005_0053_FC:3:1:15811:1122#0/1	unmapped				0
ILLUMINA-075005_0053_FC:3:1:16103:1129#0/1	unmapped				0
ILLUMINA-075005_0053_FC:3:1:16232:1124#0/1	unique	16327258	-	0	1
ILLUMINA-075005_0053_FC:3:1:16270:1129#0/1	unique	13921079	+	0	1
ILLUMINA-075005_0053_FC:3:1:16351:1121#0/1	unmapped				0
ILLUMINA-075005_0053_FC:3:1:16388:1128#0/1	unmapped				0
ILLUMINA-075005_0053_FC:3:1:16471:1127#0/1	unmapped				0
ILLUMINA-075005_0053_FC:3:1:16510:1129#0/1	unique	10224763	+	0	1
ILLUMINA-075005_0053_FC:3:1:16620:1129#0/1	unique	13920974	+	0	1
ILLUMINA-075005_0053_FC:3:1:17219:1122#0/1	unmapped				0
ILLUMINA-075005_0053_FC:3:1:17261:1123#0/1	unmapped				0
ILLUMINA-075005_0053_FC:3:1:17363:1126#0/1	unique	13370353	+	1	1
ILLUMINA-075005_0053_FC:3:1:17661:1127#0/1	unique	420380	-	1	1
ILLUMINA-075005_0053_FC:3:1:17817:1128#0/1	unmapped				0
ILLUMINA-075005_0053_FC:3:1:17838:1119#0/1	unmapped				0
ILLUMINA-075005_0053_FC:3:1:17992:1122#0/1	unique	19959423	-	0	1
ILLUMINA-075005_0053_FC:3:1:18107:1123#0/1	unmapped				0
ILLUMINA-075005_0053_FC:3:1:18749:1128#0/1	unmapped				0
ILLUMINA-075005_0053_FC:3:1:19368:1122#0/1	unmapped				0
ILLUMINA-075005_0053_FC:3:1:19497:1121#0/1	unmapped				0
ILLUMINA-075005_0053_FC:3:1:1226:1139#0/1	unmapped				0
ILLUMINA-075005_0053_FC:3:1:1494:1134#0/1	unique	21170193	-	0	1
ILLUMINA-075005_0053_FC:3:1:1816:1132#0/1	unmapped				0
ILLUMINA-075005_0053_FC:3:1:2371:1130#0/1	unmapped				0
ILLUMINA-075005_0053_FC:3:1:2580:1138#0/1	unmapped				0
ILLUMINA-075005_0053_FC:3:1:2601:1133#0/1	unmapped				0
ILLUMINA-075005_0053_FC:3:1:2734:1134#0/1	unmapped				0
ILLUMINA-075005_0053_FC:3:1:2981:1130#0/1	unmapped				0
ILLUMINA-075005_0053_FC:3:1:3006:1131#0/1	unmapped				0
ILLUMINA-075005_0053_FC:3:1:3259:1134#0/1	unmapped				0
ILLUMINA-075005_0053_FC:3:1:3930:1134#0/1	unmapped				0
ILLUMINA-075005_0053_FC:3:1:4219:1138#0/1	unmapped				0
ILLUMINA-075005_0053_FC:3:1:4887:1132#0/1	unmapped				0
ILLUMINA-075005_0053_FC:3:1:5310:1131#0/1	unique	21678290	+	1	1
ILLUMINA-075005_0053_FC:3:1:5404:1139#0/1	unmapped				0
ILLUMINA-075005_0053_FC:3:1:5581:1137#0/1	unmapped				0
ILLUMINA-075005_0053_FC:3:1:5648:1135#0/1	unmapped				0
ILLUMINA-075005_0053_FC:3:1:5678:1138#0/1	unmapped				0
ILLUMINA-075005_0053_FC:3:1:5789:1133#0/1	unmapped				0
ILLUMINA-075005_0053_FC:3:1:5891:1134#0/1	unmapped				0
ILLUMINA-075005_0053_FC:3:1:6047:1137#0/1	unique	4903148	-	2	1
ILLUMINA-075005_0053_FC:3:1:6358:1130#0/1	unmapped				0
ILLUMINA-075005_0053_FC:3:1:6507:1139#0/1	unmapped				0
ILLUMINA-075005_0053_FC:3:1:6912:1133#0/1	unmapped				0
ILLUMINA-075005_0053_FC:3:1:7036:1133#0/1	unmapped				0
ILLUMINA-075005_0053_FC:3:1:7368:1132#0/1	unmapped				0
ILLUMINA-075005_0053_FC:3:1:7583:1139#0/1	unmapped				0
ILLUMINA-075005_0053_FC:3:1:7637:1135#0/1	unmapped				0
ILLUMINA-075005_0053_FC:3:1:7675:1130#0/1	unmapped				0
ILLUMINA-075005_0053_FC:3:1:7866:1134#0/1	unmapped				0
ILLUMINA-075005_0053_FC:3:1:7946:1132#0/1	unmapped				0
ILLUMINA-075005_0053_FC:3:1:8115:1138#0/1	unmapped				0
ILLUMINA-075005_0053_FC:3:1:8308:1141#0/1	unmapped				0
ILLUMINA-075005_0053_FC:3:1:8391:1132#0/1	unique	18705525	+	1	1
ILLUMINA-075005_0053_FC:3:1:8421:1140#0/1	unmapped				0
ILLUMINA-075005_0053_FC:3:1:8580:1134#0/1	unmapped				0
ILLUMINA-075005_0053_FC:3:1:8927:1131#0/1	unmapped				0
ILLUMINA-075005_0053_FC:3:1:8948:1137#0/1	unmapped				0
ILLUMINA-075005_0053_FC:3:1:9138:1139#0/1	unmapped				0
ILLUMINA-075005_0053_FC:3:1:9225:1132#0/1	unmapped				0
ILLUMINA-075005_0053_FC:3:1:9257:1136#0/1	unmapped				0
ILLUMINA-075005_0053_FC:3:1:9278:1134#0/1	unmapped				0
ILLUMINA-075005_0053_FC:3:1:9320:1131#0/1	unique	23312956	+	1	1
ILLUMINA-075005_0053_FC:3:1:9380:1135#0/1	unmapped				0
ILLUMINA-075005_0053_FC:3:1:10079:1130#0/1	unmapped				0
ILLUMINA-075005_0053_FC:3:1:10138:1139#0/1	unmapped				0
ILLUMINA-075005_0053_FC:3:1:10181:1137#0/1	unmapped				0
ILLUMINA-075005_0053_FC:3:1:10254:1140#0/1	unmapped				0
ILLUMINA-075005_0053_FC:3:1:10310:1138#0/1	unmapped				0
ILLUMINA-075005_0053_FC:3:1:10391:1140#0/1	unmapped				0
ILLUMINA-075005_0053_FC:3:1:10734:1139#0/1	unique	13945537	+	0	1
ILLUMINA-075005_0053_FC:3:1:11153:1137#0/1	unmapped				0
ILLUMINA-075005_0053_FC:3:1:11184:1132#0/1	unmapped				0
ILLUMINA-075005_0053_FC:3:1:11597:1136#0/1	unmapped				0
ILLUMINA-075005_0053_FC:3:1:11805:1131#0/1	unmapped				0
ILLUMINA-075005_0053_FC:3:1:11901:1140#0/1	unmapped				0
ILLUMINA-075005_0053_FC:3:1:11925:1139#0/1	unmapped				0
ILLUMINA-075005_0053_FC:3:1:12001:1134#0/1	unmapped				0
ILLUMINA-075005_0053_FC:3:1:12781:1140#0/1	unmapped				0
ILLUMINA-075005_0053_FC:3:1:12859:1135#0/1	unmapped				0
ILLUMINA-075005_0053_FC:3:1:12880:1130#0/1	unmapped				0
ILLUMINA-075005_0053_FC:3:1:12904:1139#0/1	unmapped				0
ILLUMINA-075005_0053_FC:3:1:12925:1130#0/1	unmapped				0
ILLUMINA-075005_0053_FC:3:1:12944:1137#0/1	unique	7825950	+	0	1
ILLUMINA-075005_0053_FC:3:1:13002:1138#0/1	unique	13921130	+	0	1
ILLUMINA-075005_0053_FC:3:1:13112:1130#0/1	unmapped				0
ILLUMINA-075005_0053_FC:3:1:13644:1133#0/1	unmapped				0
ILLUMINA-075005_0053_FC:3:1:13848:1134#0/1	unmapped				0
ILLUMINA-075005_0053_FC:3:1:14079:1135#0/1	unique	14186770	+	1	1
ILLUMINA-075005_0053_FC:3:1:14141:1139#0/1	unmapped				0
ILLUMINA-075005_0053_FC:3:1:14214:1137#0/1	unmapped				0
ILLUMINA-075005_0053_FC:3:1:14367:1141#0/1	unmapped				0
ILLUMINA-075005_0053_FC:3:1:14412:1139#0/1	unmapped				0
ILLUMINA-075005_0053_FC:3:1:14838:1131#0/1	unmapped				0
ILLUMINA-075005_0053_FC:3:1:14954:1137#0/1	unmapped				0
ILLUMINA-075005_0053_FC:3:1:15116:1133#0/1	unmapped				0
ILLUMINA-075005_0053_FC:3:1:15265:1140#0/1	unmapped				0
ILLUMINA-075005_0053_FC:3:1:15477:1133#0/1	unmapped				0
ILLUMINA-075005_0053_FC:3:1:15621:1139#0/1	unmapped				0
ILLUMINA-075005_0053_FC:3:1:15971:1134#0/1	unique	21170922	-	0	1
ILLUMINA-075005_0053_FC:3:1:16133:1133#0/1	unmapped				0
ILLUMINA-075005_0053_FC:3:1:16492:1132#0/1	unmapped				0
ILLUMINA-075005_0053_FC:3:1:16533:1140#0/1	unique	1725911	+	1	1
ILLUMINA-075005_0053_FC:3:1:16596:1130#0/1	unmapped				0
ILLUMINA-075005_0053_FC:3:1:16709:1134#0/1	unmapped				0
ILLUMINA-075005_0053_FC:3:1:16807:1131#0/1	unmapped				0
ILLUMINA-075005_0053_FC:3:1:16982:1131#0/1	unmapped				0
ILLUMINA-075005_0053_FC:3:1:17307:1133#0/1	unique	21678387	+	0	1
ILLUMINA-075005_0053_FC:3:1:17478:1139#0/1	unmapped				0
ILLUMINA-075005_0053_FC:3:1:17642:1133#0/1	unique	8364021	+	1	1
ILLUMINA-075005_0053_FC:3:1:17697:1132#0/1	unique	6979980	+	2	1
ILLUMINA-075005_0053_FC:3:1:17904:1136#0/1	unique	8686754	-	0	1
ILLUMINA-075005_0053_FC:3:1:18145:1133#0/1	unmapped				0
ILLUMINA-075005_0053_FC:3:1:18495:1134#0/1	unique	13945856	+	2	1
ILLUMINA-075005_0053_FC:3:1:18664:1133#0/1	unmapped				0
ILLUMINA-075005_0053_FC:3:1:18773:1137#0/1	unmapped				0
ILLUMINA-075005_0053_FC:3:1:18817:1134#0/1	unmapped				0
ILLUMINA-075005_0053_FC:3:1:18904:1135#0/1	unmapped				0
ILLUMINA-075005_0053_FC:3:1:19451:1140#0/1	unmapped				0
ILLUMINA-075005_0053_FC:3:1:19468:1131#0/1	unique	16172833	-	2	1
ILLUMINA-075005_0053_FC:3:1:19605:1139#0/1	unmapped				0
ILLUMINA-075005_0053_FC:3:1:19649:1140#0/1	unmapped				0
ILLUMINA-075005_0053_FC:3:1:19770:1133#0/1	unmapped				0
ILLUMINA-075005_0053_FC:3:1:1297:1141#0/1	unmapped				0
ILLUMINA-075005_0053_FC:3:1:1657:1150#0/1	unmapped				0
ILLUMINA-075005_0053_FC:3:1:1788:1151#0/1	unmapped				0
ILLUMINA-075005_0053_FC:3:1:2411:1145#0/1	unmapped				0
ILLUMINA-075005_0053_FC:3:1:2457:1146#0/1	unmapped				0
ILLUMINA-075005_0053_FC:3:1:2491:1142#0/1	unmapped				0
ILLUMINA-075005_0053_FC:3:1:2950:1149#0/1	unmapped				0
ILLUMINA-075005_0053_FC:3:1:3464:1146#0/1	unmapped				0
ILLUMINA-075005_0053_FC:3:1:3660:1153#0/1	unmapped				0
ILLUMINA-075005_0053_FC:3:1:3762:1145#0/1	unmapped				0
ILLUMINA-075005_0053_FC:3:1:4012:1147#0/1	unique	13923364	+	0	1
ILLUMINA-075005_0053_FC:3:1:4059:1145#0/1	unmapped				0
ILLUMINA-075005_0053_FC:3:1:4098:1144#0/1	unmapped				0
ILLUMINA-075005_0053_FC:3:1:4533:1144#0/1	unmapped				0
ILLUMINA-075005_0053_FC:3:1:4584:1145#0/1	unmapped				0
ILLUMINA-075005_0053_FC:3:1:4992:1148#0/1	unmapped				0
ILLUMINA-075005_0053_FC:3:1:5067:1148#0/1	unmapped				0
ILLUMINA-075005_0053_FC:3:1:5119:1149#0/1	unmapped				0
ILLUMINA-075005_0053_FC:3:1:5249:1143#0/1	unique	4457843	+	1	1
ILLUMINA-075005_0053_FC:3:1:5719:1152#0/1	unmapped				0
ILLUMINA-075005_0053_FC:3:1:5810:1145#0/1	unmapped				0
ILLUMINA-075005_0053_FC:3:1:6176:1149#0/1	unmapped				0
ILLUMINA-075005_0053_FC:3:1:6193:1151#0/1	unique	642816	+	1	1
ILLUMINA-075005_0053_FC:3:1:6431:1148#0/1	unmapped				0
ILLUMINA-075005_0053_FC:3:1:6454:1149#0/1	unmapped				0
ILLUMINA-075005_0053_FC:3:1:6552:1142#0/1	unmapped				0
ILLUMINA-075005_0053_FC:3:1:6705:1152#0/1	unmapped				0
ILLUMINA-075005_0053_FC:3:1:7404:1148#0/1	unique	8042021	+	0	1
ILLUMINA-075005_0053_FC:3:1:7422:1146#0/1	unmapped				0
ILLUMINA-075005_0053_FC:3:1:7493:1148#0/1	unmapped				0
ILLUMINA-075005_0053_FC:3:1:7600:1150#0/1	unique	10358511	+	0	1
ILLUMINA-075005_0053_FC:3:1:7924:1147#0/1	unmapped				0
ILLUMINA-075005_0053_FC:3:1:8044:1145#0/1	unique	13921023	+	1	1
ILLUMINA-075005_0053_FC:3:1:8075:1142#0/1	unmapped				0
ILLUMINA-075005_0053_FC:3:1:8131:1150#0/1	unmapped				0
ILLUMINA-075005_0053_FC:3:1:8156:1149#0/1	unmapped				0
ILLUMINA-075005_0053_FC:3:1:8232:1149#0/1	unmapped				0
ILLUMINA-075005_0053_FC:3:1:8372:1148#0/1	unique	7231035	+	2	1
ILLUMINA-075005_0053_FC:3:1:8473:1153#0/1	unmapped				0
ILLUMINA-075005_0053_FC:3:1:8682:1146#0/1	unmapped				0
ILLUMINA-075005_0053_FC:3:1:9126:1152#0/1	unmapped				0
ILLUMINA-075005_0053_FC:3:1:9206:1152#0/1	unmapped				0
ILLUMINA-075005_0053_FC:3:1:9240:1147#0/1	unmapped				0
ILLUMINA-075005_0053_FC:3:1:9638:1147#0/1	unmapped				0
ILLUMINA-075005_0053_FC:3:1:9752:1150#0/1	unmapped				0
ILLUMINA-075005_0053_FC:3:1:9825:1150#0/1	unmapped				0
ILLUMINA-075005_0053_FC:3:1:10062:1152#0/1	unmapped				0
ILLUMINA-075005_0053_FC:3:1:10587:1151#0/1	unmapped				0
ILLUMINA-075005_0053_FC:3:1:10667:1144#0/1	unmapped				0
ILLUMINA-075005_0053_FC:3:1:10901:1144#0/1	unique	18706519	+	0	1
ILLUMINA-075005_0053_FC:3:1:10998:1148#0/1	unmapped				0
ILLUMINA-075005_0053_FC:3:1:11223:1144#0/1	unmapped				0
ILLUMINA-075005_0053_FC:3:1:11658:1147#0/1	unmapped				0
ILLUMINA-075005_0053_FC:3:1:11777:1152#0/1	unique	19008379	+	0	1
ILLUMINA-075005_0053_FC:3:1:11808:1150#0/1	unmapped				0
ILLUMINA-075005_0053_FC:3:1:12026:1151#0/1	unmapped				0
ILLUMINA-075005_0053_FC:3:1:12341:1152#0/1	unmapped				0
ILLUMINA-075005_0053_FC:3:1:12558:1148#0/1	unmapped				0
ILLUMINA-075005_0053_FC:3:1:12595:1146#0/1	unmapped				0
ILLUMINA-075005_0053_FC:3:1:12646:1153#0/1	unmapped				0
ILLUMINA-075005_0053_FC:3:1:13053:1150#0/1	unmapped				0
ILLUMINA-075005_0053_FC:3:1:13108:1152#0/1	unmapped				0
ILLUMINA-075005_0053_FC:3:1:13174:1152#0/1	unmapped				0
ILLUMINA-075005_0053_FC:3:1:13310:1145#0/1	unmapped				0
ILLUMINA-075005_0053_FC:3:1:13451:1143#0/1	unmapped				0
ILLUMINA-075005_0053_FC:3:1:13580:1151#0/1	unmapped				0
ILLUMINA-075005_0053_FC:3:1:13741:1142#0/1	unmapped				0
ILLUMINA-075005_0053_FC:3:1:13828:1150#0/1	unmapped				0
ILLUMINA-075005_0053_FC:3:1:13912:1144#0/1	unique	13922711	+	0	1
ILLUMINA-075005_0053_FC:3:1:13983:1143#0/1	unmapped				0
ILLUMINA-075005_0053_FC:3:1:15054:1145#0/1	unmapped				0
ILLUMINA-075005_0053_FC:3:1:15149:1142#0/1	unmapped				0
ILLUMINA-075005_0053_FC:3:1:15446:1142#0/1	unmapped				0
ILLUMINA-075005_0053_FC:3:1:15857:1148#0/1	unmapped				0
ILLUMINA-075005_0053_FC:3:1:16344:1141#0/1	unmapped				0
ILLUMINA-075005_0053_FC:3:1:16834:1152#0/1	unmapped				0
ILLUMINA-075005_0053_FC:3:1:17078:1146#0/1	unmapped				0
ILLUMINA-075005_0053_FC:3:1:17108:1148#0/1	unmapped				0
ILLUMINA-075005_0053_FC:3:1:17410:1147#0/1	unmapped				0
ILLUMINA-075005_0053_FC:3:1:17764:1150#0/1	unmapped				0
ILLUMINA-075005_0053_FC:3:1:18164:1148#0/1	unmapped				0
ILLUMINA-075005_0053_FC:3:1:18255:1148#0/1	unmapped				0
ILLUMINA-075005_0053_FC:3:1:18619:1150#0/1	unique	9767989	-	1	1
ILLUMINA-075005_0053_FC:3:1:18919:1144#0/1	unmapped				0
ILLUMINA-075005_0053_FC:3:1:19716:1142#0/1	unmapped				0
ILLUMINA-075005_0053_FC:3:1:19798:1145#0/1	unmapped				0
ILLUMINA-075005_0053_FC:3:1:1289:1159#0/1	unmapped				0
ILLUMINA-075005_0053_FC:3:1:1386:1154#0/1	unique	10848084	+	1	1
ILLUMINA-075005_0053_FC:3:1:1428:1162#0/1	unique	21678485	+	0	1
ILLUMINA-075005_0053_FC:3:1:2290:1153#0/1	unmapped				0
ILLUMINA-075005_0053_FC:3:1:2560:1159#0/1	unmapped				0
ILLUMINA-075005_0053_FC:3:1:3481:1161#0/1	unmapped				0
ILLUMINA-075005_0053_FC:3:1:3806:1160#0/1	unmapped				0
ILLUMINA-075005_0053_FC:3:1:3844:1159#0/1	unmapped				0
ILLUMINA-075005_0053_FC:3:1:3887:1158#0/1	unmapped				0
ILLUMINA-075005_0053_FC:3:1:4075:1161#0/1	unmapped				0
ILLUMINA-075005_0053_FC:3:1:4112:1157#0/1	unmapped				0
ILLUMINA-075005_0053_FC:3:1:4462:1160#0/1	unique	5984265	-	1	1
ILLUMINA-075005_0053_FC:3:1:4512:1158#0/1	unmapped				0
ILLUMINA-075005_0053_FC:3:1:4555:1160#0/1	unique	4447369	+	0	1
ILLUMINA-075005_0053_FC:3:1:4818:1154#0/1	unmapped				0
ILLUMINA-075005_0053_FC:3:1:5397:1161#0/1	unmapped				0
ILLUMINA-075005_0053_FC:3:1:5450:1158#0/1	unmapped				0
ILLUMINA-075005_0053_FC:3:1:5571:1157#0/1	unmapped				0
ILLUMINA-075005_0053_FC:3:1:5628:1159#0/1	unmapped				0
ILLUMINA-075005_0053_FC:3:1:5751:1157#0/1	unmapped				0
ILLUMINA-075005_0053_FC:3:1:6324:1162#0/1	unmapped				0
ILLUMINA-075005_0053_FC:3:1:6655:1158#0/1	unique	10847434	+	0	1
ILLUMINA-075005_0053_FC:3:1:6673:1161#0/1	unmapped				0
ILLUMINA-075005_0053_FC:3:1:6783:1155#0/1	unmapped				0
ILLUMINA-075005_0053_FC:3:1:6925:1154#0/1	unmapped				0
ILLUMINA-075005_0053_FC:3:1:7035:1159#0/1	unmapped				0
ILLUMINA-075005_0053_FC:3:1:7101:1164#0/1	unmapped				0
ILLUMINA-075005_0053_FC:3:1:7478:1162#0/1	unmapped				0
ILLUMINA-075005_0053_FC:3:1:7625:1162#0/1	unmapped				0
ILLUMINA-075005_0053_FC:3:1:7657:1159#0/1	unmapped				0
ILLUMINA-075005_0053_FC:3:1:7708:1158#0/1	unmapped				0
ILLUMINA-075005_0053_FC:3:1:8006:1159#0/1	unmapped				0
ILLUMINA-075005_0053_FC:3:1:8113:1160#0/1	unmapped				0
ILLUMINA-075005_0053_FC:3:1:8391:1164#0/1	unique	7802244	+	0	1
ILLUMINA-075005_0053_FC:3:1:8422:1161#0/1	unmapped				0
ILLUMINA-075005_0053_FC:3:1:8547:1157#0/1	unmapped				0
ILLUMINA-075005_0053_FC:3:1:8596:1155#0/1	unique	10410360	-	0	1
ILLUMINA-075005_0053_FC:3:1:8740:1162#0/1	unique	5196128	-	0	1
ILLUMINA-075005_0053_FC:3:1:8758:1159#0/1	unique	19762154	+	0	1
ILLUMINA-075005_0053_FC:3:1:8809:1161#0/1	unique	13933453	+	1	1
ILLUMINA-075005_0053_FC:3:1:8933:1155#0/1	unmapped				0
ILLUMINA-075005_0053_FC:3:1:9013:1161#0/1	unmapped				0
ILLUMINA-075005_0053_FC:3:1:9354:1162#0/1	unmapped				0
ILLUMINA-075005_0053_FC:3:1:9524:1158#0/1	unmapped				0
ILLUMINA-075005_0053_FC:3:1:10185:1158#0/1	unmapped				0
ILLUMINA-075005_0053_FC:3:1:10256:1160#0/1	unmapped				0
ILLUMINA-075005_0053_FC:3:1:10378:1157#0/1	unique	13933316	+	0	1
ILLUMINA-075005_0053_FC:3:1:10461:1158#0/1	unmapped				0
ILLUMINA-075005_0053_FC:3:1:10670:1161#0/1	unmapped				0
ILLUMINA-075005_0053_FC:3:1:10803:1156#0/1	unmapped				0
ILLUMINA-075005_0053_FC:3:1:10848:1154#0/1	unmapped				0
ILLUMINA-075005_0053_FC:3:1:10880:1163#0/1	unique	22999653	+	1	1
ILLUMINA-075005_0053_FC:3:1:11260:1163#0/1	unmapped				0
ILLUMINA-075005_0053_FC:3:1:11358:1161#0/1	unmapped				0
ILLUMINA-075005_0053_FC:3:1:11566:1163#0/1	unmapped				0
ILLUMINA-075005_0053_FC:3:1:11875:1154#0/1	unmapped				0
ILLUMINA-075005_0053_FC:3:1:12716:1155#0/1	unmapped				0
ILLUMINA-075005_0053_FC:3:1:12960:1154#0/1	unmapped				0
ILLUMINA-075005_0053_FC:3:1:13343:1158#0/1	unmapped				0
ILLUMINA-075005_0053_FC:3:1:13465:1156#0/1	unmapped				0
ILLUMINA-075005_0053_FC:3:1:13762:1161#0/1	unmapped				0
ILLUMINA-075005_0053_FC:3:1:13958:1159#0/1	unmapped				0
ILLUMINA-075005_0053_FC:3:1:14265:1163#0/1	unmapped				0
ILLUMINA-075005_0053_FC:3:1:14533:1155#0/1	unmapped				0
ILLUMINA-075005_0053_FC:3:1:15150:1160#0/1	unmapped				0
ILLUMINA-075005_0053_FC:3:1:15286:1157#0/1	unmapped				0
ILLUMINA-075005_0053_FC:3:1:15604:1160#0/1	unmapped				0
ILLUMINA-075005_0053_FC:3:1:15815:1162#0/1	unmapped				0
ILLUMINA-075005_0053_FC:3:1:16226:1155#0/1	unmapped				0
ILLUMINA-075005_0053_FC:3:1:16471:1155#0/1	unmapped				0
ILLUMINA-075005_0053_FC:3:1:16509:1159#0/1	unique	10274477	+	0	1
ILLUMINA-075005_0053_FC:3:1:16673:1155#0/1	unmapped				0
ILLUMINA-075005_0053_FC:3:1:16760:1154#0/1	unmapped				0
ILLUMINA-075005_0053_FC:3:1:17189:1157#0/1	unmapped				0
ILLUMINA-075005_0053_FC:3:1:17245:1160#0/1	unmapped				0
ILLUMINA-075005_0053_FC:3:1:17500:1163#0/1	unmapped				0
ILLUMINA-075005_0053_FC:3:1:17681:1157#0/1	unmapped				0
ILLUMINA-075005_0053_FC:3:1:17786:1155#0/1	unmapped				0
ILLUMINA-075005_0053_FC:3:1:17813:1161#0/1	unique	5525420	-	0	1
ILLUMINA-075005_0053_FC:3:1:17895:1157#0/1	unmapped				0
ILLUMINA-075005_0053_FC:3:1:17913:1157#0/1	unmapped				0
ILLUMINA-075005_0053_FC:3:1:18034:1153#0/1	unmapped				0
ILLUMINA-075005_0053_FC:3:1:18122:1153#0/1	unmapped				0
ILLUMINA-075005_0053_FC:3:1:18364:1158#0/1	unmapped				0
ILLUMINA-075005_0053_FC:3:1:18381:1165#0/1	unique	7825699	+	0	1
ILLUMINA-075005_0053_FC:3:1:18587:1156#0/1	unmapped				0
ILLUMINA-075005_0053_FC:3:1:18803:1156#0/1	unmapped				0
ILLUMINA-075005_0053_FC:3:1:19229:1163#0/1	unique	13945337	+	0	1
ILLUMINA-075005_0053_FC:3:1:19435:1156#0/1	unique	10221666	-	1	1
ILLUMINA-075005_0053_FC:3:1:19566:1157#0/1	unmapped				0
ILLUMINA-075005_0053_FC:3:1:19740:1157#0/1	unmapped				0
ILLUMINA-075005_0053_FC:3:1:1166:1165#0/1	unmapped				0
ILLUMINA-075005_0053_FC:3:1:1328:1165#0/1	unmapped				0
ILLUMINA-075005_0053_FC:3:1:1459:1174#0/1	unmapped				0
ILLUMINA-075005_0053_FC:3:1:1539:1165#0/1	unmapped				0
ILLUMINA-075005_0053_FC:3:1:2054:1167#0/1	unique	16780673	-	1	1
ILLUMINA-075005_0053_FC:3:1:2077:1175#0/1	unmapped				0
ILLUMINA-075005_0053_FC:3:1:2166:1169#0/1	unmapped				0
ILLUMINA-075005_0053_FC:3:1:2258:1165#0/1	unmapped				0
ILLUMINA-075005_0053_FC:3:1:2600:1173#0/1	unmapped				0
ILLUMINA-075005_0053_FC:3:1:2958:1176#0/1	unmapped				0
ILLUMINA-075005_0053_FC:3:1:3030:1166#0/1	unmapped				0
ILLUMINA-075005_0053_FC:3:1:3339:1172#0/1	unmapped				0
ILLUMINA-075005_0053_FC:3:1:3616:1165#0/1	unique	12299201	-	0	1
ILLUMINA-075005_0053_FC:3:1:3947:1169#0/1	unique	13933323	+	0	1
ILLUMINA-075005_0053_FC:3:1:4267:1167#0/1	unmapped				0
ILLUMINA-075005_0053_FC:3:1:4325:1169#0/1	unmapped				0
ILLUMINA-075005_0053_FC:3:1:4578:1169#0/1	unmapped				0
ILLUMINA-075005_0053_FC:3:1:4676:1169#0/1	unmapped				0
ILLUMINA-075005_0053_FC:3:1:4784:1169#0/1	unmapped				0
ILLUMINA-075005_0053_FC:3:1:4896:1175#0/1	unmapped				0
ILLUMINA-075005_0053_FC:3:1:4974:1170#0/1	unmapped				0
ILLUMINA-075005_0053_FC:3:1:5004:1176#0/1	unmapped				0
ILLUMINA-075005_0053_FC:3:1:5610:1168#0/1	unmapped				0
ILLUMINA-075005_0053_FC:3:1:5764:1173#0/1	unmapped				0
ILLUMINA-075005_0053_FC:3:1:5850:1171#0/1	unmapped				0
ILLUMINA-075005_0053_FC:3:1:6035:1168#0/1	unmapped				0
ILLUMINA-075005_0053_FC:3:1:6076:1170#0/1	unmapped				0
ILLUMINA-075005_0053_FC:3:1:6222:1173#0/1	unmapped				0
ILLUMINA-075005_0053_FC:3:1:6376:1169#0/1	unmapped				0
ILLUMINA-075005_0053_FC:3:1:6427:1172#0/1	unmapped				0
ILLUMINA-075005_0053_FC:3:1:6449:1170#0/1	unmapped				0
ILLUMINA-075005_0053_FC:3:1:6695:1173#0/1	unmapped				0
ILLUMINA-075005_0053_FC:3:1:6825:1170#0/1	unmapped				0
ILLUMINA-075005_0053_FC:3:1:7003:1166#0/1	unmapped				0
ILLUMINA-075005_0053_FC:3:1:7556:1172#0/1	unmapped				0
ILLUMINA-075005_0053_FC:3:1:8064:1171#0/1	unmapped				0
ILLUMINA-075005_0053_FC:3:1:8182:1168#0/1	unmapped				0
ILLUMINA-075005_0053_FC:3:1:8316:1176#0/1	unique	18442510	+	0	1
ILLUMINA-075005_0053_FC:3:1:8501:1167#0/1	unmapped				0
ILLUMINA-075005_0053_FC:3:1:9076:1165#0/1	unmapped				0
ILLUMINA-075005_0053_FC:3:1:9561:1175#0/1	unmapped				0
ILLUMINA-075005_0053_FC:3:1:9605:1169#0/1	unmapped				0
ILLUMINA-075005_0053_FC:3:1:9842:1169#0/1	unique	18442959	+	0	1
ILLUMINA-075005_0053_FC:3:1:9915:1166#0/1	unmapped				0
ILLUMINA-075005_0053_FC:3:1:10133:1172#0/1	unmapped				0
ILLUMINA-075005_0053_FC:3:1:10212:1170#0/1	unmapped				0
ILLUMINA-075005_0053_FC:3:1:10473:1176#0/1	unmapped				0
ILLUMINA-075005_0053_FC:3:1:10513:1165#0/1	unmapped				0
ILLUMINA-075005_0053_FC:3:1:10741:1167#0/1	unmapped				0
ILLUMINA-075005_0053_FC:3:1:10951:1172#0/1	unmapped				0
ILLUMINA-075005_0053_FC:3:1:11094:1168#0/1	unmapped				0
ILLUMINA-075005_0053_FC:3:1:11658:1165#0/1	unmapped				0
ILLUMINA-075005_0053_FC:3:1:11820:1173#0/1	unmapped				0
ILLUMINA-075005_0053_FC:3:1:12031:1170#0/1	unmapped				0
ILLUMINA-075005_0053_FC:3:1:12112:1176#0/1	unique	18442792	+	2	1
ILLUMINA-075005_0053_FC:3:1:12201:1176#0/1	unmapped				0
ILLUMINA-075005_0053_FC:3:1:12302:1174#0/1	unmapped				0
ILLUMINA-075005_0053_FC:3:1:12663:1175#0/1	unique	14409140	-	0	1
ILLUMINA-075005_0053_FC:3:1:12923:1171#0/1	unmapped				0
ILLUMINA-075005_0053_FC:3:1:13084:1172#0/1	unmapped				0
ILLUMINA-075005_0053_FC:3:1:13237:1175#0/1	unique	3466857	-	1	1
ILLUMINA-075005_0053_FC:3:1:13261:1166#0/1	unique	12298916	-	2	1
ILLUMINA-075005_0053_FC:3:1:13311:1171#0/1	unmapped				0
ILLUMINA-075005_0053_FC:3:1:13462:1175#0/1	unmapped				0
ILLUMINA-075005_0053_FC:3:1:13533:1169#0/1	unmapped				0
ILLUMINA-075005_0053_FC:3:1:13595:1166#0/1	unmapped				0
ILLUMINA-075005_0053_FC:3:1:13634:1174#0/1	unmapped				0
ILLUMINA-075005_0053_FC:3:1:13734:1173#0/1	unmapped				0
ILLUMINA-075005_0053_FC:3:1:14113:1166#0/1	unmapped				0
ILLUMINA-075005_0053_FC:3:1:14388:1168#0/1	unmapped				0
ILLUMINA-075005_0053_FC:3:1:14484:1168#0/1	unmapped				0
ILLUMINA-075005_0053_FC:3:1:14643:1166#0/1	unmapped				0
ILLUMINA-075005_0053_FC:3:1:14691:1167#0/1	unmapped				0
ILLUMINA-075005_0053_FC:3:1:14729:1170#0/1	unmapped				0
ILLUMINA-075005_0053_FC:3:1:14786:1167#0/1	unmapped				0
ILLUMINA-075005_0053_FC:3:1:14914:1165#0/1	unique	7826798	+	1	1
ILLUMINA-075005_0053_FC:3:1:15177:1168#0/1	unmapped				0
ILLUMINA-075005_0053_FC:3:1:15275:1171#0/1	unmapped				0
ILLUMINA-075005_0053_FC:3:1:15666:1169#0/1	unmapped				0
ILLUMINA-075005_0053_FC:3:1:16068:1167#0/1	unmapped				0
ILLUMINA-075005_0053_FC:3:1:16110:1168#0/1	unique	4797230	+	1	1
ILLUMINA-075005_0053_FC:3:1:16389:1168#0/1	unmapped				0
ILLUMINA-075005_0053_FC:3:1:16410:1170#0/1	unmapped				0
ILLUMINA-075005_0053_FC:3:1:16446:1165#0/1	unmapped				0
ILLUMINA-075005_0053_FC:3:1:16957:1172#0/1	unique	21172705	-	1	1
ILLUMINA-075005_0053_FC:3:1:17109:1176#0/1	unmapped				0
ILLUMINA-075005_0053_FC:3:1:17265:1175#0/1	unmapped				0
ILLUMINA-075005_0053_FC:3:1:17336:1168#0/1	unmapped				0
ILLUMINA-075005_0053_FC:3:1:17480:1168#0/1	unmapped				0
ILLUMINA-075005_0053_FC:3:1:17701:1171#0/1	unmapped				0
ILLUMINA-075005_0053_FC:3:1:17731:1171#0/1	unmapped				0
ILLUMINA-075005_0053_FC:3:1:18141:1174#0/1	unmapped				0
ILLUMINA-075005_0053_FC:3:1:18219:1169#0/1	unique	9896583	+	0	1
ILLUMINA-075005_0053_FC:3:1:18670:1169#0/1	unmapped				0
ILLUMINA-075005_0053_FC:3:1:18747:1172#0/1	unmapped				0
ILLUMINA-075005_0053_FC:3:1:19521:1171#0/1	unique	13922917	+	2	1
ILLUMINA-075005_0053_FC:3:1:19756:1167#0/1	unmapped				0
ILLUMINA-075005_0053_FC:3:1:1251:1184#0/1	unmapped				0
ILLUMINA-075005_0053_FC:3:1:1992:1187#0/1	unmapped				0
ILLUMINA-075005_0053_FC:3:1:2241:1180#0/1	unmapped				0
ILLUMINA-075005_0053_FC:3:1:2320:1178#0/1	unique	3516866	-	0	1
ILLUMINA-075005_0053_FC:3:1:2477:1183#0/1	unmapped				0
ILLUMINA-075005_0053_FC:3:1:2540:1184#0/1	unmapped				0
ILLUMINA-075005_0053_FC:3:1:2630:1184#0/1	unique	19053244	-	0	1
ILLUMINA-075005_0053_FC:3:1:2702:1185#0/1	unmapped				0
ILLUMINA-075005_0053_FC:3:1:2887:1179#0/1	unmapped				0
ILLUMINA-075005_0053_FC:3:1:2924:1186#0/1	unmapped				0
ILLUMINA-075005_0053_FC:3:1:3113:1182#0/1	unmapped				0
ILLUMINA-075005_0053_FC:3:1:3671:1181#0/1	unique	9896814	+	0	1
ILLUMINA-075005_0053_FC:3:1:3872:1181#0/1	unmapped				0
ILLUMINA-075005_0053_FC:3:1:4239:1184#0/1	unmapped				0
ILLUMINA-075005_0053_FC:3:1:4280:1184#0/1	unique	10201296	-	0	1
ILLUMINA-075005_0053_FC:3:1:4455:1178#0/1	unmapped				0
ILLUMINA-075005_0053_FC:3:1:4591:1181#0/1	unmapped				0
ILLUMINA-075005_0053_FC:3:1:4730:1182#0/1	unmapped				0
ILLUMINA-075005_0053_FC:3:1:4772:1185#0/1	unmapped				0
ILLUMINA-075005_0053_FC:3:1:4875:1177#0/1	unmapped				0
ILLUMINA-075005_0053_FC:3:1:4956:1179#0/1	unmapped				0
ILLUMINA-075005_0053_FC:3:1:5118:1181#0/1	unique	21678830	+	1	1
ILLUMINA-075005_0053_FC:3:1:5171:1181#0/1	unique	16788641	-	0	1
ILLUMINA-075005_0053_FC:3:1:5212:1181#0/1	unmapped				0
ILLUMINA-075005_0053_FC:3:1:5619:1184#0/1	unmapped				0
ILLUMINA-075005_0053_FC:3:1:5638:1181#0/1	unmapped				0
ILLUMINA-075005_0053_FC:3:1:5739:1177#0/1	unmapped				0
ILLUMINA-075005_0053_FC:3:1:5827:1187#0/1	unmapped				0
ILLUMINA-075005_0053_FC:3:1:6203:1184#0/1	unmapped				0
ILLUMINA-075005_0053_FC:3:1:6319:1185#0/1	unmapped				0
ILLUMINA-075005_0053_FC:3:1:6839:1187#0/1	unmapped				0
ILLUMINA-075005_0053_FC:3:1:6929:1178#0/1	unique	21161069	+	3	1
ILLUMINA-075005_0053_FC:3:1:7310:1184#0/1	unmapped				0
ILLUMINA-075005_0053_FC:3:1:7376:1186#0/1	unmapped				0
ILLUMINA-075005_0053_FC:3:1:7426:1186#0/1	unique	16786043	-	0	1
ILLUMINA-075005_0053_FC:3:1:7460:1177#0/1	unmapped				0
ILLUMINA-075005_0053_FC:3:1:7827:1188#0/1	unmapped				0
ILLUMINA-075005_0053_FC:3:1:7881:1179#0/1	unmapped				0
ILLUMINA-075005_0053_FC:3:1:7967:1187#0/1	unmapped				0
ILLUMINA-075005_0053_FC:3:1:8048:1179#0/1	unmapped				0
ILLUMINA-075005_0053_FC:3:1:8408:1186#0/1	unmapped				0
ILLUMINA-075005_0053_FC:3:1:8535:1180#0/1	unmapped				0
ILLUMINA-075005_0053_FC:3:1:9051:1188#0/1	unmapped				0
ILLUMINA-075005_0053_FC:3:1:9276:1177#0/1	unmapped				0
ILLUMINA-075005_0053_FC:3:1:9410:1180#0/1	unmapped				0
ILLUMINA-075005_0053_FC:3:1:9460:1179#0/1	unique	13945299	+	2	1
ILLUMINA-075005_0053_FC:3:1:9878:1178#0/1	unmapped				0
ILLUMINA-075005_0053_FC:3:1:9904:1185#0/1	unmapped				0
ILLUMINA-075005_0053_FC:3:1:10159:1179#0/1	unmapped				0
ILLUMINA-075005_0053_FC:3:1:10272:1186#0/1	unique	16786229	-	0	1
ILLUMINA-075005_0053_FC:3:1:10386:1180#0/1	unmapped				0
ILLUMINA-075005_0053_FC:3:1:10643:1183#0/1	unique	6343858	-	2	1
ILLUMINA-075005_0053_FC:3:1:10736:1187#0/1	unmapped				0
ILLUMINA-075005_0053_FC:3:1:10837:1178#0/1	unmapped				0
ILLUMINA-075005_0053_FC:3:1:11041:1179#0/1	unmapped				0
ILLUMINA-075005_0053_FC:3:1:11163:1185#0/1	unmapped				0
ILLUMINA-075005_0053_FC:3:1:11304:1178#0/1	unmapped				0
ILLUMINA-075005_0053_FC:3:1:11430:1183#0/1	unmapped				0
ILLUMINA-075005_0053_FC:3:1:11842:1181#0/1	unmapped				0
ILLUMINA-075005_0053_FC:3:1:11928:1183#0/1	unmapped				0
ILLUMINA-075005_0053_FC:3:1:12319:1188#0/1	unmapped				0
ILLUMINA-075005_0053_FC:3:1:12477:1181#0/1	unmapped				0
ILLUMINA-075005_0053_FC:3:1:12809:1185#0/1	unmapped				0
ILLUMINA-075005_0053_FC:3:1:13040:1188#0/1	unmapped				0
ILLUMINA-075005_0053_FC:3:1:13335:1184#0/1	unmapped				0
ILLUMINA-075005_0053_FC:3:1:13387:1183#0/1	unmapped				0
ILLUMINA-075005_0053_FC:3:1:13614:1184#0/1	unique	420538	-	1	1
ILLUMINA-075005_0053_FC:3:1:13718:1180#0/1	unmapped				0
ILLUMINA-075005_0053_FC:3:1:13896:1186#0/1	unmapped				0
ILLUMINA-075005_0053_FC:3:1:13948:1187#0/1	unmapped				0
ILLUMINA-075005_0053_FC:3:1:14238:1176#0/1	unmapped				0
ILLUMINA-075005_0053_FC:3:1:14842:1182#0/1	unmapped				0
ILLUMINA-075005_0053_FC:3:1:14893:1182#0/1	unmapped				0
ILLUMINA-075005_0053_FC:3:1:15032:1187#0/1	unmapped				0
ILLUMINA-075005_0053_FC:3:1:15402:1177#0/1	unmapped				0
ILLUMINA-075005_0053_FC:3:1:15445:1177#0/1	unmapped				0
ILLUMINA-075005_0053_FC:3:1:15488:1178#0/1	unmapped				0
ILLUMINA-075005_0053_FC:3:1:15819:1187#0/1	unmapped				0
ILLUMINA-075005_0053_FC:3:1:16014:1179#0/1	unmapped				0
ILLUMINA-075005_0053_FC:3:1:16271:1187#0/1	unmapped				0
ILLUMINA-075005_0053_FC:3:1:16341:1182#0/1	unique	5071705	-	0	1
ILLUMINA-075005_0053_FC:3:1:16463:1177#0/1	unique	16774631	-	0	1
ILLUMINA-075005_0053_FC:3:1:16769:1179#0/1	unmapped				0
ILLUMINA-075005_0053_FC:3:1:16804:1179#0/1	unmapped				0
ILLUMINA-075005_0053_FC:3:1:16974:1177#0/1	unmapped				0
ILLUMINA-075005_0053_FC:3:1:17068:1177#0/1	unmapped				0
ILLUMINA-075005_0053_FC:3:1:17646:1182#0/1	unmapped				0
ILLUMINA-075005_0053_FC:3:1:17711:1186#0/1	unmapped				0
ILLUMINA-075005_0053_FC:3:1:17988:1184#0/1	unique	10316654	-	0	1
ILLUMINA-075005_0053_FC:3:1:18024:1177#0/1	unmapped				0
ILLUMINA-075005_0053_FC:3:1:18107:1183#0/1	unmapped				0
ILLUMINA-075005_0053_FC:3:1:18195:1186#0/1	unmapped				0
ILLUMINA-075005_0053_FC:3:1:18474:1186#0/1	unmapped				0
ILLUMINA-075005_0053_FC:3:1:18542:1185#0/1	unmapped				0
ILLUMINA-075005_0053_FC:3:1:18814:1185#0/1	unmapped				0
ILLUMINA-075005_0053_FC:3:1:18849:1179#0/1	unique	10318258	+	0	1
ILLUMINA-075005_0053_FC:3:1:19037:1185#0/1	unmapped				0
ILLUMINA-075005_0053_FC:3:1:19545:1185#0/1	unmapped				0
ILLUMINA-075005_0053_FC:3:1:1671:1190#0/1	unique	2216550	+	0	1
ILLUMINA-075005_0053_FC:3:1:1790:1193#0/1	unique	16785180	-	2	1
ILLUMINA-075005_0053_FC:3:1:1821:1199#0/1	unmapped				0
ILLUMINA-075005_0053_FC:3:1:2267:1192#0/1	unmapped				0
ILLUMINA-075005_0053_FC:3:1:2285:1200#0/1	unmapped				0
ILLUMINA-075005_0053_FC:3:1:2351:1192#0/1	unmapped				0
ILLUMINA-075005_0053_FC:3:1:2520:1195#0/1	unmapped				0
ILLUMINA-075005_0053_FC:3:1:3553:1189#0/1	unmapped				0
ILLUMINA-075005_0053_FC:3:1:3724:1192#0/1	unique	22535874	+	0	1
ILLUMINA-075005_0053_FC:3:1:4088:1193#0/1	unmapped				0
ILLUMINA-075005_0053_FC:3:1:4181:1191#0/1	unmapped				0
ILLUMINA-075005_0053_FC:3:1:4306:1194#0/1	unique	562204	+	1	1
ILLUMINA-075005_0053_FC:3:1:4502:1191#0/1	unique	13921968	+	1	1
ILLUMINA-075005_0053_FC:3:1:4669:1193#0/1	unmapped				0
ILLUMINA-075005_0053_FC:3:1:5283:1195#0/1	unmapped				0
ILLUMINA-075005_0053_FC:3:1:5382:1195#0/1	unmapped				0
ILLUMINA-075005_0053_FC:3:1:5648:1198#0/1	unmapped				0
ILLUMINA-075005_0053_FC:3:1:6245:1195#0/1	unmapped				0
ILLUMINA-075005_0053_FC:3:1:6609:1192#0/1	unmapped				0
ILLUMINA-075005_0053_FC:3:1:7031:1193#0/1	unique	4469275	+	0	1
ILLUMINA-075005_0053_FC:3:1:7264:1189#0/1	unmapped				0
ILLUMINA-075005_0053_FC:3:1:7598:1189#0/1	unmapped				0
ILLUMINA-075005_0053_FC:3:1:7735:1191#0/1	unmapped				0
ILLUMINA-075005_0053_FC:3:1:7756:1198#0/1	unmapped				0
ILLUMINA-075005_0053_FC:3:1:7852:1199#0/1	unmapped				0
ILLUMINA-075005_0053_FC:3:1:7989:1198#0/1	unmapped				0
ILLUMINA-075005_0053_FC:3:1:8017:1193#0/1	unmapped				0
ILLUMINA-075005_0053_FC:3:1:8097:1197#0/1	unmapped				0
ILLUMINA-075005_0053_FC:3:1:8161:1191#0/1	unmapped				0
ILLUMINA-075005_0053_FC:3:1:8366:1190#0/1	unmapped				0
ILLUMINA-075005_0053_FC:3:1:8766:1200#0/1	unmapped				0
ILLUMINA-075005_0053_FC:3:1:8816:1200#0/1	unmapped				0
ILLUMINA-075005_0053_FC:3:1:9080:1193#0/1	unmapped				0
ILLUMINA-075005_0053_FC:3:1:9166:1189#0/1	unmapped				0
ILLUMINA-075005_0053_FC:3:1:9396:1193#0/1	unmapped				0
ILLUMINA-075005_0053_FC:3:1:9842:1190#0/1	unmapped				0
ILLUMINA-075005_0053_FC:3:1:10127:1199#0/1	unmapped				0
ILLUMINA-075005_0053_FC:3:1:10335:1198#0/1	unmapped				0
ILLUMINA-075005_0053_FC:3:1:10557:1194#0/1	unique	10410338	-	0	1
ILLUMINA-075005_0053_FC:3:1:10701:1195#0/1	unmapped				0
ILLUMINA-075005_0053_FC:3:1:10904:1200#0/1	unmapped				0
ILLUMINA-075005_0053_FC:3:1:11360:1197#0/1	unique	16786561	-	0	1
ILLUMINA-075005_0053_FC:3:1:11629:1194#0/1	unique	10313482	+	1	1
ILLUMINA-075005_0053_FC:3:1:11887:1195#0/1	unique	13922215	+	1	1
ILLUMINA-075005_0053_FC:3:1:12017:1193#0/1	unmapped				0
ILLUMINA-075005_0053_FC:3:1:12083:1193#0/1	unmapped				0
ILLUMINA-075005_0053_FC:3:1:12660:1193#0/1	unmapped				0
ILLUMINA-075005_0053_FC:3:1:13290:1196#0/1	unique	6069722	-	1	1
ILLUMINA-075005_0053_FC:3:1:13366:1189#0/1	unmapped				0
ILLUMINA-075005_0053_FC:3:1:13499:1197#0/1	unmapped				0
ILLUMINA-075005_0053_FC:3:1:13565:1196#0/1	unmapped				0
ILLUMINA-075005_0053_FC:3:1:13639:1195#0/1	unmapped				0
ILLUMINA-075005_0053_FC:3:1:14082:1200#0/1	unmapped				0
ILLUMINA-075005_0053_FC:3:1:14124:1199#0/1	unmapped				0
ILLUMINA-075005_0053_FC:3:1:14170:1194#0/1	unmapped				0
ILLUMINA-075005_0053_FC:3:1:14263:1197#0/1	unmapped				0
ILLUMINA-075005_0053_FC:3:1:14595:1193#0/1	unmapped				0
ILLUMINA-075005_0053_FC:3:1:14613:1190#0/1	unmapped				0
ILLUMINA-075005_0053_FC:3:1:15120:1193#0/1	unique	9696537	+	0	1
ILLUMINA-075005_0053_FC:3:1:15504:1190#0/1	unmapped				0
ILLUMINA-075005_0053_FC:3:1:15716:1190#0/1	unmapped				0
ILLUMINA-075005_0053_FC:3:1:15847:1195#0/1	unmapped				0
ILLUMINA-075005_0053_FC:3:1:15951:1190#0/1	unmapped				0
ILLUMINA-075005_0053_FC:3:1:16081:1192#0/1	unmapped				0
ILLUMINA-075005_0053_FC:3:1:16177:1195#0/1	unique	1725587	+	0	1
ILLUMINA-075005_0053_FC:3:1:16325:1196#0/1	unmapped				0
ILLUMINA-075005_0053_FC:3:1:16589:1195#0/1	unique	9896803	+	1	1
ILLUMINA-075005_0053_FC:3:1:16792:1191#0/1	unique	13366984	-	0	1
ILLUMINA-075005_0053_FC:3:1:16886:1198#0/1	unmapped				0
ILLUMINA-075005_0053_FC:3:1:17125:1197#0/1	unmapped				0
ILLUMINA-075005_0053_FC:3:1:17481:1198#0/1	unmapped				0
ILLUMINA-075005_0053_FC:3:1:17583:1192#0/1	unmapped				0
ILLUMINA-075005_0053_FC:3:1:17745:1195#0/1	unmapped				0
ILLUMINA-075005_0053_FC:3:1:18268:1198#0/1	unmapped				0
ILLUMINA-075005_0053_FC:3:1:18352:1192#0/1	unique	19554805	-	0	1
ILLUMINA-075005_0053_FC:3:1:18671:1195#0/1	unmapped				0
ILLUMINA-075005_0053_FC:3:1:18787:1194#0/1	unmapped				0
ILLUMINA-075005_0053_FC:3:1:18932:1192#0/1	unmapped				0
ILLUMINA-075005_0053_FC:3:1:19161:1189#0/1	unique	9896337	+	0	1
ILLUMINA-075005_0053_FC:3:1:19233:1192#0/1	unmapped				0
ILLUMINA-075005_0053_FC:3:1:19652:1189#0/1	unmapped				0
ILLUMINA-075005_0053_FC:3:1:19767:1191#0/1	unique	16786710	-	1	1
ILLUMINA-075005_0053_FC:3:1:1190:1207#0/1	unmapped				0
ILLUMINA-075005_0053_FC:3:1:1269:1209#0/1	unmapped				0
ILLUMINA-075005_0053_FC:3:1:1310:1204#0/1	unmapped				0
ILLUMINA-075005_0053_FC:3:1:1391:1209#0/1	unmapped				0
ILLUMINA-075005_0053_FC:3:1:1439:1203#0/1	unmapped				0
ILLUMINA-075005_0053_FC:3:1:1741:1201#0/1	unmapped				0
ILLUMINA-075005_0053_FC:3:1:2579:1201#0/1	unmapped				0
ILLUMINA-075005_0053_FC:3:1:2639:1205#0/1	unmapped				0
ILLUMINA-075005_0053_FC:3:1:2782:1211#0/1	unmapped				0
ILLUMINA-075005_0053_FC:3:1:3616:1210#0/1	unmapped				0
ILLUMINA-075005_0053_FC:3:1:3637:1208#0/1	unmapped				0
ILLUMINA-075005_0053_FC:3:1:3657:1205#0/1	unmapped				0
ILLUMINA-075005_0053_FC:3:1:3971:1207#0/1	unmapped				0
ILLUMINA-075005_0053_FC:3:1:4445:1201#0/1	unmapped				0
ILLUMINA-075005_0053_FC:3:1:4782:1201#0/1	unmapped				0
ILLUMINA-075005_0053_FC:3:1:4953:1201#0/1	unmapped				0
ILLUMINA-075005_0053_FC:3:1:5480:1210#0/1	unmapped				0
ILLUMINA-075005_0053_FC:3:1:5912:1210#0/1	unmapped				0
ILLUMINA-075005_0053_FC:3:1:5996:1210#0/1	unmapped				0
ILLUMINA-075005_0053_FC:3:1:6077:1202#0/1	unmapped				0
ILLUMINA-075005_0053_FC:3:1:6148:1211#0/1	unmapped				0
ILLUMINA-075005_0053_FC:3:1:6183:1202#0/1	unmapped				0
ILLUMINA-075005_0053_FC:3:1:6344:1210#0/1	unmapped				0
ILLUMINA-075005_0053_FC:3:1:6672:1206#0/1	unmapped				0
ILLUMINA-075005_0053_FC:3:1:7217:1201#0/1	unmapped				0
ILLUMINA-075005_0053_FC:3:1:7468:1208#0/1	unmapped				0
ILLUMINA-075005_0053_FC:3:1:7622:1206#0/1	unique	4344352	-	0	1
ILLUMINA-075005_0053_FC:3:1:7798:1209#0/1	unmapped				0
ILLUMINA-075005_0053_FC:3:1:7928:1201#0/1	unmapped				0
ILLUMINA-075005_0053_FC:3:1:8285:1203#0/1	unmapped				0
ILLUMINA-075005_0053_FC:3:1:8305:1205#0/1	unmapped				0
ILLUMINA-075005_0053_FC:3:1:8395:1202#0/1	unmapped				0
ILLUMINA-075005_0053_FC:3:1:8551:1204#0/1	unmapped				0
ILLUMINA-075005_0053_FC:3:1:8681:1211#0/1	unmapped				0
ILLUMINA-075005_0053_FC:3:1:8836:1202#0/1	unmapped				0
ILLUMINA-075005_0053_FC:3:1:8884:1201#0/1	unmapped				0
ILLUMINA-075005_0053_FC:3:1:8909:1207#0/1	unmapped				0
ILLUMINA-075005_0053_FC:3:1:8990:1204#0/1	unmapped				0
ILLUMINA-075005_0053_FC:3:1:9145:1209#0/1	unmapped				0
ILLUMINA-075005_0053_FC:3:1:9245:1210#0/1	unmapped				0
ILLUMINA-075005_0053_FC:3:1:9592:1205#0/1	unmapped				0
ILLUMINA-075005_0053_FC:3:1:9628:1205#0/1	unmapped				0
ILLUMINA-075005_0053_FC:3:1:9810:1207#0/1	unmapped				0
ILLUMINA-075005_0053_FC:3:1:10001:1204#0/1	unmapped				0
ILLUMINA-075005_0053_FC:3:1:10043:1205#0/1	unmapped				0
ILLUMINA-075005_0053_FC:3:1:10233:1205#0/1	unmapped				0
ILLUMINA-075005_0053_FC:3:1:10352:1207#0/1	unmapped				0
ILLUMINA-075005_0053_FC:3:1:10653:1209#0/1	unmapped				0
ILLUMINA-075005_0053_FC:3:1:10825:1203#0/1	unmapped				0
ILLUMINA-075005_0053_FC:3:1:10888:1207#0/1	unmapped				0
ILLUMINA-075005_0053_FC:3:1:11033:1210#0/1	unique	13921204	+	0	1
ILLUMINA-075005_0053_FC:3:1:11066:1210#0/1	unmapped				0
ILLUMINA-075005_0053_FC:3:1:11401:1208#0/1	unmapped				0
ILLUMINA-075005_0053_FC:3:1:11790:1203#0/1	unmapped				0
ILLUMINA-075005_0053_FC:3:1:11907:1212#0/1	unmapped				0
ILLUMINA-075005_0053_FC:3:1:11930:1205#0/1	unmapped				0
ILLUMINA-075005_0053_FC:3:1:12170:1211#0/1	unmapped				0
ILLUMINA-075005_0053_FC:3:1:12570:1209#0/1	unmapped				0
ILLUMINA-075005_0053_FC:3:1:12698:1202#0/1	unique	16782799	-	2	1
ILLUMINA-075005_0053_FC:3:1:12864:1207#0/1	unmapped				0
ILLUMINA-075005_0053_FC:3:1:13057:1200#0/1	unmapped				0
ILLUMINA-075005_0053_FC:3:1:13172:1201#0/1	unmapped				0
ILLUMINA-075005_0053_FC:3:1:13206:1207#0/1	unique	13933097	+	0	1
ILLUMINA-075005_0053_FC:3:1:13735:1208#0/1	unmapped				0
ILLUMINA-075005_0053_FC:3:1:13919:1204#0/1	unmapped				0
ILLUMINA-075005_0053_FC:3:1:14211:1201#0/1	unmapped				0
ILLUMINA-075005_0053_FC:3:1:14519:1210#0/1	unmapped				0
ILLUMINA-075005_0053_FC:3:1:14629:1203#0/1	unmapped				0
ILLUMINA-075005_0053_FC:3:1:14653:1208#0/1	unmapped				0
ILLUMINA-075005_0053_FC:3:1:14930:1211#0/1	unmapped				0
ILLUMINA-075005_0053_FC:3:1:15012:1203#0/1	unmapped				0
ILLUMINA-075005_0053_FC:3:1:15137:1211#0/1	unmapped				0
ILLUMINA-075005_0053_FC:3:1:15256:1210#0/1	unmapped				0
ILLUMINA-075005_0053_FC:3:1:15529:1205#0/1	unmapped				0
ILLUMINA-075005_0053_FC:3:1:15681:1210#0/1	unique	1726100	+	0	1
ILLUMINA-075005_0053_FC:3:1:15726:1207#0/1	unmapped				0
ILLUMINA-075005_0053_FC:3:1:15754:1207#0/1	unmapped				0
ILLUMINA-075005_0053_FC:3:1:15969:1206#0/1	unique	10975932	+	0	1
ILLUMINA-075005_0053_FC:3:1:16062:1209#0/1	unmapped				0
ILLUMINA-075005_0053_FC:3:1:16189:1208#0/1	unmapped				0
ILLUMINA-075005_0053_FC:3:1:16226:1203#0/1	unmapped				0
ILLUMINA-075005_0053_FC:3:1:16346:1211#0/1	unique	3481535	+	0	1
ILLUMINA-075005_0053_FC:3:1:16712:1202#0/1	unmapped				0
ILLUMINA-075005_0053_FC:3:1:16917:1209#0/1	unmapped				0
ILLUMINA-075005_0053_FC:3:1:16959:1209#0/1	unmapped				0
ILLUMINA-075005_0053_FC:3:1:17003:1201#0/1	unmapped				0
ILLUMINA-075005_0053_FC:3:1:17181:1202#0/1	unique	21679068	+	2	1
ILLUMINA-075005_0053_FC:3:1:17415:1207#0/1	unmapped				0
ILLUMINA-075005_0053_FC:3:1:17452:1201#0/1	unmapped				0
ILLUMINA-075005_0053_FC:3:1:17523:1205#0/1	unmapped				0
ILLUMINA-075005_0053_FC:3:1:17544:1201#0/1	unmapped				0
ILLUMINA-075005_0053_FC:3:1:17792:1202#0/1	unmapped				0
ILLUMINA-075005_0053_FC:3:1:18164:1211#0/1	unmapped				0
ILLUMINA-075005_0053_FC:3:1:18571:1203#0/1	unmapped				0
ILLUMINA-075005_0053_FC:3:1:18769:1205#0/1	unique	22247547	+	0	1
ILLUMINA-075005_0053_FC:3:1:18801:1208#0/1	unmapped				0
ILLUMINA-075005_0053_FC:3:1:19050:1210#0/1	unmapped				0
ILLUMINA-075005_0053_FC:3:1:19188:1202#0/1	unmapped				0
ILLUMINA-075005_0053_FC:3:1:1377:1221#0/1	unique	21679161	+	1	1
ILLUMINA-075005_0053_FC:3:1:1507:1215#0/1	unmapped				0
ILLUMINA-075005_0053_FC:3:1:1638:1219#0/1	unmapped				0
ILLUMINA-075005_0053_FC:3:1:1762:1218#0/1	unmapped				0
ILLUMINA-075005_0053_FC:3:1:1929:1218#0/1	unmapped				0
ILLUMINA-075005_0053_FC:3:1:2219:1219#0/1	unmapped				0
ILLUMINA-075005_0053_FC:3:1:2353:1214#0/1	unmapped				0
ILLUMINA-075005_0053_FC:3:1:2383:1218#0/1	unmapped				0
ILLUMINA-075005_0053_FC:3:1:2455:1223#0/1	unmapped				0
ILLUMINA-075005_0053_FC:3:1:3475:1213#0/1	unmapped				0
ILLUMINA-075005_0053_FC:3:1:3494:1216#0/1	unmapped				0
ILLUMINA-075005_0053_FC:3:1:3512:1214#0/1	unmapped				0
ILLUMINA-075005_0053_FC:3:1:3802:1219#0/1	unmapped				0
ILLUMINA-075005_0053_FC:3:1:4049:1212#0/1	unmapped				0
ILLUMINA-075005_0053_FC:3:1:4144:1213#0/1	unmapped				0
ILLUMINA-075005_0053_FC:3:1:4206:1214#0/1	unmapped				0
ILLUMINA-075005_0053_FC:3:1:4284:1219#0/1	unmapped				0
ILLUMINA-075005_0053_FC:3:1:4549:1223#0/1	unique	1726140	+	1	1
ILLUMINA-075005_0053_FC:3:1:5050:1223#0/1	unmapped				0
ILLUMINA-075005_0053_FC:3:1:5382:1216#0/1	unmapped				0
ILLUMINA-075005_0053_FC:3:1:5534:1214#0/1	unmapped				0
ILLUMINA-075005_0053_FC:3:1:5596:1223#0/1	unique	16788659	-	0	1
ILLUMINA-075005_0053_FC:3:1:6042:1212#0/1	unmapped				0
ILLUMINA-075005_0053_FC:3:1:6292:1215#0/1	unique	9234584	-	3	1
ILLUMINA-075005_0053_FC:3:1:6918:1216#0/1	unmapped				0
ILLUMINA-075005_0053_FC:3:1:7021:1216#0/1	unmapped				0
ILLUMINA-075005_0053_FC:3:1:7149:1218#0/1	unmapped				0
ILLUMINA-075005_0053_FC:3:1:7772:1212#0/1	unmapped				0
ILLUMINA-075005_0053_FC:3:1:8049:1212#0/1	unmapped				0
ILLUMINA-075005_0053_FC:3:1:8447:1217#0/1	unmapped				0
ILLUMINA-075005_0053_FC:3:1:8503:1217#0/1	unmapped				0
ILLUMINA-075005_0053_FC:3:1:8699:1216#0/1	unmapped				0
ILLUMINA-075005_0053_FC:3:1:8754:1221#0/1	unmapped				0
ILLUMINA-075005_0053_FC:3:1:9380:1219#0/1	unmapped				0
ILLUMINA-075005_0053_FC:3:1:9414:1214#0/1	unmapped				0
ILLUMINA-075005_0053_FC:3:1:9613:1222#0/1	unique	3780482	-	1	1
ILLUMINA-075005_0053_FC:3:1:9645:1214#0/1	unmapped				0
ILLUMINA-075005_0053_FC:3:1:9703:1213#0/1	unmapped				0
ILLUMINA-075005_0053_FC:3:1:10605:1221#0/1	unmapped				0
ILLUMINA-075005_0053_FC:3:1:10685:1217#0/1	unmapped				0
ILLUMINA-075005_0053_FC:3:1:10900:1221#0/1	unmapped				0
ILLUMINA-075005_0053_FC:3:1:10934:1213#0/1	unmapped				0
ILLUMINA-075005_0053_FC:3:1:10997:1213#0/1	unmapped				0
ILLUMINA-075005_0053_FC:3:1:11212:1214#0/1	unmapped				0
ILLUMINA-075005_0053_FC:3:1:11616:1218#0/1	unique	13932810	+	1	1
ILLUMINA-075005_0053_FC:3:1:11665:1223#0/1	unmapped				0
ILLUMINA-075005_0053_FC:3:1:11709:1223#0/1	unmapped				0
ILLUMINA-075005_0053_FC:3:1:12004:1212#0/1	unmapped				0
ILLUMINA-075005_0053_FC:3:1:12417:1217#0/1	unmapped				0
ILLUMINA-075005_0053_FC:3:1:12593:1223#0/1	unmapped				0
ILLUMINA-075005_0053_FC:3:1:12746:1213#0/1	unique	5051306	+	1	1
ILLUMINA-075005_0053_FC:3:1:12803:1214#0/1	unmapped				0
ILLUMINA-075005_0053_FC:3:1:12845:1213#0/1	unique	9573577	+	0	1
ILLUMINA-075005_0053_FC:3:1:13246:1215#0/1	unmapped				0
ILLUMINA-075005_0053_FC:3:1:13473:1220#0/1	unmapped				0
ILLUMINA-075005_0053_FC:3:1:13643:1213#0/1	unmapped				0
ILLUMINA-075005_0053_FC:3:1:13671:1223#0/1	unmapped				0
ILLUMINA-075005_0053_FC:3:1:13744:1223#0/1	unmapped				0
ILLUMINA-075005_0053_FC:3:1:13842:1219#0/1	unmapped				0
ILLUMINA-075005_0053_FC:3:1:13872:1217#0/1	unmapped				0
ILLUMINA-075005_0053_FC:3:1:14154:1223#0/1	unique	13921023	+	0	1
ILLUMINA-075005_0053_FC:3:1:14195:1220#0/1	unmapped				0
ILLUMINA-075005_0053_FC:3:1:14275:1213#0/1	unique	16781105	-	1	1
ILLUMINA-075005_0053_FC:3:1:14360:1219#0/1	unmapped				0
ILLUMINA-075005_0053_FC:3:1:14679:1218#0/1	unmapped				0
ILLUMINA-075005_0053_FC:3:1:14804:1216#0/1	unmapped				0
ILLUMINA-075005_0053_FC:3:1:15115:1216#0/1	unmapped				0
ILLUMINA-075005_0053_FC:3:1:15453:1221#0/1	unmapped				0
ILLUMINA-075005_0053_FC:3:1:15504:1215#0/1	unmapped				0
ILLUMINA-075005_0053_FC:3:1:15805:1217#0/1	unique	4994875	+	0	1
ILLUMINA-075005_0053_FC:3:1:15834:1217#0/1	unmapped				0
ILLUMINA-075005_0053_FC:3:1:15989:1216#0/1	unmapped				0
ILLUMINA-075005_0053_FC:3:1:16204:1220#0/1	unmapped				0
ILLUMINA-075005_0053_FC:3:1:16387:1213#0/1	unmapped				0
ILLUMINA-075005_0053_FC:3:1:16737:1217#0/1	unmapped				0
ILLUMINA-075005_0053_FC:3:1:16868:1213#0/1	unmapped				0
ILLUMINA-075005_0053_FC:3:1:17200:1222#0/1	unmapped				0
ILLUMINA-075005_0053_FC:3:1:17238:1212#0/1	unmapped				0
ILLUMINA-075005_0053_FC:3:1:17258:1214#0/1	unmapped				0
ILLUMINA-075005_0053_FC:3:1:17445:1220#0/1	unmapped				0
ILLUMINA-075005_0053_FC:3:1:17777:1212#0/1	unmapped				0
ILLUMINA-075005_0053_FC:3:1:17959:1217#0/1	unmapped				0
ILLUMINA-075005_0053_FC:3:1:18105:1222#0/1	unmapped				0
ILLUMINA-075005_0053_FC:3:1:18223:1220#0/1	unmapped				0
ILLUMINA-075005_0053_FC:3:1:18312:1222#0/1	unmapped				0
ILLUMINA-075005_0053_FC:3:1:18908:1214#0/1	unmapped				0
ILLUMINA-075005_0053_FC:3:1:19166:1223#0/1	unmapped				0
ILLUMINA-075005_0053_FC:3:1:1076:1229#0/1	unique	7206418	+	1	1
ILLUMINA-075005_0053_FC:3:1:1190:1226#0/1	unmapped				0
ILLUMINA-075005_0053_FC:3:1:1495:1234#0/1	unmapped				0
ILLUMINA-075005_0053_FC:3:1:1888:1230#0/1	unmapped				0
ILLUMINA-075005_0053_FC:3:1:1951:1229#0/1	unmapped				0
ILLUMINA-075005_0053_FC:3:1:2091:1223#0/1	unique	16780739	-	1	1
ILLUMINA-075005_0053_FC:3:1:2298:1229#0/1	unmapped				0
ILLUMINA-075005_0053_FC:3:1:2429:1228#0/1	unmapped				0
ILLUMINA-075005_0053_FC:3:1:2549:1224#0/1	unmapped				0
ILLUMINA-075005_0053_FC:3:1:2985:1232#0/1	unmapped				0
ILLUMINA-075005_0053_FC:3:1:3254:1232#0/1	unmapped				0
ILLUMINA-075005_0053_FC:3:1:3311:1229#0/1	unmapped				0
ILLUMINA-075005_0053_FC:3:1:3481:1233#0/1	unmapped				0
ILLUMINA-075005_0053_FC:3:1:3588:1234#0/1	unmapped				0
ILLUMINA-075005_0053_FC:3:1:3868:1224#0/1	unmapped				0
ILLUMINA-075005_0053_FC:3:1:3932:1231#0/1	unique	16774623	-	0	1
ILLUMINA-075005_0053_FC:3:1:3955:1227#0/1	unmapped				0
ILLUMINA-075005_0053_FC:3:1:4031:1230#0/1	unmapped				0
ILLUMINA-075005_0053_FC:3:1:4051:1233#0/1	unmapped				0
ILLUMINA-075005_0053_FC:3:1:4474:1227#0/1	unmapped				0
ILLUMINA-075005_0053_FC:3:1:5009:1234#0/1	unmapped				0
ILLUMINA-075005_0053_FC:3:1:5029:1228#0/1	unmapped				0
ILLUMINA-075005_0053_FC:3:1:5170:1226#0/1	unmapped				0
ILLUMINA-075005_0053_FC:3:1:5223:1228#0/1	unmapped				0
ILLUMINA-075005_0053_FC:3:1:5284:1233#0/1	unmapped				0
ILLUMINA-075005_0053_FC:3:1:5664:1224#0/1	unmapped				0
ILLUMINA-075005_0053_FC:3:1:5683:1228#0/1	unmapped				0
ILLUMINA-075005_0053_FC:3:1:5989:1231#0/1	unmapped				0
ILLUMINA-075005_0053_FC:3:1:6246:1235#0/1	unmapped				0
ILLUMINA-075005_0053_FC:3:1:6504:1229#0/1	unmapped				0
ILLUMINA-075005_0053_FC:3:1:6741:1231#0/1	unique	1711190	-	1	1
ILLUMINA-075005_0053_FC:3:1:6805:1234#0/1	unmapped				0
ILLUMINA-075005_0053_FC:3:1:6856:1234#0/1	unmapped				0
ILLUMINA-075005_0053_FC:3:1:6903:1233#0/1	unmapped				0
ILLUMINA-075005_0053_FC:3:1:6971:1228#0/1	unmapped				0
ILLUMINA-075005_0053_FC:3:1:7418:1228#0/1	unmapped				0
ILLUMINA-075005_0053_FC:3:1:7656:1225#0/1	unmapped				0
ILLUMINA-075005_0053_FC:3:1:8078:1230#0/1	unmapped				0
ILLUMINA-075005_0053_FC:3:1:8425:1231#0/1	unmapped				0
ILLUMINA-075005_0053_FC:3:1:8601:1229#0/1	unmapped				0
ILLUMINA-075005_0053_FC:3:1:8719:1228#0/1	unmapped				0
ILLUMINA-075005_0053_FC:3:1:9134:1232#0/1	unmapped				0
ILLUMINA-075005_0053_FC:3:1:9231:1234#0/1	unmapped				0
ILLUMINA-075005_0053_FC:3:1:9423:1234#0/1	unmapped				0
ILLUMINA-075005_0053_FC:3:1:9572:1226#0/1	unmapped				0
ILLUMINA-075005_0053_FC:3:1:9776:1234#0/1	unmapped				0
ILLUMINA-075005_0053_FC:3:1:9795:1231#0/1	unique	13933326	+	2	1
ILLUMINA-075005_0053_FC:3:1:9949:1225#0/1	unmapped				0
ILLUMINA-075005_0053_FC:3:1:10669:1229#0/1	unmapped				0
ILLUMINA-075005_0053_FC:3:1:10748:1227#0/1	unmapped				0
ILLUMINA-075005_0053_FC:3:1:11051:1227#0/1	unmapped				0
ILLUMINA-075005_0053_FC:3:1:11278:1230#0/1	unmapped				0
ILLUMINA-075005_0053_FC:3:1:11478:1226#0/1	unmapped				0
ILLUMINA-075005_0053_FC:3:1:11516:1226#0/1	unique	9549453	+	0	1
ILLUMINA-075005_0053_FC:3:1:12061:1229#0/1	unmapped				0
ILLUMINA-075005_0053_FC:3:1:12084:1232#0/1	unmapped				0
ILLUMINA-075005_0053_FC:3:1:12391:1230#0/1	unmapped				0
ILLUMINA-075005_0053_FC:3:1:12563:1226#0/1	unmapped				0
ILLUMINA-075005_0053_FC:3:1:13456:1227#0/1	unmapped				0
ILLUMINA-075005_0053_FC:3:1:13857:1228#0/1	unmapped				0
ILLUMINA-075005_0053_FC:3:1:13974:1228#0/1	unmapped				0
ILLUMINA-075005_0053_FC:3:1:14174:1224#0/1	unmapped				0
ILLUMINA-075005_0053_FC:3:1:14334:1234#0/1	unmapped				0
ILLUMINA-075005_0053_FC:3:1:14632:1224#0/1	unique	10303598	+	0	1
ILLUMINA-075005_0053_FC:3:1:14725:1233#0/1	unmapped				0
ILLUMINA-075005_0053_FC:3:1:14775:1229#0/1	unmapped				0
ILLUMINA-075005_0053_FC:3:1:14843:1225#0/1	unique	14165981	+	1	1
ILLUMINA-075005_0053_FC:3:1:15387:1226#0/1	unmapped				0
ILLUMINA-075005_0053_FC:3:1:15847:1231#0/1	unique	21727417	-	2	1
ILLUMINA-075005_0053_FC:3:1:16035:1226#0/1	unmapped				0
ILLUMINA-075005_0053_FC:3:1:16114:1224#0/1	unmapped				0
ILLUMINA-075005_0053_FC:3:1:16129:1233#0/1	unmapped				0
ILLUMINA-075005_0053_FC:3:1:16292:1231#0/1	unmapped				0
ILLUMINA-075005_0053_FC:3:1:16601:1226#0/1	unmapped				0
ILLUMINA-075005_0053_FC:3:1:16668:1235#0/1	unmapped				0
ILLUMINA-075005_0053_FC:3:1:16759:1226#0/1	unmapped				0
ILLUMINA-075005_0053_FC:3:1:17103:1232#0/1	unmapped				0
ILLUMINA-075005_0053_FC:3:1:17352:1233#0/1	unique	19049935	+	1	1
ILLUMINA-075005_0053_FC:3:1:17428:1226#0/1	unmapped				0
ILLUMINA-075005_0053_FC:3:1:17499:1231#0/1	unmapped				0
ILLUMINA-075005_0053_FC:3:1:18649:1224#0/1	unmapped				0
ILLUMINA-075005_0053_FC:3:1:18730:1228#0/1	unmapped				0
ILLUMINA-075005_0053_FC:3:1:18911:1232#0/1	unmapped				0
ILLUMINA-075005_0053_FC:3:1:19025:1234#0/1	unmapped				0
ILLUMINA-075005_0053_FC:3:1:19213:1235#0/1	unmapped				0
ILLUMINA-075005_0053_FC:3:1:1120:1239#0/1	unmapped				0
ILLUMINA-075005_0053_FC:3:1:1244:1245#0/1	unmapped				0
ILLUMINA-075005_0053_FC:3:1:1388:1238#0/1	unmapped				0
ILLUMINA-075005_0053_FC:3:1:1531:1241#0/1	unmapped				0
ILLUMINA-075005_0053_FC:3:1:1829:1240#0/1	unique	1613281	+	1	1
ILLUMINA-075005_0053_FC:3:1:2034:1239#0/1	unmapped				0
ILLUMINA-075005_0053_FC:3:1:2108:1236#0/1	unmapped				0
ILLUMINA-075005_0053_FC:3:1:2253:1241#0/1	unmapped				0
ILLUMINA-075005_0053_FC:3:1:2275:1238#0/1	unmapped				0
ILLUMINA-075005_0053_FC:3:1:2373:1243#0/1	unique	7744493	+	0	1
ILLUMINA-075005_0053_FC:3:1:2747:1243#0/1	unmapped				0
ILLUMINA-075005_0053_FC:3:1:3444:1241#0/1	unmapped				0
ILLUMINA-075005_0053_FC:3:1:3619:1247#0/1	unmapped				0
ILLUMINA-075005_0053_FC:3:1:4102:1241#0/1	unmapped				0
ILLUMINA-075005_0053_FC:3:1:4186:1245#0/1	unmapped				0
ILLUMINA-075005_0053_FC:3:1:4251:1237#0/1	unmapped				0
ILLUMINA-075005_0053_FC:3:1:4372:1236#0/1	unmapped				0
ILLUMINA-075005_0053_FC:3:1:4457:1246#0/1	unmapped				0
ILLUMINA-075005_0053_FC:3:1:4633:1240#0/1	unmapped				0
ILLUMINA-075005_0053_FC:3:1:4860:1243#0/1	unmapped				0
ILLUMINA-075005_0053_FC:3:1:5348:1242#0/1	unmapped				0
ILLUMINA-075005_0053_FC:3:1:5407:1241#0/1	unmapped				0
ILLUMINA-075005_0053_FC:3:1:5537:1238#0/1	unmapped				0
ILLUMINA-075005_0053_FC:3:1:5769:1242#0/1	unmapped				0
ILLUMINA-075005_0053_FC:3:1:5825:1236#0/1	unique	561031	+	0	1
ILLUMINA-075005_0053_FC:3:1:6098:1241#0/1	unmapped				0
ILLUMINA-075005_0053_FC:3:1:6133:1240#0/1	unmapped				0
ILLUMINA-075005_0053_FC:3:1:6266:1236#0/1	unmapped				0
ILLUMINA-075005_0053_FC:3:1:6435:1238#0/1	unique	6937238	+	3	1
ILLUMINA-075005_0053_FC:3:1:7000:1235#0/1	unique	13945298	+	0	1
ILLUMINA-075005_0053_FC:3:1:7034:1239#0/1	unique	10771107	-	0	1
ILLUMINA-075005_0053_FC:3:1:7076:1246#0/1	unique	561004	+	0	1
ILLUMINA-075005_0053_FC:3:1:7166:1237#0/1	unmapped				0
ILLUMINA-075005_0053_FC:3:1:7186:1237#0/1	unmapped				0
ILLUMINA-075005_0053_FC:3:1:7262:1245#0/1	unmapped				0
ILLUMINA-075005_0053_FC:3:1:7427:1246#0/1	unique	19008432	+	1	1
ILLUMINA-075005_0053_FC:3:1:7607:1240#0/1	unmapped				0
ILLUMINA-075005_0053_FC:3:1:7877:1240#0/1	unmapped				0
ILLUMINA-075005_0053_FC:3:1:7986:1236#0/1	unique	10847806	+	1	1
ILLUMINA-075005_0053_FC:3:1:8089:1244#0/1	unique	21679045	+	1	1
ILLUMINA-075005_0053_FC:3:1:8220:1243#0/1	unmapped				0
ILLUMINA-075005_0053_FC:3:1:8408:1236#0/1	unmapped				0
ILLUMINA-075005_0053_FC:3:1:8481:1240#0/1	unmapped				0
ILLUMINA-075005_0053_FC:3:1:8739:1245#0/1	unmapped				0
ILLUMINA-075005_0053_FC:3:1:8801:1244#0/1	unmapped				0
ILLUMINA-075005_0053_FC:3:1:8849:1239#0/1	unmapped				0
ILLUMINA-075005_0053_FC:3:1:8987:1244#0/1	unmapped				0
ILLUMINA-075005_0053_FC:3:1:9025:1243#0/1	unmapped				0
ILLUMINA-075005_0053_FC:3:1:9306:1237#0/1	unique	12105529	-	0	1
ILLUMINA-075005_0053_FC:3:1:9663:1239#0/1	unmapped				0
ILLUMINA-075005_0053_FC:3:1:9701:1244#0/1	unique	18988220	-	0	1
ILLUMINA-075005_0053_FC:3:1:10026:1236#0/1	unmapped				0
ILLUMINA-075005_0053_FC:3:1:10242:1244#0/1	unmapped				0
ILLUMINA-075005_0053_FC:3:1:10263:1246#0/1	unique	13945533	+	0	1
ILLUMINA-075005_0053_FC:3:1:10281:1241#0/1	unique	10410305	-	0	1
ILLUMINA-075005_0053_FC:3:1:10622:1246#0/1	unmapped				0
ILLUMINA-075005_0053_FC:3:1:11026:1244#0/1	unmapped				0
ILLUMINA-075005_0053_FC:3:1:11180:1239#0/1	unmapped				0
ILLUMINA-075005_0053_FC:3:1:11212:1240#0/1	unique	10848070	+	1	1
ILLUMINA-075005_0053_FC:3:1:11293:1238#0/1	unique	10848386	+	1	1
ILLUMINA-075005_0053_FC:3:1:11434:1237#0/1	unmapped				0
ILLUMINA-075005_0053_FC:3:1:12002:1240#0/1	unmapped				0
ILLUMINA-075005_0053_FC:3:1:12118:1236#0/1	unmapped				0
ILLUMINA-075005_0053_FC:3:1:12272:1246#0/1	unmapped				0
ILLUMINA-075005_0053_FC:3:1:12293:1241#0/1	unmapped				0
ILLUMINA-075005_0053_FC:3:1:12409:1237#0/1	unmapped				0
ILLUMINA-075005_0053_FC:3:1:12495:1240#0/1	unique	12106635	-	0	1
ILLUMINA-075005_0053_FC:3:1:12675:1246#0/1	unmapped				0
ILLUMINA-075005_0053_FC:3:1:12763:1243#0/1	unmapped				0
ILLUMINA-075005_0053_FC:3:1:13785:1243#0/1	unmapped				0
ILLUMINA-075005_0053_FC:3:1:13806:1241#0/1	unmapped				0
ILLUMINA-075005_0053_FC:3:1:13931:1240#0/1	unmapped				0
ILLUMINA-075005_0053_FC:3:1:14027:1237#0/1	unmapped				0
ILLUMINA-075005_0053_FC:3:1:14218:1240#0/1	unmapped				0
ILLUMINA-075005_0053_FC:3:1:14510:1241#0/1	unmapped				0
ILLUMINA-075005_0053_FC:3:1:14533:1244#0/1	unmapped				0
ILLUMINA-075005_0053_FC:3:1:14679:1238#0/1	unmapped				0
ILLUMINA-075005_0053_FC:3:1:14899:1236#0/1	unmapped				0
ILLUMINA-075005_0053_FC:3:1:15412:1242#0/1	unmapped				0
ILLUMINA-075005_0053_FC:3:1:15697:1243#0/1	unmapped				0
ILLUMINA-075005_0053_FC:3:1:15796:1241#0/1	unmapped				0
ILLUMINA-075005_0053_FC:3:1:15987:1241#0/1	unmapped				0
ILLUMINA-075005_0053_FC:3:1:16053:1241#0/1	unique	5327768	-	1	1
ILLUMINA-075005_0053_FC:3:1:16442:1238#0/1	unmapped				0
ILLUMINA-075005_0053_FC:3:1:16617:1246#0/1	unmapped				0
ILLUMINA-075005_0053_FC:3:1:16756:1245#0/1	unmapped				0
ILLUMINA-075005_0053_FC:3:1:16809:1245#0/1	unmapped				0
ILLUMINA-075005_0053_FC:3:1:17062:1240#0/1	unmapped				0
ILLUMINA-075005_0053_FC:3:1:18574:1244#0/1	unmapped				0
ILLUMINA-075005_0053_FC:3:1:18603:1240#0/1	unmapped				0
ILLUMINA-075005_0053_FC:3:1:18626:1235#0/1	unmapped				0
ILLUMINA-075005_0053_FC:3:1:18828:1244#0/1	unmapped				0
ILLUMINA-075005_0053_FC:3:1:19045:1236#0/1	unmapped				0
ILLUMINA-075005_0053_FC:3:1:19083:1239#0/1	unmapped				0
ILLUMINA-075005_0053_FC:3:1:19144:1247#0/1	unmapped				0
ILLUMINA-075005_0053_FC:3:1:1105:1255#0/1	unmapped				0
ILLUMINA-075005_0053_FC:3:1:1195:1251#0/1	unmapped				0
ILLUMINA-075005_0053_FC:3:1:1427:1249#0/1	unmapped				0
ILLUMINA-075005_0053_FC:3:1:1792:1250#0/1	unmapped				0
ILLUMINA-075005_0053_FC:3:1:1962:1257#0/1	unmapped				0
ILLUMINA-075005_0053_FC:3:1:2305:1257#0/1	unmapped				0
ILLUMINA-075005_0053_FC:3:1:2414:1247#0/1	unmapped				0
ILLUMINA-075005_0053_FC:3:1:2568:1253#0/1	unmapped				0
ILLUMINA-075005_0053_FC:3:1:3009:1247#0/1	unmapped				0
ILLUMINA-075005_0053_FC:3:1:3074:1250#0/1	unmapped				0
ILLUMINA-075005_0053_FC:3:1:3115:1252#0/1	unmapped				0
ILLUMINA-075005_0053_FC:3:1:3248:1249#0/1	unmapped				0
ILLUMINA-075005_0053_FC:3:1:3301:1256#0/1	unmapped				0
ILLUMINA-075005_0053_FC:3:1:3491:1258#0/1	unique	19959407	-	0	1
ILLUMINA-075005_0053_FC:3:1:3657:1258#0/1	unmapped				0
ILLUMINA-075005_0053_FC:3:1:3944:1250#0/1	unmapped				0
ILLUMINA-075005_0053_FC:3:1:3979:1255#0/1	unique	1725672	+	0	1
ILLUMINA-075005_0053_FC:3:1:4171:1257#0/1	unmapped				0
ILLUMINA-075005_0053_FC:3:1:4232:1251#0/1	unmapped				0
ILLUMINA-075005_0053_FC:3:1:4370:1256#0/1	unique	13933620	+	0	1
ILLUMINA-075005_0053_FC:3:1:4664:1247#0/1	unmapped				0
ILLUMINA-075005_0053_FC:3:1:4809:1251#0/1	unmapped				0
ILLUMINA-075005_0053_FC:3:1:5225:1247#0/1	unmapped				0
ILLUMINA-075005_0053_FC:3:1:5422:1254#0/1	unmapped				0
ILLUMINA-075005_0053_FC:3:1:5717:1250#0/1	unmapped				0
ILLUMINA-075005_0053_FC:3:1:5902:1253#0/1	unmapped				0
ILLUMINA-075005_0053_FC:3:1:6091:1258#0/1	unique	21725228	-	0	1
ILLUMINA-075005_0053_FC:3:1:6159:1256#0/1	unmapped				0
ILLUMINA-075005_0053_FC:3:1:6455:1256#0/1	unmapped				0
ILLUMINA-075005_0053_FC:3:1:6751:1254#0/1	unmapped				0
ILLUMINA-075005_0053_FC:3:1:6774:1256#0/1	unmapped				0
ILLUMINA-075005_0053_FC:3:1:6863:1259#0/1	unmapped				0
ILLUMINA-075005_0053_FC:3:1:6881:1258#0/1	unmapped				0
ILLUMINA-075005_0053_FC:3:1:6955:1256#0/1	unmapped				0
ILLUMINA-075005_0053_FC:3:1:7025:1257#0/1	unmapped				0
ILLUMINA-075005_0053_FC:3:1:7304:1249#0/1	unique	7818332	-	3	1
ILLUMINA-075005_0053_FC:3:1:7406:1253#0/1	unmapped				0
ILLUMINA-075005_0053_FC:3:1:7503:1256#0/1	unmapped				0
ILLUMINA-075005_0053_FC:3:1:7705:1248#0/1	unmapped				0
ILLUMINA-075005_0053_FC:3:1:7751:1249#0/1	unique	4228432	-	0	1
ILLUMINA-075005_0053_FC:3:1:8041:1258#0/1	unmapped				0
ILLUMINA-075005_0053_FC:3:1:8155:1256#0/1	unmapped				0
ILLUMINA-075005_0053_FC:3:1:8287:1251#0/1	unique	13394184	+	0	1
ILLUMINA-075005_0053_FC:3:1:8545:1257#0/1	unmapped				0
ILLUMINA-075005_0053_FC:3:1:8835:1256#0/1	unique	6978214	+	0	1
ILLUMINA-075005_0053_FC:3:1:9188:1251#0/1	unmapped				0
ILLUMINA-075005_0053_FC:3:1:9224:1258#0/1	unmapped				0
ILLUMINA-075005_0053_FC:3:1:9400:1252#0/1	unmapped				0
ILLUMINA-075005_0053_FC:3:1:9524:1254#0/1	unique	9896309	+	0	1
ILLUMINA-075005_0053_FC:3:1:9784:1258#0/1	unmapped				0
ILLUMINA-075005_0053_FC:3:1:9903:1254#0/1	unique	18715965	+	0	1
ILLUMINA-075005_0053_FC:3:1:10084:1250#0/1	unique	9390641	-	0	1
ILLUMINA-075005_0053_FC:3:1:10346:1251#0/1	unmapped				0
ILLUMINA-075005_0053_FC:3:1:10561:1251#0/1	unmapped				0
ILLUMINA-075005_0053_FC:3:1:10693:1251#0/1	unmapped				0
ILLUMINA-075005_0053_FC:3:1:10822:1249#0/1	unmapped				0
ILLUMINA-075005_0053_FC:3:1:10952:1247#0/1	unmapped				0
ILLUMINA-075005_0053_FC:3:1:11061:1255#0/1	unmapped				0
ILLUMINA-075005_0053_FC:3:1:11092:1247#0/1	unmapped				0
ILLUMINA-075005_0053_FC:3:1:11417:1250#0/1	unmapped				0
ILLUMINA-075005_0053_FC:3:1:11439:1257#0/1	unmapped				0
ILLUMINA-075005_0053_FC:3:1:11478:1249#0/1	unmapped				0
ILLUMINA-075005_0053_FC:3:1:11826:1258#0/1	unmapped				0
ILLUMINA-075005_0053_FC:3:1:12181:1250#0/1	unmapped				0
ILLUMINA-075005_0053_FC:3:1:12369:1250#0/1	unmapped				0
ILLUMINA-075005_0053_FC:3:1:12478:1253#0/1	unmapped				0
ILLUMINA-075005_0053_FC:3:1:12734:1257#0/1	unmapped				0
ILLUMINA-075005_0053_FC:3:1:12810:1256#0/1	unmapped				0
ILLUMINA-075005_0053_FC:3:1:12973:1250#0/1	unique	8161798	+	1	1
ILLUMINA-075005_0053_FC:3:1:13146:1249#0/1	unmapped				0
ILLUMINA-075005_0053_FC:3:1:13259:1248#0/1	unmapped				0
ILLUMINA-075005_0053_FC:3:1:13275:1255#0/1	unique	21678809	+	0	1
ILLUMINA-075005_0053_FC:3:1:13449:1254#0/1	unmapped				0
ILLUMINA-075005_0053_FC:3:1:13594:1254#0/1	unmapped				0
ILLUMINA-075005_0053_FC:3:1:14057:1248#0/1	unmapped				0
ILLUMINA-075005_0053_FC:3:1:14116:1255#0/1	unmapped				0
ILLUMINA-075005_0053_FC:3:1:14470:1255#0/1	unmapped				0
ILLUMINA-075005_0053_FC:3:1:14582:1257#0/1	unmapped				0
ILLUMINA-075005_0053_FC:3:1:14680:1258#0/1	unmapped				0
ILLUMINA-075005_0053_FC:3:1:14721:1259#0/1	unmapped				0
ILLUMINA-075005_0053_FC:3:1:15145:1253#0/1	unmapped				0
ILLUMINA-075005_0053_FC:3:1:15719:1247#0/1	unmapped				0
ILLUMINA-075005_0053_FC:3:1:16149:1249#0/1	unmapped				0
ILLUMINA-075005_0053_FC:3:1:16295:1256#0/1	unmapped				0
ILLUMINA-075005_0053_FC:3:1:16331:1247#0/1	unmapped				0
ILLUMINA-075005_0053_FC:3:1:16666:1253#0/1	unmapped				0
ILLUMINA-075005_0053_FC:3:1:16890:1258#0/1	unmapped				0
ILLUMINA-075005_0053_FC:3:1:16991:1256#0/1	unmapped				0
ILLUMINA-075005_0053_FC:3:1:17111:1247#0/1	unmapped				0
ILLUMINA-075005_0053_FC:3:1:17279:1247#0/1	unmapped				0
ILLUMINA-075005_0053_FC:3:1:18184:1250#0/1	unmapped				0
ILLUMINA-075005_0053_FC:3:1:18369:1253#0/1	unmapped				0
ILLUMINA-075005_0053_FC:3:1:18950:1258#0/1	unmapped				0
ILLUMINA-075005_0053_FC:3:1:19068:1253#0/1	unmapped				0
ILLUMINA-075005_0053_FC:3:1:19227:1248#0/1	unmapped				0
ILLUMINA-075005_0053_FC:3:1:19440:1252#0/1	unmapped				0
ILLUMINA-075005_0053_FC:3:1:19639:1249#0/1	unmapped				0
ILLUMINA-075005_0053_FC:3:1:1335:1269#0/1	unmapped				0
ILLUMINA-075005_0053_FC:3:1:1419:1269#0/1	unmapped				0
ILLUMINA-075005_0053_FC:3:1:1542:1265#0/1	unmapped				0
ILLUMINA-075005_0053_FC:3:1:1572:1261#0/1	unmapped				0
ILLUMINA-075005_0053_FC:3:1:1627:1265#0/1	unmapped				0
ILLUMINA-075005_0053_FC:3:1:1770:1267#0/1	unmapped				0
ILLUMINA-075005_0053_FC:3:1:1800:1269#0/1	unmapped				0
ILLUMINA-075005_0053_FC:3:1:1874:1261#0/1	unmapped				0
ILLUMINA-075005_0053_FC:3:1:2186:1260#0/1	unmapped				0
ILLUMINA-075005_0053_FC:3:1:2213:1264#0/1	unmapped				0
ILLUMINA-075005_0053_FC:3:1:2460:1265#0/1	unmapped				0
ILLUMINA-075005_0053_FC:3:1:2752:1268#0/1	unmapped				0
ILLUMINA-075005_0053_FC:3:1:2831:1260#0/1	unmapped				0
ILLUMINA-075005_0053_FC:3:1:3085:1269#0/1	unmapped				0
ILLUMINA-075005_0053_FC:3:1:3207:1267#0/1	unmapped				0
ILLUMINA-075005_0053_FC:3:1:3389:1263#0/1	unique	13933457	+	0	1
ILLUMINA-075005_0053_FC:3:1:3606:1264#0/1	unmapped				0
ILLUMINA-075005_0053_FC:3:1:3833:1264#0/1	unmapped				0
ILLUMINA-075005_0053_FC:3:1:3872:1261#0/1	unmapped				0
ILLUMINA-075005_0053_FC:3:1:3959:1262#0/1	unmapped				0
ILLUMINA-075005_0053_FC:3:1:4347:1268#0/1	unmapped				0
ILLUMINA-075005_0053_FC:3:1:5104:1269#0/1	unmapped				0
ILLUMINA-075005_0053_FC:3:1:5458:1262#0/1	unmapped				0
ILLUMINA-075005_0053_FC:3:1:5522:1264#0/1	unmapped				0
ILLUMINA-075005_0053_FC:3:1:5566:1259#0/1	unmapped				0
ILLUMINA-075005_0053_FC:3:1:5637:1264#0/1	unmapped				0
ILLUMINA-075005_0053_FC:3:1:5778:1268#0/1	unmapped				0
ILLUMINA-075005_0053_FC:3:1:5870:1259#0/1	unmapped				0
ILLUMINA-075005_0053_FC:3:1:5937:1269#0/1	unmapped				0
ILLUMINA-075005_0053_FC:3:1:6410:1259#0/1	unique	1607059	-	0	1
ILLUMINA-075005_0053_FC:3:1:6580:1263#0/1	unmapped				0
ILLUMINA-075005_0053_FC:3:1:6687:1261#0/1	unmapped				0
ILLUMINA-075005_0053_FC:3:1:6813:1264#0/1	unmapped				0
ILLUMINA-075005_0053_FC:3:1:6995:1267#0/1	unmapped				0
ILLUMINA-075005_0053_FC:3:1:7050:1270#0/1	unmapped				0
ILLUMINA-075005_0053_FC:3:1:7323:1264#0/1	unmapped				0
ILLUMINA-075005_0053_FC:3:1:7524:1262#0/1	unmapped				0
ILLUMINA-075005_0053_FC:3:1:7582:1264#0/1	unmapped				0
ILLUMINA-075005_0053_FC:3:1:7659:1263#0/1	unmapped				0
ILLUMINA-075005_0053_FC:3:1:7732:1267#0/1	unmapped				0
ILLUMINA-075005_0053_FC:3:1:7883:1264#0/1	unmapped				0
ILLUMINA-075005_0053_FC:3:1:8070:1261#0/1	unmapped				0
ILLUMINA-075005_0053_FC:3:1:8187:1268#0/1	unmapped				0
ILLUMINA-075005_0053_FC:3:1:8213:1260#0/1	unmapped				0
ILLUMINA-075005_0053_FC:3:1:8635:1264#0/1	unmapped				0
ILLUMINA-075005_0053_FC:3:1:8676:1262#0/1	unique	5221291	+	1	1
ILLUMINA-075005_0053_FC:3:1:8892:1261#0/1	unmapped				0
ILLUMINA-075005_0053_FC:3:1:9035:1261#0/1	unmapped				0
ILLUMINA-075005_0053_FC:3:1:9065:1264#0/1	unique	12063705	+	2	1
ILLUMINA-075005_0053_FC:3:1:9088:1260#0/1	unmapped				0
ILLUMINA-075005_0053_FC:3:1:9387:1265#0/1	unmapped				0
ILLUMINA-075005_0053_FC:3:1:9507:1263#0/1	unmapped				0
ILLUMINA-075005_0053_FC:3:1:10193:1266#0/1	unmapped				0
ILLUMINA-075005_0053_FC:3:1:10318:1270#0/1	unmapped				0
ILLUMINA-075005_0053_FC:3:1:10522:1262#0/1	unmapped				0
ILLUMINA-075005_0053_FC:3:1:10875:1269#0/1	unmapped				0
ILLUMINA-075005_0053_FC:3:1:11020:1261#0/1	unmapped				0
ILLUMINA-075005_0053_FC:3:1:11115:1265#0/1	unmapped				0
ILLUMINA-075005_0053_FC:3:1:11193:1266#0/1	unique	13921098	+	0	1
ILLUMINA-075005_0053_FC:3:1:11522:1268#0/1	unmapped				0
ILLUMINA-075005_0053_FC:3:1:11551:1261#0/1	unique	9968382	-	0	1
ILLUMINA-075005_0053_FC:3:1:11646:1268#0/1	unmapped				0
ILLUMINA-075005_0053_FC:3:1:11733:1268#0/1	unmapped				0
ILLUMINA-075005_0053_FC:3:1:11756:1264#0/1	unmapped				0
ILLUMINA-075005_0053_FC:3:1:11896:1261#0/1	unmapped				0
ILLUMINA-075005_0053_FC:3:1:12004:1260#0/1	unmapped				0
ILLUMINA-075005_0053_FC:3:1:12080:1266#0/1	unmapped				0
ILLUMINA-075005_0053_FC:3:1:12261:1269#0/1	unmapped				0
ILLUMINA-075005_0053_FC:3:1:12542:1270#0/1	unmapped				0
ILLUMINA-075005_0053_FC:3:1:12665:1265#0/1	unmapped				0
ILLUMINA-075005_0053_FC:3:1:12712:1260#0/1	unmapped				0
ILLUMINA-075005_0053_FC:3:1:13017:1260#0/1	unique	10771111	-	0	1
ILLUMINA-075005_0053_FC:3:1:13244:1261#0/1	unmapped				0
ILLUMINA-075005_0053_FC:3:1:13473:1268#0/1	unique	3036640	+	0	1
ILLUMINA-075005_0053_FC:3:1:13762:1265#0/1	unmapped				0
ILLUMINA-075005_0053_FC:3:1:13875:1268#0/1	unmapped				0
ILLUMINA-075005_0053_FC:3:1:13959:1267#0/1	unmapped				0
ILLUMINA-075005_0053_FC:3:1:14308:1260#0/1	unmapped				0
ILLUMINA-075005_0053_FC:3:1:15023:1259#0/1	unmapped				0
ILLUMINA-075005_0053_FC:3:1:15212:1264#0/1	unmapped				0
ILLUMINA-075005_0053_FC:3:1:15311:1260#0/1	unmapped				0
ILLUMINA-075005_0053_FC:3:1:15409:1266#0/1	unmapped				0
ILLUMINA-075005_0053_FC:3:1:15665:1262#0/1	unique	16786560	-	0	1
ILLUMINA-075005_0053_FC:3:1:15742:1266#0/1	unmapped				0
ILLUMINA-075005_0053_FC:3:1:15844:1259#0/1	unmapped				0
ILLUMINA-075005_0053_FC:3:1:15940:1259#0/1	unmapped				0
ILLUMINA-075005_0053_FC:3:1:15956:1270#0/1	unmapped				0
ILLUMINA-075005_0053_FC:3:1:16071:1262#0/1	unmapped				0
ILLUMINA-075005_0053_FC:3:1:16690:1259#0/1	unmapped				0
ILLUMINA-075005_0053_FC:3:1:16742:1266#0/1	unmapped				0
ILLUMINA-075005_0053_FC:3:1:17115:1265#0/1	unmapped				0
ILLUMINA-075005_0053_FC:3:1:17431:1268#0/1	unmapped				0
ILLUMINA-075005_0053_FC:3:1:17781:1268#0/1	unmapped				0
ILLUMINA-075005_0053_FC:3:1:18325:1268#0/1	unmapped				0
ILLUMINA-075005_0053_FC:3:1:18342:1264#0/1	unmapped				0
ILLUMINA-075005_0053_FC:3:1:18469:1263#0/1	unmapped				0
ILLUMINA-075005_0053_FC:3:1:18679:1261#0/1	unique	900634	-	0	1
ILLUMINA-075005_0053_FC:3:1:18874:1270#0/1	unmapped				0
ILLUMINA-075005_0053_FC:3:1:18897:1270#0/1	unmapped				0
ILLUMINA-075005_0053_FC:3:1:19353:1269#0/1	unmapped				0
ILLUMINA-075005_0053_FC:3:1:19412:1264#0/1	unmapped				0
ILLUMINA-075005_0053_FC:3:1:19463:1270#0/1	unique	18530444	-	1	1
ILLUMINA-075005_0053_FC:3:1:19670:1265#0/1	unmapped				0
ILLUMINA-075005_0053_FC:3:1:19698:1266#0/1	unique	8119783	+	2	1
ILLUMINA-075005_0053_FC:3:1:19726:1261#0/1	unique	5205396	-	0	1
ILLUMINA-075005_0053_FC:3:1:19782:1270#0/1	unmapped				0
ILLUMINA-075005_0053_FC:3:1:1229:1273#0/1	unmapped				0
ILLUMINA-075005_0053_FC:3:1:1749:1281#0/1	unmapped				0
ILLUMINA-075005_0053_FC:3:1:2143:1281#0/1	unmapped				0
ILLUMINA-075005_0053_FC:3:1:2268:1277#0/1	unmapped				0
ILLUMINA-075005_0053_FC:3:1:2322:1280#0/1	unmapped				0
ILLUMINA-075005_0053_FC:3:1:2595:1280#0/1	unique	20386734	+	0	1
ILLUMINA-075005_0053_FC:3:1:3167:1276#0/1	unique	5071741	-	1	1
ILLUMINA-075005_0053_FC:3:1:3187:1271#0/1	unique	13370673	+	0	1
ILLUMINA-075005_0053_FC:3:1:3349:1279#0/1	unmapped				0
ILLUMINA-075005_0053_FC:3:1:3573:1281#0/1	unmapped				0
ILLUMINA-075005_0053_FC:3:1:3670:1273#0/1	unique	13922245	+	0	1
ILLUMINA-075005_0053_FC:3:1:3720:1279#0/1	unmapped				0
ILLUMINA-075005_0053_FC:3:1:3860:1278#0/1	unique	9896308	+	1	1
ILLUMINA-075005_0053_FC:3:1:4057:1278#0/1	unmapped				0
ILLUMINA-075005_0053_FC:3:1:4262:1279#0/1	unmapped				0
ILLUMINA-075005_0053_FC:3:1:5061:1282#0/1	unmapped				0
ILLUMINA-075005_0053_FC:3:1:5250:1272#0/1	unmapped				0
ILLUMINA-075005_0053_FC:3:1:5333:1278#0/1	unmapped				0
ILLUMINA-075005_0053_FC:3:1:5504:1279#0/1	unmapped				0
ILLUMINA-075005_0053_FC:3:1:5537:1277#0/1	unmapped				0
ILLUMINA-075005_0053_FC:3:1:5607:1279#0/1	unmapped				0
ILLUMINA-075005_0053_FC:3:1:5758:1273#0/1	unique	9555419	+	0	1
ILLUMINA-075005_0053_FC:3:1:5911:1271#0/1	unmapped				0
ILLUMINA-075005_0053_FC:3:1:5963:1282#0/1	unmapped				0
ILLUMINA-075005_0053_FC:3:1:6465:1282#0/1	unique	16783198	-	0	1
ILLUMINA-075005_0053_FC:3:1:6818:1282#0/1	multi				20
ILLUMINA-075005_0053_FC:3:1:7036:1282#0/1	unmapped				0
ILLUMINA-075005_0053_FC:3:1:7075:1278#0/1	unmapped				0
ILLUMINA-075005_0053_FC:3:1:7126:1274#0/1	unmapped				0
ILLUMINA-075005_0053_FC:3:1:7398:1271#0/1	unmapped				0
ILLUMINA-075005_0053_FC:3:1:7599:1274#0/1	unmapped				0
ILLUMINA-075005_0053_FC:3:1:7960:1282#0/1	unique	12978009	-	1	1
ILLUMINA-075005_0053_FC:3:1:8053:1275#0/1	unmapped				0
ILLUMINA-075005_0053_FC:3:1:8116:1281#0/1	unmapped				0
ILLUMINA-075005_0053_FC:3:1:8230:1270#0/1	unique	9427482	-	0	1
ILLUMINA-075005_0053_FC:3:1:8603:1279#0/1	unmapped				0
ILLUMINA-075005_0053_FC:3:1:8915:1280#0/1	unique	6934656	+	0	1
ILLUMINA-075005_0053_FC:3:1:9000:1273#0/1	unmapped				0
ILLUMINA-075005_0053_FC:3:1:9161:1274#0/1	unmapped				0
ILLUMINA-075005_0053_FC:3:1:9223:1279#0/1	unique	15036886	-	0	1
ILLUMINA-075005_0053_FC:3:1:9290:1276#0/1	unmapped				0
ILLUMINA-075005_0053_FC:3:1:9552:1273#0/1	unmapped				0
ILLUMINA-075005_0053_FC:3:1:10038:1282#0/1	unmapped				0
ILLUMINA-075005_0053_FC:3:1:10214:1273#0/1	unmapped				0
ILLUMINA-075005_0053_FC:3:1:10254:1273#0/1	unmapped				0
ILLUMINA-075005_0053_FC:3:1:10440:1271#0/1	unmapped				0
ILLUMINA-075005_0053_FC:3:1:10692:1274#0/1	unique	4966380	+	0	1
ILLUMINA-075005_0053_FC:3:1:10766:1280#0/1	unmapped				0
ILLUMINA-075005_0053_FC:3:1:11136:1275#0/1	unmapped				0
ILLUMINA-075005_0053_FC:3:1:11691:1278#0/1	unmapped				0
ILLUMINA-075005_0053_FC:3:1:12060:1271#0/1	unmapped				0
ILLUMINA-075005_0053_FC:3:1:12144:1279#0/1	unmapped				0
ILLUMINA-075005_0053_FC:3:1:12177:1276#0/1	unmapped				0
ILLUMINA-075005_0053_FC:3:1:12410:1274#0/1	unmapped				0
ILLUMINA-075005_0053_FC:3:1:13534:1273#0/1	unmapped				0
ILLUMINA-075005_0053_FC:3:1:13819:1274#0/1	unmapped				0
ILLUMINA-075005_0053_FC:3:1:14145:1271#0/1	unique	21717130	-	1	1
ILLUMINA-075005_0053_FC:3:1:14464:1276#0/1	unmapped				0
ILLUMINA-075005_0053_FC:3:1:14542:1276#0/1	unique	5046230	-	0	1
ILLUMINA-075005_0053_FC:3:1:14707:1271#0/1	unmapped				0
ILLUMINA-075005_0053_FC:3:1:14847:1281#0/1	unmapped				0
ILLUMINA-075005_0053_FC:3:1:15287:1280#0/1	unmapped				0
ILLUMINA-075005_0053_FC:3:1:15442:1282#0/1	unmapped				0
ILLUMINA-075005_0053_FC:3:1:15788:1281#0/1	unmapped				0
ILLUMINA-075005_0053_FC:3:1:16017:1277#0/1	unique	22247150	+	0	1
ILLUMINA-075005_0053_FC:3:1:16105:1278#0/1	unique	6933170	+	1	1
ILLUMINA-075005_0053_FC:3:1:16158:1273#0/1	unmapped				0
ILLUMINA-075005_0053_FC:3:1:16596:1272#0/1	unmapped				0
ILLUMINA-075005_0053_FC:3:1:16905:1275#0/1	unmapped				0
ILLUMINA-075005_0053_FC:3:1:17146:1271#0/1	unmapped				0
ILLUMINA-075005_0053_FC:3:1:17173:1273#0/1	unmapped				0
ILLUMINA-075005_0053_FC:3:1:17634:1281#0/1	unmapped				0
ILLUMINA-075005_0053_FC:3:1:17694:1281#0/1	unmapped				0
ILLUMINA-075005_0053_FC:3:1:18133:1275#0/1	unique	13920796	+	0	1
ILLUMINA-075005_0053_FC:3:1:18239:1279#0/1	unmapped				0
ILLUMINA-075005_0053_FC:3:1:18274:1280#0/1	unmapped				0
ILLUMINA-075005_0053_FC:3:1:18916:1279#0/1	unmapped				0
ILLUMINA-075005_0053_FC:3:1:18986:1276#0/1	unmapped				0
ILLUMINA-075005_0053_FC:3:1:19175:1274#0/1	unmapped				0
ILLUMINA-075005_0053_FC:3:1:19512:1280#0/1	unmapped				0
ILLUMINA-075005_0053_FC:3:1:1724:1292#0/1	unmapped				0
ILLUMINA-075005_0053_FC:3:1:1853:1285#0/1	unmapped				0
ILLUMINA-075005_0053_FC:3:1:2004:1293#0/1	unmapped				0
ILLUMINA-075005_0053_FC:3:1:2230:1287#0/1	unmapped				0
ILLUMINA-075005_0053_FC:3:1:2309:1293#0/1	unmapped				0
ILLUMINA-075005_0053_FC:3:1:2732:1283#0/1	unmapped				0
ILLUMINA-075005_0053_FC:3:1:2829:1291#0/1	unmapped				0
ILLUMINA-075005_0053_FC:3:1:2916:1293#0/1	unmapped				0
ILLUMINA-075005_0053_FC:3:1:3550:1286#0/1	unmapped				0
ILLUMINA-075005_0053_FC:3:1:4914:1293#0/1	unmapped				0
ILLUMINA-075005_0053_FC:3:1:5150:1287#0/1	unmapped				0
ILLUMINA-075005_0053_FC:3:1:5174:1289#0/1	unmapped				0
ILLUMINA-075005_0053_FC:3:1:5245:1292#0/1	unmapped				0
ILLUMINA-075005_0053_FC:3:1:5727:1294#0/1	unmapped				0
ILLUMINA-075005_0053_FC:3:1:5787:1290#0/1	unique	22247149	+	1	1
ILLUMINA-075005_0053_FC:3:1:5895:1286#0/1	unique	8997970	-	2	1
ILLUMINA-075005_0053_FC:3:1:6082:1291#0/1	unmapped				0
ILLUMINA-075005_0053_FC:3:1:6407:1291#0/1	unmapped				0
ILLUMINA-075005_0053_FC:3:1:6442:1293#0/1	unmapped				0
ILLUMINA-075005_0053_FC:3:1:6580:1289#0/1	unmapped				0
ILLUMINA-075005_0053_FC:3:1:6709:1287#0/1	unmapped				0
ILLUMINA-075005_0053_FC:3:1:6735:1282#0/1	unmapped				0
ILLUMINA-075005_0053_FC:3:1:6758:1290#0/1	unique	13945258	+	1	1
ILLUMINA-075005_0053_FC:3:1:7172:1288#0/1	unmapped				0
ILLUMINA-075005_0053_FC:3:1:7750:1289#0/1	unique	16785699	-	1	1
ILLUMINA-075005_0053_FC:3:1:7939:1283#0/1	unique	4944622	+	0	1
ILLUMINA-075005_0053_FC:3:1:8139:1288#0/1	unique	1984952	+	1	1
ILLUMINA-075005_0053_FC:3:1:8210:1292#0/1	unmapped				0
ILLUMINA-075005_0053_FC:3:1:8355:1288#0/1	unmapped				0
ILLUMINA-075005_0053_FC:3:1:8698:1284#0/1	unmapped				0
ILLUMINA-075005_0053_FC:3:1:8990:1293#0/1	unmapped				0
ILLUMINA-075005_0053_FC:3:1:9023:1293#0/1	unmapped				0
ILLUMINA-075005_0053_FC:3:1:9133:1284#0/1	unmapped				0
ILLUMINA-075005_0053_FC:3:1:9171:1289#0/1	unmapped				0
ILLUMINA-075005_0053_FC:3:1:9404:1291#0/1	unmapped				0
ILLUMINA-075005_0053_FC:3:1:9475:1292#0/1	unmapped				0
ILLUMINA-075005_0053_FC:3:1:10016:1290#0/1	unique	13922245	+	0	1
ILLUMINA-075005_0053_FC:3:1:10097:1290#0/1	unmapped				0
ILLUMINA-075005_0053_FC:3:1:10283:1291#0/1	unmapped				0
ILLUMINA-075005_0053_FC:3:1:10326:1288#0/1	unmapped				0
ILLUMINA-075005_0053_FC:3:1:10983:1283#0/1	unmapped				0
ILLUMINA-075005_0053_FC:3:1:11115:1286#0/1	unmapped				0
ILLUMINA-075005_0053_FC:3:1:11351:1293#0/1	unmapped				0
ILLUMINA-075005_0053_FC:3:1:11445:1294#0/1	unique	7744042	+	0	1
ILLUMINA-075005_0053_FC:3:1:11466:1289#0/1	unmapped				0
ILLUMINA-075005_0053_FC:3:1:11586:1292#0/1	unique	13921629	+	1	1
ILLUMINA-075005_0053_FC:3:1:11601:1283#0/1	unique	13921629	+	1	1
ILLUMINA-075005_0053_FC:3:1:11672:1288#0/1	unmapped				0
ILLUMINA-075005_0053_FC:3:1:11934:1284#0/1	unmapped				0
ILLUMINA-075005_0053_FC:3:1:12278:1290#0/1	unmapped				0
ILLUMINA-075005_0053_FC:3:1:12495:1283#0/1	unique	16777022	-	0	1
ILLUMINA-075005_0053_FC:3:1:12612:1291#0/1	unmapped				0
ILLUMINA-075005_0053_FC:3:1:12739:1289#0/1	unmapped				0
ILLUMINA-075005_0053_FC:3:1:13243:1292#0/1	unmapped				0
ILLUMINA-075005_0053_FC:3:1:13303:1288#0/1	unmapped				0
ILLUMINA-075005_0053_FC:3:1:13553:1293#0/1	unmapped				0
ILLUMINA-075005_0053_FC:3:1:13607:1291#0/1	unique	9574229	+	0	1
ILLUMINA-075005_0053_FC:3:1:13748:1287#0/1	unmapped				0
ILLUMINA-075005_0053_FC:3:1:13844:1287#0/1	unmapped				0
ILLUMINA-075005_0053_FC:3:1:13870:1285#0/1	unmapped				0
ILLUMINA-075005_0053_FC:3:1:13992:1282#0/1	unique	9968348	-	0	1
ILLUMINA-075005_0053_FC:3:1:14073:1290#0/1	unmapped				0
ILLUMINA-075005_0053_FC:3:1:14108:1291#0/1	unmapped				0
ILLUMINA-075005_0053_FC:3:1:14305:1284#0/1	unmapped				0
ILLUMINA-075005_0053_FC:3:1:14428:1286#0/1	unique	6047625	+	0	1
ILLUMINA-075005_0053_FC:3:1:14502:1292#0/1	unmapped				0
ILLUMINA-075005_0053_FC:3:1:14672:1287#0/1	unmapped				0
ILLUMINA-075005_0053_FC:3:1:15162:1290#0/1	unmapped				0
ILLUMINA-075005_0053_FC:3:1:15402:1283#0/1	unmapped				0
ILLUMINA-075005_0053_FC:3:1:15486:1291#0/1	unmapped				0
ILLUMINA-075005_0053_FC:3:1:15532:1289#0/1	unmapped				0
ILLUMINA-075005_0053_FC:3:1:15560:1285#0/1	unmapped				0
ILLUMINA-075005_0053_FC:3:1:15822:1283#0/1	unmapped				0
ILLUMINA-075005_0053_FC:3:1:16280:1292#0/1	unmapped				0
ILLUMINA-075005_0053_FC:3:1:16305:1287#0/1	unmapped				0
ILLUMINA-075005_0053_FC:3:1:16490:1286#0/1	unmapped				0
ILLUMINA-075005_0053_FC:3:1:16852:1284#0/1	unmapped				0
ILLUMINA-075005_0053_FC:3:1:16875:1294#0/1	unmapped				0
ILLUMINA-075005_0053_FC:3:1:16992:1293#0/1	unmapped				0
ILLUMINA-075005_0053_FC:3:1:17088:1285#0/1	unmapped				0
ILLUMINA-075005_0053_FC:3:1:17173:1291#0/1	unmapped				0
ILLUMINA-075005_0053_FC:3:1:17667:1285#0/1	unmapped				0
ILLUMINA-075005_0053_FC:3:1:18347:1285#0/1	unmapped				0
ILLUMINA-075005_0053_FC:3:1:18420:1286#0/1	unmapped				0
ILLUMINA-075005_0053_FC:3:1:18682:1284#0/1	unmapped				0
ILLUMINA-075005_0053_FC:3:1:18772:1288#0/1	unmapped				0
ILLUMINA-075005_0053_FC:3:1:18862:1288#0/1	unmapped				0
ILLUMINA-075005_0053_FC:3:1:18965:1291#0/1	unmapped				0
ILLUMINA-075005_0053_FC:3:1:19538:1290#0/1	unmapped				0
ILLUMINA-075005_0053_FC:3:1:19766:1287#0/1	unmapped				0
ILLUMINA-075005_0053_FC:3:1:1106:1297#0/1	unmapped				0
ILLUMINA-075005_0053_FC:3:1:1600:1302#0/1	unmapped				0
ILLUMINA-075005_0053_FC:3:1:1764:1299#0/1	unmapped				0
ILLUMINA-075005_0053_FC:3:1:1822:1299#0/1	unmapped				0
ILLUMINA-075005_0053_FC:3:1:2134:1298#0/1	unmapped				0
ILLUMINA-075005_0053_FC:3:1:2282:1302#0/1	unmapped				0
ILLUMINA-075005_0053_FC:3:1:2328:1300#0/1	unmapped				0
ILLUMINA-075005_0053_FC:3:1:2764:1300#0/1	unique	13933502	+	0	1
ILLUMINA-075005_0053_FC:3:1:2806:1294#0/1	unmapped				0
ILLUMINA-075005_0053_FC:3:1:2858:1303#0/1	unmapped				0
ILLUMINA-075005_0053_FC:3:1:3071:1304#0/1	unmapped				0
ILLUMINA-075005_0053_FC:3:1:3200:1297#0/1	unmapped				0
ILLUMINA-075005_0053_FC:3:1:3222:1303#0/1	unique	4228365	-	0	1
ILLUMINA-075005_0053_FC:3:1:3514:1300#0/1	unmapped				0
ILLUMINA-075005_0053_FC:3:1:3633:1297#0/1	unique	11003608	+	1	1
ILLUMINA-075005_0053_FC:3:1:3659:1302#0/1	unmapped				0
ILLUMINA-075005_0053_FC:3:1:3684:1294#0/1	unmapped				0
ILLUMINA-075005_0053_FC:3:1:4122:1305#0/1	unmapped				0
ILLUMINA-075005_0053_FC:3:1:4278:1295#0/1	unmapped				0
ILLUMINA-075005_0053_FC:3:1:4356:1298#0/1	unmapped				0
ILLUMINA-075005_0053_FC:3:1:4464:1296#0/1	unmapped				0
ILLUMINA-075005_0053_FC:3:1:4655:1299#0/1	unmapped				0
ILLUMINA-075005_0053_FC:3:1:4888:1303#0/1	unmapped				0
ILLUMINA-075005_0053_FC:3:1:4953:1301#0/1	unmapped				0
ILLUMINA-075005_0053_FC:3:1:5277:1305#0/1	unmapped				0
ILLUMINA-075005_0053_FC:3:1:5317:1299#0/1	unmapped				0
ILLUMINA-075005_0053_FC:3:1:5562:1295#0/1	unmapped				0
ILLUMINA-075005_0053_FC:3:1:7400:1300#0/1	unmapped				0
ILLUMINA-075005_0053_FC:3:1:7694:1302#0/1	unmapped				0
ILLUMINA-075005_0053_FC:3:1:7954:1299#0/1	unmapped				0
ILLUMINA-075005_0053_FC:3:1:7992:1299#0/1	unmapped				0
ILLUMINA-075005_0053_FC:3:1:8263:1295#0/1	unmapped				0
ILLUMINA-075005_0053_FC:3:1:8498:1298#0/1	unique	22247253	+	0	1
ILLUMINA-075005_0053_FC:3:1:8654:1296#0/1	unmapped				0
ILLUMINA-075005_0053_FC:3:1:8712:1303#0/1	unmapped				0
ILLUMINA-075005_0053_FC:3:1:9080:1301#0/1	unmapped				0
ILLUMINA-075005_0053_FC:3:1:9106:1297#0/1	unique	11157494	+	2	1
ILLUMINA-075005_0053_FC:3:1:9287:1299#0/1	unmapped				0
ILLUMINA-075005_0053_FC:3:1:9360:1301#0/1	unmapped				0
ILLUMINA-075005_0053_FC:3:1:9543:1300#0/1	unmapped				0
ILLUMINA-075005_0053_FC:3:1:9591:1300#0/1	unmapped				0
ILLUMINA-075005_0053_FC:3:1:9611:1303#0/1	unmapped				0
ILLUMINA-075005_0053_FC:3:1:9729:1303#0/1	unique	9575323	+	2	1
ILLUMINA-075005_0053_FC:3:1:9848:1300#0/1	unmapped				0
ILLUMINA-075005_0053_FC:3:1:9974:1296#0/1	unique	10771058	-	1	1
ILLUMINA-075005_0053_FC:3:1:10146:1301#0/1	unmapped				0
ILLUMINA-075005_0053_FC:3:1:10399:1299#0/1	unmapped				0
ILLUMINA-075005_0053_FC:3:1:10422:1297#0/1	unmapped				0
ILLUMINA-075005_0053_FC:3:1:10485:1297#0/1	unique	561692	+	1	1
ILLUMINA-075005_0053_FC:3:1:10604:1297#0/1	unmapped				0
ILLUMINA-075005_0053_FC:3:1:10648:1300#0/1	unmapped				0
ILLUMINA-075005_0053_FC:3:1:10811:1296#0/1	unmapped				0
ILLUMINA-075005_0053_FC:3:1:11010:1301#0/1	unmapped				0
ILLUMINA-075005_0053_FC:3:1:11099:1299#0/1	unmapped				0
ILLUMINA-075005_0053_FC:3:1:11151:1300#0/1	unique	16785656	-	1	1
ILLUMINA-075005_0053_FC:3:1:11267:1297#0/1	unique	10847396	+	1	1
ILLUMINA-075005_0053_FC:3:1:11291:1302#0/1	unmapped				0
ILLUMINA-075005_0053_FC:3:1:11940:1303#0/1	unmapped				0
ILLUMINA-075005_0053_FC:3:1:12013:1303#0/1	unmapped				0
ILLUMINA-075005_0053_FC:3:1:12038:1304#0/1	unmapped				0
ILLUMINA-075005_0053_FC:3:1:12216:1297#0/1	unmapped				0
ILLUMINA-075005_0053_FC:3:1:12335:1296#0/1	unmapped				0
ILLUMINA-075005_0053_FC:3:1:12423:1300#0/1	unmapped				0
ILLUMINA-075005_0053_FC:3:1:12642:1303#0/1	unmapped				0
ILLUMINA-075005_0053_FC:3:1:12915:1302#0/1	unmapped				0
ILLUMINA-075005_0053_FC:3:1:12951:1300#0/1	unmapped				0
ILLUMINA-075005_0053_FC:3:1:12972:1299#0/1	unmapped				0
ILLUMINA-075005_0053_FC:3:1:13022:1294#0/1	unmapped				0
ILLUMINA-075005_0053_FC:3:1:13232:1306#0/1	unique	561170	+	0	1
ILLUMINA-075005_0053_FC:3:1:13516:1300#0/1	unmapped				0
ILLUMINA-075005_0053_FC:3:1:13691:1303#0/1	unmapped				0
ILLUMINA-075005_0053_FC:3:1:14365:1298#0/1	unmapped				0
ILLUMINA-075005_0053_FC:3:1:14678:1305#0/1	unmapped				0
ILLUMINA-075005_0053_FC:3:1:14783:1302#0/1	unmapped				0
ILLUMINA-075005_0053_FC:3:1:15016:1299#0/1	unmapped				0
ILLUMINA-075005_0053_FC:3:1:15071:1297#0/1	unmapped				0
ILLUMINA-075005_0053_FC:3:1:15344:1300#0/1	unmapped				0
ILLUMINA-075005_0053_FC:3:1:15518:1303#0/1	unique	4966789	+	0	1
ILLUMINA-075005_0053_FC:3:1:15592:1299#0/1	unmapped				0
ILLUMINA-075005_0053_FC:3:1:15643:1295#0/1	unmapped				0
ILLUMINA-075005_0053_FC:3:1:15891:1300#0/1	unmapped				0
ILLUMINA-075005_0053_FC:3:1:16123:1299#0/1	unique	1725776	+	0	1
ILLUMINA-075005_0053_FC:3:1:16334:1300#0/1	unmapped				0
ILLUMINA-075005_0053_FC:3:1:16820:1301#0/1	unmapped				0
ILLUMINA-075005_0053_FC:3:1:17092:1305#0/1	unmapped				0
ILLUMINA-075005_0053_FC:3:1:17143:1302#0/1	unmapped				0
ILLUMINA-075005_0053_FC:3:1:17400:1298#0/1	unmapped				0
ILLUMINA-075005_0053_FC:3:1:17482:1301#0/1	unique	5071677	-	0	1
ILLUMINA-075005_0053_FC:3:1:17501:1303#0/1	unmapped				0
ILLUMINA-075005_0053_FC:3:1:17535:1302#0/1	unmapped				0
ILLUMINA-075005_0053_FC:3:1:17552:1298#0/1	unique	10201833	-	0	1
ILLUMINA-075005_0053_FC:3:1:18061:1301#0/1	unmapped				0
ILLUMINA-075005_0053_FC:3:1:18338:1302#0/1	unmapped				0
ILLUMINA-075005_0053_FC:3:1:18385:1301#0/1	unmapped				0
ILLUMINA-075005_0053_FC:3:1:18443:1299#0/1	unmapped				0
ILLUMINA-075005_0053_FC:3:1:18540:1299#0/1	unmapped				0
ILLUMINA-075005_0053_FC:3:1:18754:1304#0/1	unique	9913246	-	1	1
ILLUMINA-075005_0053_FC:3:1:19029:1297#0/1	unique	9968382	-	0	1
ILLUMINA-075005_0053_FC:3:1:19108:1301#0/1	unmapped				0
ILLUMINA-075005_0053_FC:3:1:19565:1296#0/1	unmapped				0
ILLUMINA-075005_0053_FC:3:1:19598:1303#0/1	unmapped				0
ILLUMINA-075005_0053_FC:3:1:19675:1304#0/1	unmapped				0
ILLUMINA-075005_0053_FC:3:1:1029:1314#0/1	unmapped				0
ILLUMINA-075005_0053_FC:3:1:1555:1312#0/1	unmapped				0
ILLUMINA-075005_0053_FC:3:1:1584:1316#0/1	unmapped				0
ILLUMINA-075005_0053_FC:3:1:1637:1310#0/1	unique	5985461	-	1	1
ILLUMINA-075005_0053_FC:3:1:1685:1309#0/1	unmapped				0
ILLUMINA-075005_0053_FC:3:1:2544:1306#0/1	unique	21678928	+	0	1
ILLUMINA-075005_0053_FC:3:1:3392:1309#0/1	unmapped				0
ILLUMINA-075005_0053_FC:3:1:3646:1317#0/1	unmapped				0
ILLUMINA-075005_0053_FC:3:1:3828:1307#0/1	unmapped				0
ILLUMINA-075005_0053_FC:3:1:4087:1308#0/1	unique	21171992	-	0	1
ILLUMINA-075005_0053_FC:3:1:4158:1317#0/1	unmapped				0
ILLUMINA-075005_0053_FC:3:1:4255:1317#0/1	unmapped				0
ILLUMINA-075005_0053_FC:3:1:4477:1311#0/1	unmapped				0
ILLUMINA-075005_0053_FC:3:1:4547:1310#0/1	unique	14166334	+	0	1
ILLUMINA-075005_0053_FC:3:1:4690:1306#0/1	unique	16780720	-	0	1
ILLUMINA-075005_0053_FC:3:1:4765:1312#0/1	unmapped				0
ILLUMINA-075005_0053_FC:3:1:4793:1312#0/1	unmapped				0
ILLUMINA-075005_0053_FC:3:1:5083:1313#0/1	unmapped				0
ILLUMINA-075005_0053_FC:3:1:5202:1316#0/1	unmapped				0
ILLUMINA-075005_0053_FC:3:1:5456:1313#0/1	unmapped				0
ILLUMINA-075005_0053_FC:3:1:5535:1311#0/1	unmapped				0
